ID,作品中文常用名,Original_or_English_Title,作者中文名,Author,国家_文学传统,原始语言,首次成书_出版时间,时代,体裁,主题_类型标签,Canon_Level,Academic_Canon,Global_Influence,Traditional_Recognition,经典化理由,方法学依据,建议阅读优先级,个人状态,方法学参考来源URL
CANON-196,贝克特三部曲,Molloy; Malone Dies; The Unnamable,塞缪尔·贝克特,Samuel Beckett,爱尔兰/法国,法语,1951—1953,20世纪,小说三部曲,荒诞;语言;主体;现代主义,Core,高,高,高,战后现代主义与荒诞文学的核心小说组；进入跨国世界经典书目。,跨文化正典共识；世界文学史长期稳定；跨国经典丛书/学术教学/世界文学书目多源交叉,1,未标记,https://www.theguardian.com/books/2002/may/09/news.features11; https://www.penguin.co.uk/penguin-classics/classics-list; https://academic.oup.com/products-for-institutions/pages/purchase-oxford-worlds-classics; https://pll.harvard.edu/course/masterpieces-of-world-literature
CANON-197,保罗·策兰诗选,Selected Poems / Poems,保罗·策兰,Paul Celan,中欧/德语文学,德语,1948—1970,20世纪,诗歌,大屠杀;记忆;语言;创伤,Major,高,中-高,中-高,二战后德语诗歌最重要的声音之一，对现代诗学与记忆书写影响深远。,国家或时期核心正典；经典丛书与文学史长期稳定；具显著跨文化影响,2,未标记,https://www.theguardian.com/books/2002/may/09/news.features11; https://www.penguin.co.uk/penguin-classics/classics-list; https://academic.oup.com/products-for-institutions/pages/purchase-oxford-worlds-classics; https://pll.harvard.edu/course/masterpieces-of-world-literature
CANON-198,茫茫黑夜漫游,Voyage au bout de la nuit / Journey to the End of the Night,路易-费迪南·塞利纳,Louis-Ferdinand Céline,法国,法语,1932,20世纪,长篇小说,战争;都市;虚无;口语革新,Major,高,中-高,中-高,20世纪法语小说语言革新的标志性作品；文学影响与争议并存。,国家或时期核心正典；经典丛书与文学史长期稳定；具显著跨文化影响,2,未标记,https://www.theguardian.com/books/2002/may/09/news.features11; https://www.penguin.co.uk/penguin-classics/classics-list; https://academic.oup.com/products-for-institutions/pages/purchase-oxford-worlds-classics; https://pll.harvard.edu/course/masterpieces-of-world-literature
CANON-199,诺斯托罗莫,Nostromo,约瑟夫·康拉德,Joseph Conrad,英国/波兰裔,英语,1904,20世纪初,长篇小说,帝国;资本;革命;殖民,Major,高,中-高,中-高,帝国主义、资本与拉美政治想象的现代主义经典。,国家或时期核心正典；经典丛书与文学史长期稳定；具显著跨文化影响,2,未标记,https://www.theguardian.com/books/2002/may/09/news.features11; https://www.penguin.co.uk/penguin-classics/classics-list; https://academic.oup.com/products-for-institutions/pages/purchase-oxford-worlds-classics; https://pll.harvard.edu/course/masterpieces-of-world-literature
CANON-200,宿命论者雅克和他的主人,Jacques le fataliste et son maître / Jacques the Fatalist and His Master,德尼·狄德罗,Denis Diderot,法国,法语,1796,18世纪,长篇小说,元小说;自由意志;叙事游戏;启蒙,Major,高,中-高,中-高,启蒙时期最重要的实验小说之一，是后世元小说传统的重要先声。,国家或时期核心正典；经典丛书与文学史长期稳定；具显著跨文化影响,2,未标记,https://www.theguardian.com/books/2002/may/09/news.features11; https://www.penguin.co.uk/penguin-classics/classics-list; https://academic.oup.com/products-for-institutions/pages/purchase-oxford-worlds-classics; https://pll.harvard.edu/course/masterpieces-of-world-literature
CANON-201,押沙龙，押沙龙！,"Absalom, Absalom!",威廉·福克纳,William Faulkner,美国,英语,1936,20世纪,长篇小说,南方;历史;家族;多重叙事,Major,高,中-高,中-高,福克纳最高成就之一，以复杂视角重构美国南方历史与记忆。,国家或时期核心正典；经典丛书与文学史长期稳定；具显著跨文化影响,2,未标记,https://www.theguardian.com/books/2002/may/09/news.features11; https://www.penguin.co.uk/penguin-classics/classics-list; https://academic.oup.com/products-for-institutions/pages/purchase-oxford-worlds-classics; https://pll.harvard.edu/course/masterpieces-of-world-literature
CANON-202,吉普赛谣曲,Romancero gitano / Gypsy Ballads,费德里科·加西亚·洛尔卡,Federico García Lorca,西班牙,西班牙语,1928,20世纪,诗集,安达卢西亚;吉普赛;死亡;象征,Major,高,中-高,中-高,20世纪西班牙语诗歌最具国际影响力的诗集之一。,国家或时期核心正典；经典丛书与文学史长期稳定；具显著跨文化影响,2,未标记,https://www.theguardian.com/books/2002/may/09/news.features11; https://www.penguin.co.uk/penguin-classics/classics-list; https://academic.oup.com/products-for-institutions/pages/purchase-oxford-worlds-classics; https://pll.harvard.edu/course/masterpieces-of-world-literature
CANON-203,广阔的腹地：条条水廊,Grande Sertão: Veredas,若昂·吉马良斯·罗萨,João Guimarães Rosa,巴西,葡萄牙语,1956,20世纪,长篇小说,腹地;暴力;语言实验;命运,Core,高,高,高,巴西现代文学最高正典之一，语言创新与叙事实验使其进入世界文学核心书目。,跨文化正典共识；世界文学史长期稳定；跨国经典丛书/学术教学/世界文学书目多源交叉,1,未标记,https://www.theguardian.com/books/2002/may/09/news.features11; https://www.penguin.co.uk/penguin-classics/classics-list; https://academic.oup.com/products-for-institutions/pages/purchase-oxford-worlds-classics; https://pll.harvard.edu/course/masterpieces-of-world-literature
CANON-204,山音,Yama no Oto / The Sound of the Mountain,川端康成,Yasunari Kawabata,日本,日语,1949—1954,20世纪,长篇小说,衰老;家庭;自然;无常,Major,高,中-高,中-高,川端成熟期代表作，日本战后文学与审美传统的重要经典。,国家或时期核心正典；经典丛书与文学史长期稳定；具显著跨文化影响,2,未标记,https://www.theguardian.com/books/2002/may/09/news.features11; https://www.penguin.co.uk/penguin-classics/classics-list; https://academic.oup.com/products-for-institutions/pages/purchase-oxford-worlds-classics; https://pll.harvard.edu/course/masterpieces-of-world-literature
CANON-205,独立的人们,Sjálfstætt fólk / Independent People,哈尔多尔·拉克斯内斯,Halldór Laxness,冰岛,冰岛语,1934—1935,20世纪,长篇小说,贫困;土地;独立;现代化,Major,高,中-高,中-高,冰岛现代文学的国际代表作，连接民族经验与现代小说传统。,国家或时期核心正典；经典丛书与文学史长期稳定；具显著跨文化影响,2,未标记,https://www.theguardian.com/books/2002/may/09/news.features11; https://www.penguin.co.uk/penguin-classics/classics-list; https://academic.oup.com/products-for-institutions/pages/purchase-oxford-worlds-classics; https://pll.harvard.edu/course/masterpieces-of-world-literature
CANON-206,莱奥帕尔迪诗选,Canti,贾科莫·莱奥帕尔迪,Giacomo Leopardi,意大利,意大利语,1818—1835,19世纪,诗集,孤独;自然;时间;悲观主义,Major,高,中-高,中-高,意大利19世纪最重要的抒情诗成就之一，对欧洲现代诗具有持久影响。,国家或时期核心正典；经典丛书与文学史长期稳定；具显著跨文化影响,2,未标记,https://www.theguardian.com/books/2002/may/09/news.features11; https://www.penguin.co.uk/penguin-classics/classics-list; https://academic.oup.com/products-for-institutions/pages/purchase-oxford-worlds-classics; https://pll.harvard.edu/course/masterpieces-of-world-literature
CANON-207,金色笔记,The Golden Notebook,多丽丝·莱辛,Doris Lessing,英国/南部非洲经验,英语,1962,20世纪,长篇小说,女性;政治;心理;形式实验,Major,高,中-高,中-高,战后英语女性主义与实验小说的重要里程碑。,国家或时期核心正典；经典丛书与文学史长期稳定；具显著跨文化影响,2,未标记,https://www.theguardian.com/books/2002/may/09/news.features11; https://www.penguin.co.uk/penguin-classics/classics-list; https://academic.oup.com/products-for-institutions/pages/purchase-oxford-worlds-classics; https://pll.harvard.edu/course/masterpieces-of-world-literature
CANON-208,我们街区的孩子们,Awlād ḥāratinā / Children of Gebelawi,纳吉布·马哈福兹,Naguib Mahfouz,埃及/阿拉伯语文学,阿拉伯语,1959,20世纪,长篇小说,宗教寓言;权力;社会;现代性,Major,高,中-高,中-高,现代阿拉伯小说最重要的寓言性作品之一，具有广泛跨文化影响。,国家或时期核心正典；经典丛书与文学史长期稳定；具显著跨文化影响,2,未标记,https://www.theguardian.com/books/2002/may/09/news.features11; https://www.penguin.co.uk/penguin-classics/classics-list; https://academic.oup.com/products-for-institutions/pages/purchase-oxford-worlds-classics; https://pll.harvard.edu/course/masterpieces-of-world-literature
CANON-209,蒙田随笔,Essais / Essays,米歇尔·德·蒙田,Michel de Montaigne,法国,法语,1580—1588,文艺复兴,随笔,自我;怀疑;伦理;人文主义,Core,高,高,高,现代随笔文体的奠基性文本之一，对欧洲思想与文学写作影响深远。,跨文化正典共识；世界文学史长期稳定；跨国经典丛书/学术教学/世界文学书目多源交叉,1,未标记,https://www.theguardian.com/books/2002/may/09/news.features11; https://www.penguin.co.uk/penguin-classics/classics-list; https://academic.oup.com/products-for-institutions/pages/purchase-oxford-worlds-classics; https://pll.harvard.edu/course/masterpieces-of-world-literature
CANON-210,历史,La Storia / History,埃尔莎·莫兰特,Elsa Morante,意大利,意大利语,1974,20世纪,长篇小说,战争;平民;母子;法西斯主义,Major,高,中-高,中-高,意大利战后文学的重要经典，以普通人视角重写战争与历史。,国家或时期核心正典；经典丛书与文学史长期稳定；具显著跨文化影响,2,未标记,https://www.theguardian.com/books/2002/may/09/news.features11; https://www.penguin.co.uk/penguin-classics/classics-list; https://academic.oup.com/products-for-institutions/pages/purchase-oxford-worlds-classics; https://pll.harvard.edu/course/masterpieces-of-world-literature
CANON-211,爱伦·坡短篇小说全集,Tales / Complete Tales,埃德加·爱伦·坡,Edgar Allan Poe,美国,英语,1832—1849,19世纪,短篇小说集,哥特;推理;恐怖;心理,Core,高,高,高,现代短篇小说、侦探小说与恐怖文学的共同源头之一。,跨文化正典共识；世界文学史长期稳定；跨国经典丛书/学术教学/世界文学书目多源交叉,1,未标记,https://www.theguardian.com/books/2002/may/09/news.features11; https://www.penguin.co.uk/penguin-classics/classics-list; https://academic.oup.com/products-for-institutions/pages/purchase-oxford-worlds-classics; https://pll.harvard.edu/course/masterpieces-of-world-literature
CANON-212,巨人传,Gargantua et Pantagruel / Gargantua and Pantagruel,弗朗索瓦·拉伯雷,François Rabelais,法国,法语,1532—1564,文艺复兴,小说组,讽刺;身体;教育;人文主义,Core,高,高,高,欧洲文艺复兴叙事与狂欢化传统的基础经典。,跨文化正典共识；世界文学史长期稳定；跨国经典丛书/学术教学/世界文学书目多源交叉,1,未标记,https://www.theguardian.com/books/2002/may/09/news.features11; https://www.penguin.co.uk/penguin-classics/classics-list; https://academic.oup.com/products-for-institutions/pages/purchase-oxford-worlds-classics; https://pll.harvard.edu/course/masterpieces-of-world-literature
CANON-213,玛斯纳维,Masnavi-ye Ma'navi / The Masnavi,鲁米,Rumi (Jalal al-Din Muhammad Balkhi),波斯语文学,波斯语,约1258—1273,中世纪,长篇诗作,苏菲主义;爱;灵性;寓言,Core,高,高,高,波斯苏菲文学与世界宗教诗歌最重要的经典之一。,跨文化正典共识；世界文学史长期稳定；跨国经典丛书/学术教学/世界文学书目多源交叉,1,未标记,https://www.theguardian.com/books/2002/may/09/news.features11; https://www.penguin.co.uk/penguin-classics/classics-list; https://academic.oup.com/products-for-institutions/pages/purchase-oxford-worlds-classics; https://pll.harvard.edu/course/masterpieces-of-world-literature
CANON-214,果园,Būstān / The Bustan,萨迪,Saadi,波斯,波斯语,1257,中世纪,教诲诗,伦理;社会;智慧;苏菲主义,Major,高,中-高,中-高,波斯古典文学核心文本，与《蔷薇园》共同奠定萨迪的世界经典地位。,国家或时期核心正典；经典丛书与文学史长期稳定；具显著跨文化影响,2,未标记,https://www.theguardian.com/books/2002/may/09/news.features11; https://www.penguin.co.uk/penguin-classics/classics-list; https://academic.oup.com/products-for-institutions/pages/purchase-oxford-worlds-classics; https://pll.harvard.edu/course/masterpieces-of-world-literature
CANON-215,泽诺的意识,La coscienza di Zeno / Zeno's Conscience,伊塔洛·斯韦沃,Italo Svevo,意大利,意大利语,1923,20世纪,长篇小说,精神分析;自欺;现代性;疾病,Major,高,中-高,中-高,意大利现代主义小说核心文本，以不可靠自述重塑心理小说。,国家或时期核心正典；经典丛书与文学史长期稳定；具显著跨文化影响,2,未标记,https://www.theguardian.com/books/2002/may/09/news.features11; https://www.penguin.co.uk/penguin-classics/classics-list; https://academic.oup.com/products-for-institutions/pages/purchase-oxford-worlds-classics; https://pll.harvard.edu/course/masterpieces-of-world-literature
CANON-216,草叶集,Leaves of Grass,沃尔特·惠特曼,Walt Whitman,美国,英语,1855—1892,19世纪,诗集,民主;身体;自然;自我,Core,高,高,高,现代自由诗与美国诗歌传统的奠基性作品，世界影响持续。,跨文化正典共识；世界文学史长期稳定；跨国经典丛书/学术教学/世界文学书目多源交叉,1,未标记,https://www.theguardian.com/books/2002/may/09/news.features11; https://www.penguin.co.uk/penguin-classics/classics-list; https://academic.oup.com/products-for-institutions/pages/purchase-oxford-worlds-classics; https://pll.harvard.edu/course/masterpieces-of-world-literature
CANON-217,哈德良回忆录,Mémoires d'Hadrien / Memoirs of Hadrian,玛格丽特·尤瑟纳尔,Marguerite Yourcenar,法国/比利时,法语,1951,20世纪,历史小说,帝国;权力;死亡;自省,Major,高,中-高,中-高,20世纪历史小说与第一人称历史想象的经典范本。,国家或时期核心正典；经典丛书与文学史长期稳定；具显著跨文化影响,2,未标记,https://www.theguardian.com/books/2002/may/09/news.features11; https://www.penguin.co.uk/penguin-classics/classics-list; https://academic.oup.com/products-for-institutions/pages/purchase-oxford-worlds-classics; https://pll.harvard.edu/course/masterpieces-of-world-literature
CANON-218,卢济塔尼亚人之歌,Os Lusíadas / The Lusiads,路易斯·德·卡蒙斯,Luís de Camões,葡萄牙,葡萄牙语,1572,文艺复兴,史诗,航海;帝国;民族;神话,Core,高,高,高,葡萄牙语文学的民族史诗，也是早期全球化经验的世界文学核心文本。,跨文化正典共识；世界文学史长期稳定；跨国经典丛书/学术教学/世界文学书目多源交叉,1,未标记,https://www.theguardian.com/books/2002/may/09/news.features11; https://www.penguin.co.uk/penguin-classics/classics-list; https://academic.oup.com/products-for-institutions/pages/purchase-oxford-worlds-classics; https://pll.harvard.edu/course/masterpieces-of-world-literature
CANON-219,约婚夫妇,I Promessi Sposi / The Betrothed,亚历山德罗·曼佐尼,Alessandro Manzoni,意大利,意大利语,1827/1842,19世纪,历史小说,婚姻;瘟疫;宗教;民族,Major,高,中-高,中-高,意大利现代民族文学与现代意大利语形成中的核心小说。,国家或时期核心正典；经典丛书与文学史长期稳定；具显著跨文化影响,2,未标记,https://www.theguardian.com/books/2002/may/09/news.features11; https://www.penguin.co.uk/penguin-classics/classics-list; https://academic.oup.com/products-for-institutions/pages/purchase-oxford-worlds-classics; https://pll.harvard.edu/course/masterpieces-of-world-literature
CANON-220,马亚一家,Os Maias / The Maias,埃萨·德·克罗兹,Eça de Queirós,葡萄牙,葡萄牙语,1888,19世纪,长篇小说,家族;社会;衰败;现实主义,Major,高,中-高,中-高,葡萄牙现实主义小说的最高经典之一。,国家或时期核心正典；经典丛书与文学史长期稳定；具显著跨文化影响,2,未标记,https://www.theguardian.com/books/2002/may/09/news.features11; https://www.penguin.co.uk/penguin-classics/classics-list; https://academic.oup.com/products-for-institutions/pages/purchase-oxford-worlds-classics; https://pll.harvard.edu/course/masterpieces-of-world-literature
CANON-221,金云翘传,Truyện Kiều / The Tale of Kieu,阮攸,Nguyễn Du,越南,越南语（字喃）,约1820,19世纪,叙事诗,爱情;命运;女性;伦理,Major,高,中-高,中-高,越南文学最具代表性的民族经典之一，在东南亚与世界文学研究中地位稳定。,国家或时期核心正典；经典丛书与文学史长期稳定；具显著跨文化影响,2,未标记,https://www.theguardian.com/books/2002/may/09/news.features11; https://www.penguin.co.uk/penguin-classics/classics-list; https://academic.oup.com/products-for-institutions/pages/purchase-oxford-worlds-classics; https://pll.harvard.edu/course/masterpieces-of-world-literature; https://www.loc.gov/item/2021667459/
CANON-222,社会毒瘤（不许犯我）,Noli Me Tangere / Touch Me Not,何塞·黎刹,José Rizal,菲律宾,西班牙语,1887,19世纪,长篇小说,殖民;民族;社会批判;爱情,Major,高,中-高,中-高,菲律宾现代民族文学的奠基性小说，也是亚洲反殖民文学的关键文本。,国家或时期核心正典；经典丛书与文学史长期稳定；具显著跨文化影响,2,未标记,https://www.theguardian.com/books/2002/may/09/news.features11; https://www.penguin.co.uk/penguin-classics/classics-list; https://academic.oup.com/products-for-institutions/pages/purchase-oxford-worlds-classics; https://pll.harvard.edu/course/masterpieces-of-world-literature; https://www.penguin.co.uk/books/62454/noli-me-tangere-by-jose-rizal/9780143039693
CANON-223,人世间,Bumi Manusia / This Earth of Mankind,普拉姆迪亚·阿南达·杜尔,Pramoedya Ananta Toer,印度尼西亚,印度尼西亚语,1980,20世纪,长篇小说,殖民;民族;教育;现代性,Major,高,中-高,中-高,印尼现代文学最重要的小说之一，“布鲁岛四部曲”的起点与核心。,国家或时期核心正典；经典丛书与文学史长期稳定；具显著跨文化影响,2,未标记,https://www.theguardian.com/books/2002/may/09/news.features11; https://www.penguin.co.uk/penguin-classics/classics-list; https://academic.oup.com/products-for-institutions/pages/purchase-oxford-worlds-classics; https://pll.harvard.edu/course/masterpieces-of-world-literature
CANON-224,并非出于仇恨（直译名）,Mon Ywe Ma Hu / Not Out of Hate,玛玛蕾,Ma Ma Lay,缅甸,缅甸语,1955,20世纪,长篇小说,殖民;婚姻;女性;文化冲突,Extended,中-高,中,中,缅甸20世纪女性文学与反殖民小说的重要经典，英语学界长期研究。,区域/类型/时期经典地位稳定；用于补足世界文学版图，不等同于跨文化核心正典,3,未标记,https://www.theguardian.com/books/2002/may/09/news.features11; https://www.penguin.co.uk/penguin-classics/classics-list; https://academic.oup.com/products-for-institutions/pages/purchase-oxford-worlds-classics; https://pll.harvard.edu/course/masterpieces-of-world-literature; https://www.ohioswallow.com/9780896801677/not-out-of-hate/
CANON-225,四朝代（直译名）,Si Phaendin / Four Reigns,克立·巴莫,Kukrit Pramoj,泰国,泰语,1953,20世纪,历史小说,王朝;现代化;家庭;社会变迁,Extended,中-高,中,中,泰国最具影响力的现代历史小说之一，是理解近现代泰国社会变迁的代表文本。,区域/类型/时期经典地位稳定；用于补足世界文学版图，不等同于跨文化核心正典,3,未标记,https://www.theguardian.com/books/2002/may/09/news.features11; https://www.penguin.co.uk/penguin-classics/classics-list; https://academic.oup.com/products-for-institutions/pages/purchase-oxford-worlds-classics; https://pll.harvard.edu/course/masterpieces-of-world-literature
CANON-226,脚镯记,Silappatikaram / The Tale of an Anklet,伊兰戈·阿迪伽尔（传统归属）,Ilango Adigal (trad.),南印度/泰米尔文学,泰米尔语,约5—6世纪,古典时代,史诗,正义;婚姻;城市;女性,Major,高,中-高,中-高,泰米尔古典文学五大史诗中最具代表性的作品之一，补足南亚非梵语经典传统。,国家或时期核心正典；经典丛书与文学史长期稳定；具显著跨文化影响,2,未标记,https://www.theguardian.com/books/2002/may/09/news.features11; https://www.penguin.co.uk/penguin-classics/classics-list; https://academic.oup.com/products-for-institutions/pages/purchase-oxford-worlds-classics; https://pll.harvard.edu/course/masterpieces-of-world-literature
CANON-227,云使,Meghadūta / The Cloud Messenger,迦梨陀娑,Kalidasa,古印度,梵语,约4—5世纪,古代,抒情长诗,爱情;离别;自然;旅行,Major,高,中-高,中-高,梵语抒情诗最著名的经典之一，对南亚诗歌传统影响深远。,国家或时期核心正典；经典丛书与文学史长期稳定；具显著跨文化影响,2,未标记,https://www.theguardian.com/books/2002/may/09/news.features11; https://www.penguin.co.uk/penguin-classics/classics-list; https://academic.oup.com/products-for-institutions/pages/purchase-oxford-worlds-classics; https://pll.harvard.edu/course/masterpieces-of-world-literature
CANON-228,家庭与世界,Ghare-Baire / The Home and the World,拉宾德拉纳特·泰戈尔,Rabindranath Tagore,印度/孟加拉文学,孟加拉语,1916,20世纪初,长篇小说,民族主义;家庭;女性;现代性,Major,高,中-高,中-高,泰戈尔小说代表作，以家庭关系审视民族主义与现代性冲突。,国家或时期核心正典；经典丛书与文学史长期稳定；具显著跨文化影响,2,未标记,https://www.theguardian.com/books/2002/may/09/news.features11; https://www.penguin.co.uk/penguin-classics/classics-list; https://academic.oup.com/products-for-institutions/pages/purchase-oxford-worlds-classics; https://pll.harvard.edu/course/masterpieces-of-world-literature
CANON-229,向导,The Guide,R.K.纳拉扬,R. K. Narayan,印度,英语,1958,20世纪,长篇小说,身份;宗教;现代化;讽刺,Major,高,中-高,中-高,印度英语小说的经典代表，兼具地方社会观察与现代叙事成熟度。,国家或时期核心正典；经典丛书与文学史长期稳定；具显著跨文化影响,2,未标记,https://www.theguardian.com/books/2002/may/09/news.features11; https://www.penguin.co.uk/penguin-classics/classics-list; https://academic.oup.com/products-for-institutions/pages/purchase-oxford-worlds-classics; https://pll.harvard.edu/course/masterpieces-of-world-literature
CANON-230,火河,Aag Ka Darya / River of Fire,库拉图莱因·海德尔,Qurratulain Hyder,印度/巴基斯坦乌尔都文学,乌尔都语,1959,20世纪,长篇小说,历史;分治;文明;身份,Major,高,中-高,中-高,乌尔都现代小说里程碑，以跨千年结构重写南亚历史与分治经验。,国家或时期核心正典；经典丛书与文学史长期稳定；具显著跨文化影响,2,未标记,https://www.theguardian.com/books/2002/may/09/news.features11; https://www.penguin.co.uk/penguin-classics/classics-list; https://academic.oup.com/products-for-institutions/pages/purchase-oxford-worlds-classics; https://pll.harvard.edu/course/masterpieces-of-world-literature
CANON-231,巴斯蒂,Basti,因提扎尔·侯赛因,Intizar Husain,巴基斯坦,乌尔都语,1979,20世纪,长篇小说,分治;记忆;流亡;历史,Major,高,中-高,中-高,巴基斯坦乌尔都文学代表作，以记忆与神话处理分治创伤。,国家或时期核心正典；经典丛书与文学史长期稳定；具显著跨文化影响,2,未标记,https://www.theguardian.com/books/2002/may/09/news.features11; https://www.penguin.co.uk/penguin-classics/classics-list; https://academic.oup.com/products-for-institutions/pages/purchase-oxford-worlds-classics; https://pll.harvard.edu/course/masterpieces-of-world-literature
CANON-232,乌姆拉奥·贾恩·阿达,Umrao Jaan Ada,米尔扎·哈迪·鲁斯瓦,Mirza Hadi Ruswa,印度/乌尔都文学,乌尔都语,1899,19世纪,长篇小说,女性;城市;表演;社会,Major,高,中-高,中-高,早期现代乌尔都小说的标志性文本，以艺伎/歌妓主体视角保存勒克瑙城市文化。,国家或时期核心正典；经典丛书与文学史长期稳定；具显著跨文化影响,2,未标记,https://www.theguardian.com/books/2002/may/09/news.features11; https://www.penguin.co.uk/penguin-classics/classics-list; https://academic.oup.com/products-for-institutions/pages/purchase-oxford-worlds-classics; https://pll.harvard.edu/course/masterpieces-of-world-literature
CANON-233,开往巴基斯坦的火车,Train to Pakistan,库什万特·辛格,Khushwant Singh,印度,英语,1956,20世纪,长篇小说,分治;暴力;共同体;人性,Major,高,中-高,中-高,南亚分治文学最广泛传播的经典小说之一。,国家或时期核心正典；经典丛书与文学史长期稳定；具显著跨文化影响,2,未标记,https://www.theguardian.com/books/2002/may/09/news.features11; https://www.penguin.co.uk/penguin-classics/classics-list; https://academic.oup.com/products-for-institutions/pages/purchase-oxford-worlds-classics; https://pll.harvard.edu/course/masterpieces-of-world-literature
CANON-234,万叶集,Man'yōshū,多人,Various,日本,日语/上代日语,约7—8世纪,古代,和歌集,自然;爱情;政治;日常,Major,高,中-高,中-高,日本现存最早的大型诗歌总集，是日本诗歌与语言传统的基础经典。,国家或时期核心正典；经典丛书与文学史长期稳定；具显著跨文化影响,2,未标记,https://www.theguardian.com/books/2002/may/09/news.features11; https://www.penguin.co.uk/penguin-classics/classics-list; https://academic.oup.com/products-for-institutions/pages/purchase-oxford-worlds-classics; https://pll.harvard.edu/course/masterpieces-of-world-literature
CANON-235,古今和歌集,Kokin Wakashū,多人（纪贯之等编）,Various; compiled by Ki no Tsurayuki et al.,日本,日语,约905,中世纪,和歌集,季节;爱情;宫廷;审美,Major,高,中-高,中-高,日本首部敕撰和歌集，确立和歌规范与后世宫廷诗学。,国家或时期核心正典；经典丛书与文学史长期稳定；具显著跨文化影响,2,未标记,https://www.theguardian.com/books/2002/may/09/news.features11; https://www.penguin.co.uk/penguin-classics/classics-list; https://academic.oup.com/products-for-institutions/pages/purchase-oxford-worlds-classics; https://pll.harvard.edu/course/masterpieces-of-world-literature
CANON-236,徒然草,Tsurezuregusa / Essays in Idleness,吉田兼好,Yoshida Kenkō,日本,日语,约1330—1332,中世纪,随笔,无常;日常;审美;人生,Major,高,中-高,中-高,日本中世随笔文学代表，与《枕草子》并列构成重要随笔传统。,国家或时期核心正典；经典丛书与文学史长期稳定；具显著跨文化影响,2,未标记,https://www.theguardian.com/books/2002/may/09/news.features11; https://www.penguin.co.uk/penguin-classics/classics-list; https://academic.oup.com/products-for-institutions/pages/purchase-oxford-worlds-classics; https://pll.harvard.edu/course/masterpieces-of-world-literature
CANON-237,雨月物语,Ugetsu Monogatari / Ugetsu,上田秋成,Ueda Akinari,日本,日语,1776,18世纪,怪谈小说集,怪谈;欲望;因果;战争,Major,高,中-高,中-高,日本江户时期怪谈文学与短篇叙事的最高经典之一。,国家或时期核心正典；经典丛书与文学史长期稳定；具显著跨文化影响,2,未标记,https://www.theguardian.com/books/2002/may/09/news.features11; https://www.penguin.co.uk/penguin-classics/classics-list; https://academic.oup.com/products-for-institutions/pages/purchase-oxford-worlds-classics; https://pll.harvard.edu/course/masterpieces-of-world-literature
CANON-238,我是猫,Wagahai wa Neko de Aru / I Am a Cat,夏目漱石,Natsume Sōseki,日本,日语,1905—1906,20世纪初,长篇小说,现代化;知识人;讽刺;都市,Major,高,中-高,中-高,日本现代小说形成期的重要文本，以讽刺视角呈现明治现代性。,国家或时期核心正典；经典丛书与文学史长期稳定；具显著跨文化影响,2,未标记,https://www.theguardian.com/books/2002/may/09/news.features11; https://www.penguin.co.uk/penguin-classics/classics-list; https://academic.oup.com/products-for-institutions/pages/purchase-oxford-worlds-classics; https://pll.harvard.edu/course/masterpieces-of-world-literature
CANON-239,李白诗选,Selected Poems of Li Bai / Li Po,李白,Li Bai,中国,中古汉语/汉文,8世纪,中古,诗歌,山水;酒;旅行;自由,Major,高,中-高,中-高,唐诗最高代表之一，对中国及东亚抒情诗传统具有基础性影响。,国家或时期核心正典；经典丛书与文学史长期稳定；具显著跨文化影响,2,未标记,https://www.theguardian.com/books/2002/may/09/news.features11; https://www.penguin.co.uk/penguin-classics/classics-list; https://academic.oup.com/products-for-institutions/pages/purchase-oxford-worlds-classics; https://pll.harvard.edu/course/masterpieces-of-world-literature
CANON-240,杜甫诗选,Selected Poems of Du Fu,杜甫,Du Fu,中国,中古汉语/汉文,8世纪,中古,诗歌,战争;民生;历史;伦理,Major,高,中-高,中-高,中国诗歌史最核心的诗人文本之一，以历史感与形式成就进入世界诗歌经典。,国家或时期核心正典；经典丛书与文学史长期稳定；具显著跨文化影响,2,未标记,https://www.theguardian.com/books/2002/may/09/news.features11; https://www.penguin.co.uk/penguin-classics/classics-list; https://academic.oup.com/products-for-institutions/pages/purchase-oxford-worlds-classics; https://pll.harvard.edu/course/masterpieces-of-world-literature
CANON-241,陶渊明诗选,Selected Poems of Tao Yuanming,陶渊明,Tao Yuanming,中国,中古汉语/汉文,4—5世纪,中古,诗歌,田园;隐逸;自然;人生,Major,高,中-高,中-高,中国田园诗传统的奠基性文本，对东亚诗歌审美影响深远。,国家或时期核心正典；经典丛书与文学史长期稳定；具显著跨文化影响,2,未标记,https://www.theguardian.com/books/2002/may/09/news.features11; https://www.penguin.co.uk/penguin-classics/classics-list; https://academic.oup.com/products-for-institutions/pages/purchase-oxford-worlds-classics; https://pll.harvard.edu/course/masterpieces-of-world-literature
CANON-242,广场,Gwangjang / The Square,崔仁勋,Choi In-hun,韩国,韩语,1960,20世纪,长篇小说,分裂;意识形态;个人;战争,Major,高,中-高,中-高,韩国战后文学核心小说之一，以南北分裂经验讨论个人自由与意识形态。,国家或时期核心正典；经典丛书与文学史长期稳定；具显著跨文化影响,2,未标记,https://www.theguardian.com/books/2002/may/09/news.features11; https://www.penguin.co.uk/penguin-classics/classics-list; https://academic.oup.com/products-for-institutions/pages/purchase-oxford-worlds-classics; https://pll.harvard.edu/course/masterpieces-of-world-literature
CANON-243,土地,Toji / Land,朴景利,Park Kyongni,韩国,韩语,1969—1994,20世纪,长篇小说/大河小说,殖民;家族;土地;民族史,Major,高,中-高,中-高,韩国现代文学最具规模与地位的大河小说之一，覆盖殖民与现代转型。,国家或时期核心正典；经典丛书与文学史长期稳定；具显著跨文化影响,2,未标记,https://www.theguardian.com/books/2002/may/09/news.features11; https://www.penguin.co.uk/penguin-classics/classics-list; https://academic.oup.com/products-for-institutions/pages/purchase-oxford-worlds-classics; https://pll.harvard.edu/course/masterpieces-of-world-literature
CANON-244,蔷薇园,Gulistān / The Gulistan,萨迪,Saadi,波斯,波斯语,1258,中世纪,散文与诗歌集,伦理;智慧;社会;寓言,Major,高,中-高,中-高,波斯古典散文与格言文学核心文本，与《果园》共同形成长期跨文化影响。,国家或时期核心正典；经典丛书与文学史长期稳定；具显著跨文化影响,2,未标记,https://www.theguardian.com/books/2002/may/09/news.features11; https://www.penguin.co.uk/penguin-classics/classics-list; https://academic.oup.com/products-for-institutions/pages/purchase-oxford-worlds-classics; https://pll.harvard.edu/course/masterpieces-of-world-literature
CANON-245,悬诗,Al-Mu'allaqāt / The Mu'allaqat,多位诗人,Various,前伊斯兰阿拉伯,阿拉伯语,约6世纪,古代晚期,诗歌选集,部族;爱情;旅行;荣誉,Major,高,中-高,中-高,前伊斯兰阿拉伯诗歌最重要的经典集合，是阿拉伯诗学与语言传统的基础。,国家或时期核心正典；经典丛书与文学史长期稳定；具显著跨文化影响,2,未标记,https://www.theguardian.com/books/2002/may/09/news.features11; https://www.penguin.co.uk/penguin-classics/classics-list; https://academic.oup.com/products-for-institutions/pages/purchase-oxford-worlds-classics; https://pll.harvard.edu/course/masterpieces-of-world-literature
CANON-246,哈里里玛卡梅集,Maqāmāt al-Harīrī / The Maqamat of al-Hariri,哈里里,al-Hariri of Basra,阿拉伯语文学,阿拉伯语,约1100—1122,中世纪,韵文故事集,语言游戏;旅行;讽刺;市民社会,Major,高,中-高,中-高,阿拉伯玛卡梅文体的最高代表之一，对散韵结合与机智叙事传统影响深远。,国家或时期核心正典；经典丛书与文学史长期稳定；具显著跨文化影响,2,未标记,https://www.theguardian.com/books/2002/may/09/news.features11; https://www.penguin.co.uk/penguin-classics/classics-list; https://academic.oup.com/products-for-institutions/pages/purchase-oxford-worlds-classics; https://pll.harvard.edu/course/masterpieces-of-world-literature
CANON-247,太阳下的人们,Rijāl fī al-shams / Men in the Sun,加桑·卡纳法尼,Ghassan Kanafani,巴勒斯坦/阿拉伯语文学,阿拉伯语,1962,20世纪,中篇小说,流亡;难民;边界;政治,Major,高,中-高,中-高,巴勒斯坦现代文学最具代表性的小说之一，成为流亡经验的核心寓言。,国家或时期核心正典；经典丛书与文学史长期稳定；具显著跨文化影响,2,未标记,https://www.theguardian.com/books/2002/may/09/news.features11; https://www.penguin.co.uk/penguin-classics/classics-list; https://academic.oup.com/products-for-institutions/pages/purchase-oxford-worlds-classics; https://pll.harvard.edu/course/masterpieces-of-world-literature
CANON-248,盐城,Mudun al-Milh / Cities of Salt,阿卜杜勒拉赫曼·穆尼夫,Abdelrahman Munif,阿拉伯半岛/阿拉伯语文学,阿拉伯语,1984—1989,20世纪,小说五部曲,石油;现代化;权力;社会变迁,Major,高,中-高,中-高,阿拉伯石油现代性书写的里程碑，以宏大叙事记录社会结构突变。,国家或时期核心正典；经典丛书与文学史长期稳定；具显著跨文化影响,2,未标记,https://www.theguardian.com/books/2002/may/09/news.features11; https://www.penguin.co.uk/penguin-classics/classics-list; https://academic.oup.com/products-for-institutions/pages/purchase-oxford-worlds-classics; https://pll.harvard.edu/course/masterpieces-of-world-literature
CANON-249,时间调校研究所,Saatleri Ayarlama Enstitüsü / The Time Regulation Institute,艾哈迈德·哈姆迪·坦普纳尔,Ahmet Hamdi Tanpınar,土耳其,土耳其语,1961,20世纪,长篇小说,现代化;时间;官僚;东西方,Major,高,中-高,中-高,土耳其现代主义小说核心文本，以荒诞寓言呈现传统与西化冲突。,国家或时期核心正典；经典丛书与文学史长期稳定；具显著跨文化影响,2,未标记,https://www.theguardian.com/books/2002/may/09/news.features11; https://www.penguin.co.uk/penguin-classics/classics-list; https://academic.oup.com/products-for-institutions/pages/purchase-oxford-worlds-classics; https://pll.harvard.edu/course/masterpieces-of-world-literature; https://www.penguin.co.uk/books/180222/the-time-regulation-institute-by-tanpinar-ahmet-hamdi/9780141195759
CANON-250,瘦子麦麦德,"İnce Memed / Memed, My Hawk",亚沙尔·凯马尔,Yaşar Kemal,土耳其,土耳其语,1955,20世纪,长篇小说,农民;压迫;反抗;乡土,Major,高,中-高,中-高,土耳其现代文学国际传播最广的作品之一，融合民间史诗与社会现实主义。,国家或时期核心正典；经典丛书与文学史长期稳定；具显著跨文化影响,2,未标记,https://www.theguardian.com/books/2002/may/09/news.features11; https://www.penguin.co.uk/penguin-classics/classics-list; https://academic.oup.com/products-for-institutions/pages/purchase-oxford-worlds-classics; https://pll.harvard.edu/course/masterpieces-of-world-literature
CANON-251,我的名字叫红,Benim Adım Kırmızı / My Name Is Red,奥尔罕·帕慕克,Orhan Pamuk,土耳其,土耳其语,1998,当代,长篇小说,艺术;宗教;谋杀;东西方,Major,高,中-高,中-高,当代世界文学中讨论艺术、图像与东西方关系的代表小说，已进入稳定教学与经典书目。,国家或时期核心正典；经典丛书与文学史长期稳定；具显著跨文化影响,2,未标记,https://www.theguardian.com/books/2002/may/09/news.features11; https://www.penguin.co.uk/penguin-classics/classics-list; https://academic.oup.com/products-for-institutions/pages/purchase-oxford-worlds-classics; https://pll.harvard.edu/course/masterpieces-of-world-literature
CANON-252,先知,The Prophet,纪伯伦,Kahlil Gibran,黎巴嫩裔美国文学,英语,1923,20世纪,散文诗,爱;自由;婚姻;灵性,Major,高,中-高,中-高,20世纪最广泛传播的散文诗作品之一，连接阿拉伯侨民文学与全球大众经典。,国家或时期核心正典；经典丛书与文学史长期稳定；具显著跨文化影响,2,未标记,https://www.theguardian.com/books/2002/may/09/news.features11; https://www.penguin.co.uk/penguin-classics/classics-list; https://academic.oup.com/products-for-institutions/pages/purchase-oxford-worlds-classics; https://pll.harvard.edu/course/masterpieces-of-world-literature
CANON-253,卖牛奶的台维,Tevye the Dairyman,肖洛姆·阿莱赫姆,Sholem Aleichem,意第绪文学/东欧犹太,意第绪语,1894—1914,19—20世纪,故事组/小说,家庭;迁徙;传统;现代化,Major,高,中-高,中-高,意第绪文学最具代表性的角色与故事系列之一，对全球犹太文化影响深远。,国家或时期核心正典；经典丛书与文学史长期稳定；具显著跨文化影响,2,未标记,https://www.theguardian.com/books/2002/may/09/news.features11; https://www.penguin.co.uk/penguin-classics/classics-list; https://academic.oup.com/products-for-institutions/pages/purchase-oxford-worlds-classics; https://pll.harvard.edu/course/masterpieces-of-world-literature
CANON-254,恶灵附身,The Dybbuk / Between Two Worlds,S.安斯基,S. Ansky,意第绪文学/东欧犹太,俄语/意第绪语,约1914,20世纪初,戏剧,爱情;附身;传统;社区,Major,高,中-高,中-高,意第绪戏剧最著名的经典之一，连接民俗、现代戏剧与犹太文化记忆。,国家或时期核心正典；经典丛书与文学史长期稳定；具显著跨文化影响,2,未标记,https://www.theguardian.com/books/2002/may/09/news.features11; https://www.penguin.co.uk/penguin-classics/classics-list; https://academic.oup.com/products-for-institutions/pages/purchase-oxford-worlds-classics; https://pll.harvard.edu/course/masterpieces-of-world-literature
CANON-255,往事,Temol Shilshom / Only Yesterday,什穆埃尔·约瑟夫·阿格农,S. Y. Agnon,希伯来文学,希伯来语,1945,20世纪,长篇小说,移民;宗教;现代性;耶路撒冷,Major,高,中-高,中-高,现代希伯来小说的核心经典之一，以第二次阿利亚时期经验讨论传统与现代性。,国家或时期核心正典；经典丛书与文学史长期稳定；具显著跨文化影响,2,未标记,https://www.theguardian.com/books/2002/may/09/news.features11; https://www.penguin.co.uk/penguin-classics/classics-list; https://academic.oup.com/products-for-institutions/pages/purchase-oxford-worlds-classics; https://pll.harvard.edu/course/masterpieces-of-world-literature
CANON-256,血色花瓣,Petals of Blood,恩古吉·瓦·提安哥,Ngũgĩ wa Thiong'o,肯尼亚,英语,1977,后殖民,长篇小说,土地;阶级;殖民遗产;现代化,Major,高,中-高,中-高,肯尼亚及非洲后殖民小说核心文本，以独立后的社会结构与阶级冲突深化反殖民叙事。,国家或时期核心正典；经典丛书与文学史长期稳定；具显著跨文化影响,2,未标记,https://www.theguardian.com/books/2002/may/09/news.features11; https://www.penguin.co.uk/penguin-classics/classics-list; https://academic.oup.com/products-for-institutions/pages/purchase-oxford-worlds-classics; https://pll.harvard.edu/course/masterpieces-of-world-literature; https://www.penguinrandomhouse.com/series/PAF/penguin-african-writers-series
CANON-257,十字架上的魔鬼,Caitaani Mutharaba-Ini / Devil on the Cross,恩古吉·瓦·提安哥,Ngũgĩ wa Thiong'o,肯尼亚,吉库尤语,1980,后殖民,长篇小说,资本;殖民遗产;语言;反抗,Major,高,中-高,中-高,以非洲语言写作的现代经典，兼具语言政治与后殖民批判的重要性。,国家或时期核心正典；经典丛书与文学史长期稳定；具显著跨文化影响,2,未标记,https://www.theguardian.com/books/2002/may/09/news.features11; https://www.penguin.co.uk/penguin-classics/classics-list; https://academic.oup.com/products-for-institutions/pages/purchase-oxford-worlds-classics; https://pll.harvard.edu/course/masterpieces-of-world-literature; https://www.penguinrandomhouse.com/series/PAF/penguin-african-writers-series
CANON-258,死亡与国王的侍从,Death and the King's Horseman,沃莱·索因卡,Wole Soyinka,尼日利亚,英语,1975,后殖民,戏剧,殖民;仪式;死亡;文化冲突,Major,高,中-高,中-高,非洲现代戏剧最重要的世界经典之一，长期进入世界文学与后殖民文学课程。,国家或时期核心正典；经典丛书与文学史长期稳定；具显著跨文化影响,2,未标记,https://www.theguardian.com/books/2002/may/09/news.features11; https://www.penguin.co.uk/penguin-classics/classics-list; https://academic.oup.com/products-for-institutions/pages/purchase-oxford-worlds-classics; https://pll.harvard.edu/course/masterpieces-of-world-literature; https://www.penguinrandomhouse.com/series/PAF/penguin-african-writers-series
CANON-259,美丽者尚未诞生,The Beautyful Ones Are Not Yet Born,阿伊·克韦·阿马,Ayi Kwei Armah,加纳,英语,1968,后殖民,长篇小说,腐败;独立;道德;城市,Major,高,中-高,中-高,加纳及非洲后独立文学的标志性小说，对独立后幻灭书写影响深远。,国家或时期核心正典；经典丛书与文学史长期稳定；具显著跨文化影响,2,未标记,https://www.theguardian.com/books/2002/may/09/news.features11; https://www.penguin.co.uk/penguin-classics/classics-list; https://academic.oup.com/products-for-institutions/pages/purchase-oxford-worlds-classics; https://pll.harvard.edu/course/masterpieces-of-world-literature; https://www.penguinrandomhouse.com/series/PAF/penguin-african-writers-series
CANON-260,为母之道,The Joys of Motherhood,布奇·埃梅切塔,Buchi Emecheta,尼日利亚,英语,1979,后殖民,长篇小说,女性;母职;殖民;城市化,Major,高,中-高,中-高,非洲女性文学的核心经典之一，以性别视角重写殖民与城市现代性。,国家或时期核心正典；经典丛书与文学史长期稳定；具显著跨文化影响,2,未标记,https://www.theguardian.com/books/2002/may/09/news.features11; https://www.penguin.co.uk/penguin-classics/classics-list; https://academic.oup.com/products-for-institutions/pages/purchase-oxford-worlds-classics; https://pll.harvard.edu/course/masterpieces-of-world-literature; https://www.penguinrandomhouse.com/series/PAF/penguin-african-writers-series
CANON-261,神经状况,Nervous Conditions,齐齐·丹加伦巴,Tsitsi Dangarembga,津巴布韦,英语,1988,后殖民,长篇小说,女性;教育;殖民;家庭,Major,高,中-高,中-高,津巴布韦及非洲女性成长小说的标志性作品，学术经典地位稳定。,国家或时期核心正典；经典丛书与文学史长期稳定；具显著跨文化影响,2,未标记,https://www.theguardian.com/books/2002/may/09/news.features11; https://www.penguin.co.uk/penguin-classics/classics-list; https://academic.oup.com/products-for-institutions/pages/purchase-oxford-worlds-classics; https://pll.harvard.edu/course/masterpieces-of-world-literature; https://www.penguinrandomhouse.com/series/PAF/penguin-african-writers-series
CANON-262,等待野蛮人,Waiting for the Barbarians,J.M.库切,J. M. Coetzee,南非,英语,1980,后殖民,长篇小说,帝国;暴力;边疆;伦理,Major,高,中-高,中-高,关于帝国暴力与共谋机制的现代寓言，已成为后殖民与伦理文学研究核心文本。,国家或时期核心正典；经典丛书与文学史长期稳定；具显著跨文化影响,2,未标记,https://www.theguardian.com/books/2002/may/09/news.features11; https://www.penguin.co.uk/penguin-classics/classics-list; https://academic.oup.com/products-for-institutions/pages/purchase-oxford-worlds-classics; https://pll.harvard.edu/course/masterpieces-of-world-literature
CANON-263,耻,Disgrace,J.M.库切,J. M. Coetzee,南非,英语,1999,当代,长篇小说,种族;性;权力;转型,Major,高,中-高,中-高,后种族隔离时代南非文学最重要的小说之一，全球学术与公共影响持续。,国家或时期核心正典；经典丛书与文学史长期稳定；具显著跨文化影响,2,未标记,https://www.theguardian.com/books/2002/may/09/news.features11; https://www.penguin.co.uk/penguin-classics/classics-list; https://academic.oup.com/products-for-institutions/pages/purchase-oxford-worlds-classics; https://pll.harvard.edu/course/masterpieces-of-world-literature
CANON-264,七月的人民,July's People,纳丁·戈迪默,Nadine Gordimer,南非,英语,1981,后殖民,长篇小说,种族隔离;革命;阶级;身份,Major,高,中-高,中-高,南非反种族隔离文学的重要经典，以反事实情境检验权力与依赖关系。,国家或时期核心正典；经典丛书与文学史长期稳定；具显著跨文化影响,2,未标记,https://www.theguardian.com/books/2002/may/09/news.features11; https://www.penguin.co.uk/penguin-classics/classics-list; https://academic.oup.com/products-for-institutions/pages/purchase-oxford-worlds-classics; https://pll.harvard.edu/course/masterpieces-of-world-literature
CANON-265,哭泣吧，亲爱的祖国,"Cry, the Beloved Country",艾伦·佩顿,Alan Paton,南非,英语,1948,20世纪,长篇小说,种族;城市化;家庭;和解,Major,高,中-高,中-高,南非20世纪最具国际影响力的早期反种族隔离小说之一。,国家或时期核心正典；经典丛书与文学史长期稳定；具显著跨文化影响,2,未标记,https://www.theguardian.com/books/2002/may/09/news.features11; https://www.penguin.co.uk/penguin-classics/classics-list; https://academic.oup.com/products-for-institutions/pages/purchase-oxford-worlds-classics; https://pll.harvard.edu/course/masterpieces-of-world-literature
CANON-266,权力问题,A Question of Power,贝茜·黑德,Bessie Head,博茨瓦纳/南非,英语,1973,后殖民,长篇小说,精神;流亡;女性;权力,Major,高,中-高,中-高,南部非洲女性文学与心理叙事的重要经典，兼具流亡和身份经验。,国家或时期核心正典；经典丛书与文学史长期稳定；具显著跨文化影响,2,未标记,https://www.theguardian.com/books/2002/may/09/news.features11; https://www.penguin.co.uk/penguin-classics/classics-list; https://academic.oup.com/products-for-institutions/pages/purchase-oxford-worlds-classics; https://pll.harvard.edu/course/masterpieces-of-world-literature
CANON-267,梦游之地,Terra Sonâmbula / Sleepwalking Land,米亚·科托,Mia Couto,莫桑比克,葡萄牙语,1992,后殖民,长篇小说,内战;记忆;魔幻;口述传统,Major,高,中-高,中-高,莫桑比克文学代表作，以语言创新连接内战创伤与非洲口述传统。,国家或时期核心正典；经典丛书与文学史长期稳定；具显著跨文化影响,2,未标记,https://www.theguardian.com/books/2002/may/09/news.features11; https://www.penguin.co.uk/penguin-classics/classics-list; https://academic.oup.com/products-for-institutions/pages/purchase-oxford-worlds-classics; https://pll.harvard.edu/course/masterpieces-of-world-literature
CANON-268,马永贝,Mayombe,佩佩特拉,Pepetela,安哥拉,葡萄牙语,1980,后殖民,长篇小说,解放战争;族群;革命;集体,Extended,中-高,中,中,安哥拉文学与葡语非洲反殖民小说的重要经典，补足安哥拉文学传统。,区域/类型/时期经典地位稳定；用于补足世界文学版图，不等同于跨文化核心正典,3,未标记,https://www.theguardian.com/books/2002/may/09/news.features11; https://www.penguin.co.uk/penguin-classics/classics-list; https://academic.oup.com/products-for-institutions/pages/purchase-oxford-worlds-classics; https://pll.harvard.edu/course/masterpieces-of-world-literature
CANON-269,独立之阳,Les Soleils des indépendances / The Suns of Independence,阿马杜·库鲁马,Ahmadou Kourouma,科特迪瓦,法语,1968,后殖民,长篇小说,独立;传统;权力;语言创新,Major,高,中-高,中-高,法语非洲小说的重要转折点，以口语化与曼丁传统改造殖民语言。,国家或时期核心正典；经典丛书与文学史长期稳定；具显著跨文化影响,2,未标记,https://www.theguardian.com/books/2002/may/09/news.features11; https://www.penguin.co.uk/penguin-classics/classics-list; https://academic.oup.com/products-for-institutions/pages/purchase-oxford-worlds-classics; https://pll.harvard.edu/course/masterpieces-of-world-literature
CANON-270,恰卡,Chaka,托马斯·莫福洛,Thomas Mofolo,莱索托/索托文学,塞索托语,1925,20世纪初,长篇小说/历史传奇,权力;英雄;历史;悲剧,Major,高,中-高,中-高,南部非洲本土语言小说的早期高峰，对非洲历史小说与书面文学史意义突出。,国家或时期核心正典；经典丛书与文学史长期稳定；具显著跨文化影响,2,未标记,https://www.theguardian.com/books/2002/may/09/news.features11; https://www.penguin.co.uk/penguin-classics/classics-list; https://academic.oup.com/products-for-institutions/pages/purchase-oxford-worlds-classics; https://pll.harvard.edu/course/masterpieces-of-world-literature
CANON-271,布拉斯·库巴斯死后的回忆,Memórias Póstumas de Brás Cubas / The Posthumous Memoirs of Brás Cubas,马沙多·德·阿西斯,Machado de Assis,巴西,葡萄牙语,1881,19世纪,长篇小说,死亡;讽刺;阶级;元叙事,Major,高,中-高,中-高,巴西小说史的核心经典，以死后叙事、讽刺与形式实验预示现代主义。,国家或时期核心正典；经典丛书与文学史长期稳定；具显著跨文化影响,2,未标记,https://www.theguardian.com/books/2002/may/09/news.features11; https://www.penguin.co.uk/penguin-classics/classics-list; https://academic.oup.com/products-for-institutions/pages/purchase-oxford-worlds-classics; https://pll.harvard.edu/course/masterpieces-of-world-literature
CANON-272,堂卡斯穆罗,Dom Casmurro,马沙多·德·阿西斯,Machado de Assis,巴西,葡萄牙语,1899,19世纪,长篇小说,嫉妒;婚姻;记忆;不可靠叙事,Major,高,中-高,中-高,巴西现实主义与心理小说的最高经典之一，不可靠叙述影响广泛。,国家或时期核心正典；经典丛书与文学史长期稳定；具显著跨文化影响,2,未标记,https://www.theguardian.com/books/2002/may/09/news.features11; https://www.penguin.co.uk/penguin-classics/classics-list; https://academic.oup.com/products-for-institutions/pages/purchase-oxford-worlds-classics; https://pll.harvard.edu/course/masterpieces-of-world-literature
CANON-273,星辰时刻,A Hora da Estrela / The Hour of the Star,克拉丽丝·李斯佩克朵,Clarice Lispector,巴西,葡萄牙语,1977,20世纪,中篇小说,贫困;女性;语言;存在,Major,高,中-高,中-高,巴西现代主义之后最重要的女性小说文本之一，以元叙事处理边缘主体。,国家或时期核心正典；经典丛书与文学史长期稳定；具显著跨文化影响,2,未标记,https://www.theguardian.com/books/2002/may/09/news.features11; https://www.penguin.co.uk/penguin-classics/classics-list; https://academic.oup.com/products-for-institutions/pages/purchase-oxford-worlds-classics; https://pll.harvard.edu/course/masterpieces-of-world-literature
CANON-274,加布里埃拉,"Gabriela, Cravo e Canela / Gabriela, Clove and Cinnamon",若热·亚马多,Jorge Amado,巴西,葡萄牙语,1958,20世纪,长篇小说,爱情;社会;地方;现代化,Major,高,中-高,中-高,巴西巴伊亚文学与社会小说的国际代表作，具有长期大众与经典双重影响。,国家或时期核心正典；经典丛书与文学史长期稳定；具显著跨文化影响,2,未标记,https://www.theguardian.com/books/2002/may/09/news.features11; https://www.penguin.co.uk/penguin-classics/classics-list; https://academic.oup.com/products-for-institutions/pages/purchase-oxford-worlds-classics; https://pll.harvard.edu/course/masterpieces-of-world-literature
CANON-275,藻海无边,Wide Sargasso Sea,简·里斯,Jean Rhys,多米尼克/加勒比文学,英语,1966,20世纪,长篇小说,殖民;女性;身份;互文,Major,高,中-高,中-高,后殖民重写与女性主义小说的世界经典，通过改写《简·爱》形成强大互文传统。,国家或时期核心正典；经典丛书与文学史长期稳定；具显著跨文化影响,2,未标记,https://www.theguardian.com/books/2002/may/09/news.features11; https://www.penguin.co.uk/penguin-classics/classics-list; https://academic.oup.com/products-for-institutions/pages/purchase-oxford-worlds-classics; https://pll.harvard.edu/course/masterpieces-of-world-literature; https://www.penguin.co.uk/books/57281/wide-sargasso-sea-by-jean-rhys-edited-with-an-introduction-and-notes-by-angela-smith/9780141182858
CANON-276,毕司沃斯先生的房子,A House for Mr Biswas,V.S.奈保尔,V. S. Naipaul,特立尼达和多巴哥/加勒比文学,英语,1961,20世纪,长篇小说,殖民;家庭;房屋;身份,Major,高,中-高,中-高,加勒比英语小说核心经典，以个人家庭史呈现殖民社会与现代主体形成。,国家或时期核心正典；经典丛书与文学史长期稳定；具显著跨文化影响,2,未标记,https://www.theguardian.com/books/2002/may/09/news.features11; https://www.penguin.co.uk/penguin-classics/classics-list; https://academic.oup.com/products-for-institutions/pages/purchase-oxford-worlds-classics; https://pll.harvard.edu/course/masterpieces-of-world-literature
CANON-277,人间王国,El reino de este mundo / The Kingdom of This World,阿莱霍·卡彭铁尔,Alejo Carpentier,古巴/加勒比文学,西班牙语,1949,20世纪,长篇小说,海地革命;魔幻现实;殖民;历史,Major,高,中-高,中-高,拉美“神奇现实”理论与历史小说实践的关键作品，对文学爆炸影响深远。,国家或时期核心正典；经典丛书与文学史长期稳定；具显著跨文化影响,2,未标记,https://www.theguardian.com/books/2002/may/09/news.features11; https://www.penguin.co.uk/penguin-classics/classics-list; https://academic.oup.com/products-for-institutions/pages/purchase-oxford-worlds-classics; https://pll.harvard.edu/course/masterpieces-of-world-literature
CANON-278,在我的皮肤城堡里（直译名）,In the Castle of My Skin,乔治·拉明,George Lamming,巴巴多斯/加勒比文学,英语,1953,20世纪,长篇小说,殖民;成长;社区;身份,Major,高,中-高,中-高,英语加勒比文学的奠基小说之一，以成长叙事记录殖民社会转型。,国家或时期核心正典；经典丛书与文学史长期稳定；具显著跨文化影响,2,未标记,https://www.theguardian.com/books/2002/may/09/news.features11; https://www.penguin.co.uk/penguin-classics/classics-list; https://academic.oup.com/products-for-institutions/pages/purchase-oxford-worlds-classics; https://pll.harvard.edu/course/masterpieces-of-world-literature
CANON-279,露水的主人（直译名）,Gouverneurs de la rosée / Masters of the Dew,雅克·鲁曼,Jacques Roumain,海地/加勒比文学,法语,1944,20世纪,长篇小说,土地;共同体;贫困;团结,Major,高,中-高,中-高,海地文学最重要的现代小说之一，在法语加勒比与反殖民文学中地位稳定。,国家或时期核心正典；经典丛书与文学史长期稳定；具显著跨文化影响,2,未标记,https://www.theguardian.com/books/2002/may/09/news.features11; https://www.penguin.co.uk/penguin-classics/classics-list; https://academic.oup.com/products-for-institutions/pages/purchase-oxford-worlds-classics; https://pll.harvard.edu/course/masterpieces-of-world-literature
CANON-280,奥麦罗斯,Omeros,德里克·沃尔科特,Derek Walcott,圣卢西亚/加勒比文学,英语,1990,当代,长篇史诗,殖民;海洋;荷马传统;身份,Major,高,中-高,中-高,加勒比现代史诗的最高成就之一，以荷马史诗框架重写殖民历史与海岛经验。,国家或时期核心正典；经典丛书与文学史长期稳定；具显著跨文化影响,2,未标记,https://www.theguardian.com/books/2002/may/09/news.features11; https://www.penguin.co.uk/penguin-classics/classics-list; https://academic.oup.com/products-for-institutions/pages/purchase-oxford-worlds-classics; https://pll.harvard.edu/course/masterpieces-of-world-literature
CANON-281,我，至高无上者,"Yo el Supremo / I, the Supreme",奥古斯托·罗亚·巴斯托斯,Augusto Roa Bastos,巴拉圭,西班牙语,1974,20世纪,长篇小说,独裁;语言;历史;权力,Major,高,中-高,中-高,拉美“独裁者小说”的核心经典之一，以形式实验审视权力与历史书写。,国家或时期核心正典；经典丛书与文学史长期稳定；具显著跨文化影响,2,未标记,https://www.theguardian.com/books/2002/may/09/news.features11; https://www.penguin.co.uk/penguin-classics/classics-list; https://academic.oup.com/products-for-institutions/pages/purchase-oxford-worlds-classics; https://pll.harvard.edu/course/masterpieces-of-world-literature
CANON-282,淫秽的夜鸟,El obsceno pájaro de la noche / The Obscene Bird of Night,何塞·多诺索,José Donoso,智利,西班牙语,1970,20世纪,长篇小说,身体;怪诞;阶级;身份,Major,高,中-高,中-高,智利文学爆炸时期的重要实验小说，以怪诞叙事探索身份和社会秩序。,国家或时期核心正典；经典丛书与文学史长期稳定；具显著跨文化影响,2,未标记,https://www.theguardian.com/books/2002/may/09/news.features11; https://www.penguin.co.uk/penguin-classics/classics-list; https://academic.oup.com/products-for-institutions/pages/purchase-oxford-worlds-classics; https://pll.harvard.edu/course/masterpieces-of-world-literature
CANON-283,莫雷尔的发明,La invención de Morel / The Invention of Morel,阿道夫·比奥伊·卡萨雷斯,Adolfo Bioy Casares,阿根廷,西班牙语,1940,20世纪,中篇小说,技术;爱情;影像;存在,Major,高,中-高,中-高,拉美幻想文学与形而上小说的核心经典，对博尔赫斯之后的幻想叙事影响深远。,国家或时期核心正典；经典丛书与文学史长期稳定；具显著跨文化影响,2,未标记,https://www.theguardian.com/books/2002/may/09/news.features11; https://www.penguin.co.uk/penguin-classics/classics-list; https://academic.oup.com/products-for-institutions/pages/purchase-oxford-worlds-classics; https://pll.harvard.edu/course/masterpieces-of-world-literature
CANON-284,总统先生,El Señor Presidente / The President,米格尔·安赫尔·阿斯图里亚斯,Miguel Ángel Asturias,危地马拉,西班牙语,1946,20世纪,长篇小说,独裁;恐惧;政治;现代主义,Major,高,中-高,中-高,拉美独裁者小说的重要先驱，将政治暴力与现代主义语言结合。,国家或时期核心正典；经典丛书与文学史长期稳定；具显著跨文化影响,2,未标记,https://www.theguardian.com/books/2002/may/09/news.features11; https://www.penguin.co.uk/penguin-classics/classics-list; https://academic.oup.com/products-for-institutions/pages/purchase-oxford-worlds-classics; https://pll.harvard.edu/course/masterpieces-of-world-literature
CANON-285,波波尔·乌（玛雅圣书）,Popol Vuh,基切玛雅匿名传统,Anonymous K'iche' Maya tradition,玛雅/危地马拉高地,基切语,约16世纪记录,前现代/殖民初期,神话史诗,创世;英雄;神话;族群记忆,Core,高,高,高,现存最重要的玛雅神话与创世叙事文本之一，是美洲原住民文学传统的基础经典。,跨文化正典共识；世界文学史长期稳定；跨国经典丛书/学术教学/世界文学书目多源交叉,1,未标记,https://www.theguardian.com/books/2002/may/09/news.features11; https://www.penguin.co.uk/penguin-classics/classics-list; https://academic.oup.com/products-for-institutions/pages/purchase-oxford-worlds-classics; https://pll.harvard.edu/course/masterpieces-of-world-literature
CANON-286,使女的故事,The Handmaid's Tale,玛格丽特·阿特伍德,Margaret Atwood,加拿大,英语,1985,当代,长篇小说,父权;极权;生育;女性,Major,高,中-高,中-高,加拿大文学与当代反乌托邦小说的核心经典，文学与公共文化影响均长期稳定。,国家或时期核心正典；经典丛书与文学史长期稳定；具显著跨文化影响,2,未标记,https://www.theguardian.com/books/2002/may/09/news.features11; https://www.penguin.co.uk/penguin-classics/classics-list; https://academic.oup.com/products-for-institutions/pages/purchase-oxford-worlds-classics; https://pll.harvard.edu/course/masterpieces-of-world-literature
CANON-287,绿山墙的安妮,Anne of Green Gables,露西·莫德·蒙哥马利,L. M. Montgomery,加拿大,英语,1908,20世纪初,长篇小说,成长;家庭;乡土;女性,Major,高,中-高,中-高,加拿大最具国际传播力的儿童/成长文学经典之一，长期形成跨文化读者传统。,国家或时期核心正典；经典丛书与文学史长期稳定；具显著跨文化影响,2,未标记,https://www.theguardian.com/books/2002/may/09/news.features11; https://www.penguin.co.uk/penguin-classics/classics-list; https://academic.oup.com/products-for-institutions/pages/purchase-oxford-worlds-classics; https://pll.harvard.edu/course/masterpieces-of-world-literature
CANON-288,沃斯,Voss,帕特里克·怀特,Patrick White,澳大利亚,英语,1957,20世纪,长篇小说,探险;荒原;精神;殖民,Major,高,中-高,中-高,澳大利亚现代小说的重要经典，以内陆探险神话反思殖民想象与精神经验。,国家或时期核心正典；经典丛书与文学史长期稳定；具显著跨文化影响,2,未标记,https://www.theguardian.com/books/2002/may/09/news.features11; https://www.penguin.co.uk/penguin-classics/classics-list; https://academic.oup.com/products-for-institutions/pages/purchase-oxford-worlds-classics; https://pll.harvard.edu/course/masterpieces-of-world-literature
CANON-289,云街,Cloudstreet,蒂姆·温顿,Tim Winton,澳大利亚,英语,1991,当代,长篇小说,家庭;房屋;工人阶级;地方,Extended,中-高,中,中,澳大利亚当代文学的国民级小说之一，长期受到本土文学批评与读者认可。,区域/类型/时期经典地位稳定；用于补足世界文学版图，不等同于跨文化核心正典,3,未标记,https://www.theguardian.com/books/2002/may/09/news.features11; https://www.penguin.co.uk/penguin-classics/classics-list; https://academic.oup.com/products-for-institutions/pages/purchase-oxford-worlds-classics; https://pll.harvard.edu/course/masterpieces-of-world-literature
CANON-290,骨人（暂译名）,The Bone People,凯丽·休姆,Keri Hulme,新西兰/毛利文学,英语/毛利语元素,1984,当代,长篇小说,毛利文化;家庭;暴力;身份,Major,高,中-高,中-高,新西兰后殖民与毛利文学的重要里程碑，形式与文化混合性具有持续影响。,国家或时期核心正典；经典丛书与文学史长期稳定；具显著跨文化影响,2,未标记,https://www.theguardian.com/books/2002/may/09/news.features11; https://www.penguin.co.uk/penguin-classics/classics-list; https://academic.oup.com/products-for-institutions/pages/purchase-oxford-worlds-classics; https://pll.harvard.edu/course/masterpieces-of-world-literature
CANON-291,猫头鹰在哭泣（直译名）,Owls Do Cry,珍妮特·弗雷姆,Janet Frame,新西兰,英语,1957,20世纪,长篇小说,家庭;阶级;精神;边缘,Major,高,中-高,中-高,新西兰现代文学的重要经典，是珍妮特·弗雷姆小说创作的代表起点。,国家或时期核心正典；经典丛书与文学史长期稳定；具显著跨文化影响,2,未标记,https://www.theguardian.com/books/2002/may/09/news.features11; https://www.penguin.co.uk/penguin-classics/classics-list; https://academic.oup.com/products-for-institutions/pages/purchase-oxford-worlds-classics; https://pll.harvard.edu/course/masterpieces-of-world-literature
CANON-292,波蒂基,Potiki,帕特里夏·格雷斯,Patricia Grace,新西兰/毛利文学,英语/毛利语,1986,当代,长篇小说,土地;毛利文化;殖民;社区,Major,高,中-高,中-高,毛利文学复兴的重要小说，以土地权与语言实践确立原住民叙事主体。,国家或时期核心正典；经典丛书与文学史长期稳定；具显著跨文化影响,2,未标记,https://www.theguardian.com/books/2002/may/09/news.features11; https://www.penguin.co.uk/penguin-classics/classics-list; https://academic.oup.com/products-for-institutions/pages/purchase-oxford-worlds-classics; https://pll.harvard.edu/course/masterpieces-of-world-literature
CANON-293,榕树叶（直译名）,Leaves of the Banyan Tree,阿尔伯特·温特,Albert Wendt,萨摩亚/太平洋文学,英语,1979,后殖民,长篇小说,殖民;家族;土地;现代化,Major,高,中-高,中-高,太平洋岛国英语文学的奠基性长篇之一，以三代家族史呈现殖民与现代化冲突。,国家或时期核心正典；经典丛书与文学史长期稳定；具显著跨文化影响,2,未标记,https://www.theguardian.com/books/2002/may/09/news.features11; https://www.penguin.co.uk/penguin-classics/classics-list; https://academic.oup.com/products-for-institutions/pages/purchase-oxford-worlds-classics; https://pll.harvard.edu/course/masterpieces-of-world-literature
CANON-294,德里纳河上的桥,Na Drini ćuprija / The Bridge on the Drina,伊沃·安德里奇,Ivo Andrić,波斯尼亚/南斯拉夫文学,塞尔维亚-克罗地亚语,1945,20世纪,长篇小说,帝国;巴尔干;历史;共同体,Major,高,中-高,中-高,巴尔干文学最具世界影响力的历史小说之一，以桥为中心书写数百年帝国与族群记忆。,国家或时期核心正典；经典丛书与文学史长期稳定；具显著跨文化影响,2,未标记,https://www.theguardian.com/books/2002/may/09/news.features11; https://www.penguin.co.uk/penguin-classics/classics-list; https://academic.oup.com/products-for-institutions/pages/purchase-oxford-worlds-classics; https://pll.harvard.edu/course/masterpieces-of-world-literature
CANON-295,玩偶,Lalka / The Doll,博莱斯瓦夫·普鲁斯,Bolesław Prus,波兰,波兰语,1887—1889,19世纪,长篇小说,阶级;资本;爱情;现代化,Major,高,中-高,中-高,波兰现实主义小说的核心经典，集中呈现19世纪社会现代化与阶级结构。,国家或时期核心正典；经典丛书与文学史长期稳定；具显著跨文化影响,2,未标记,https://www.theguardian.com/books/2002/may/09/news.features11; https://www.penguin.co.uk/penguin-classics/classics-list; https://academic.oup.com/products-for-institutions/pages/purchase-oxford-worlds-classics; https://pll.harvard.edu/course/masterpieces-of-world-literature
CANON-296,费尔迪杜凯,Ferdydurke,维托尔德·贡布罗维奇,Witold Gombrowicz,波兰,波兰语,1937,20世纪,长篇小说,形式;成熟;身份;荒诞,Major,高,中-高,中-高,中东欧现代主义与反形式小说的标志性作品，对后现代叙事影响显著。,国家或时期核心正典；经典丛书与文学史长期稳定；具显著跨文化影响,2,未标记,https://www.theguardian.com/books/2002/may/09/news.features11; https://www.penguin.co.uk/penguin-classics/classics-list; https://academic.oup.com/products-for-institutions/pages/purchase-oxford-worlds-classics; https://pll.harvard.edu/course/masterpieces-of-world-literature
CANON-297,好兵帅克,Osudy dobrého vojáka Švejka / The Good Soldier Švejk,雅罗斯拉夫·哈谢克,Jaroslav Hašek,捷克,捷克语,1921—1923,20世纪,讽刺小说,战争;官僚;荒诞;反英雄,Major,高,中-高,中-高,欧洲反战讽刺文学的核心经典，塑造了现代文学最著名的反英雄之一。,国家或时期核心正典；经典丛书与文学史长期稳定；具显著跨文化影响,2,未标记,https://www.theguardian.com/books/2002/may/09/news.features11; https://www.penguin.co.uk/penguin-classics/classics-list; https://academic.oup.com/products-for-institutions/pages/purchase-oxford-worlds-classics; https://pll.harvard.edu/course/masterpieces-of-world-literature
CANON-298,无命运的人生,Sorstalanság / Fatelessness,凯尔泰斯·伊姆雷,Imre Kertész,匈牙利,匈牙利语,1975,20世纪,长篇小说,大屠杀;生存;日常;记忆,Major,高,中-高,中-高,匈牙利及大屠杀文学的重要经典，以去戏剧化视角重塑集中营经验。,国家或时期核心正典；经典丛书与文学史长期稳定；具显著跨文化影响,2,未标记,https://www.theguardian.com/books/2002/may/09/news.features11; https://www.penguin.co.uk/penguin-classics/classics-list; https://academic.oup.com/products-for-institutions/pages/purchase-oxford-worlds-classics; https://pll.harvard.edu/course/masterpieces-of-world-literature
CANON-299,克里斯丁·拉夫朗斯达特,Kristin Lavransdatter,西格丽德·温塞特,Sigrid Undset,挪威,挪威语,1920—1922,20世纪初,历史小说三部曲,中世纪;女性;宗教;家庭,Major,高,中-高,中-高,北欧历史小说的核心经典，以中世纪女性生命史构建宏大社会与宗教图景。,国家或时期核心正典；经典丛书与文学史长期稳定；具显著跨文化影响,2,未标记,https://www.theguardian.com/books/2002/may/09/news.features11; https://www.penguin.co.uk/penguin-classics/classics-list; https://academic.oup.com/products-for-institutions/pages/purchase-oxford-worlds-classics; https://pll.harvard.edu/course/masterpieces-of-world-literature
CANON-300,拉德茨基进行曲,Radetzkymarsch / The Radetzky March,约瑟夫·罗特,Joseph Roth,奥地利/中欧,德语,1932,20世纪,长篇小说,帝国;家族;衰败;现代性,Major,高,中-高,中-高,哈布斯堡帝国衰亡书写的中欧经典，以家族史凝聚帝国末期经验。,国家或时期核心正典；经典丛书与文学史长期稳定；具显著跨文化影响,2,未标记,https://www.theguardian.com/books/2002/may/09/news.features11; https://www.penguin.co.uk/penguin-classics/classics-list; https://academic.oup.com/products-for-institutions/pages/purchase-oxford-worlds-classics; https://pll.harvard.edu/course/masterpieces-of-world-literature
