届次数字,届次,评选作品时间范围,届内序号,奖项类型,作品名称,作者,出版单位,来源URL
1,第一届,1977—1981,1,正式获奖,许茂和他的女儿们,周克芹,百花文艺出版社,https://www.chinawriter.com.cn/n1/2019/0816/c405645-31300293.html
1,第一届,1977—1981,2,正式获奖,东方,魏巍,人民文学出版社,https://www.chinawriter.com.cn/n1/2019/0816/c405645-31300293.html
1,第一届,1977—1981,3,正式获奖,将军吟,莫应丰,人民文学出版社,https://www.chinawriter.com.cn/n1/2019/0816/c405645-31300293.html
1,第一届,1977—1981,4,正式获奖,李自成（第二卷）,姚雪垠,中国青年出版社,https://www.chinawriter.com.cn/n1/2019/0816/c405645-31300293.html
1,第一届,1977—1981,5,正式获奖,芙蓉镇,古华,人民文学出版社,https://www.chinawriter.com.cn/n1/2019/0816/c405645-31300293.html
1,第一届,1977—1981,6,正式获奖,冬天里的春天,李国文,人民文学出版社,https://www.chinawriter.com.cn/n1/2019/0816/c405645-31300293.html
2,第二届,1982—1984,1,正式获奖,黄河东流去,李准,北京出版社,https://www.chinawriter.com.cn/n1/2019/0816/c405645-31300293.html
2,第二届,1982—1984,2,正式获奖,沉重的翅膀（修订本）,张洁,人民文学出版社,https://www.chinawriter.com.cn/n1/2019/0816/c405645-31300293.html
2,第二届,1982—1984,3,正式获奖,钟鼓楼,刘心武,人民文学出版社,https://www.chinawriter.com.cn/n1/2019/0816/c405645-31300293.html
3,第三届,1985—1988,1,正式获奖,平凡的世界,路遥,中国文联出版公司,https://www.chinawriter.com.cn/n1/2019/0816/c405645-31300293.html
3,第三届,1985—1988,2,正式获奖,少年天子,凌力,北京十月文艺出版社,https://www.chinawriter.com.cn/n1/2019/0816/c405645-31300293.html
3,第三届,1985—1988,3,正式获奖,都市风流,孙力、余小惠,浙江文艺出版社,https://www.chinawriter.com.cn/n1/2019/0816/c405645-31300293.html
3,第三届,1985—1988,4,正式获奖,第二个太阳,刘白羽,人民文学出版社,https://www.chinawriter.com.cn/n1/2019/0816/c405645-31300293.html
3,第三届,1985—1988,5,正式获奖,穆斯林的葬礼,霍达,北京十月文艺出版社,https://www.chinawriter.com.cn/n1/2019/0816/c405645-31300293.html
3,第三届,1985—1988,6,荣誉奖,浴血罗霄,萧克,解放军文艺出版社,https://www.chinawriter.com.cn/n1/2019/0816/c405645-31300293.html
3,第三届,1985—1988,7,荣誉奖,金瓯缺,徐兴业,海峡文艺出版社,https://www.chinawriter.com.cn/n1/2019/0816/c405645-31300293.html
4,第四届,1989—1994,1,正式获奖,战争和人（一、二、三）,王火,人民文学出版社,https://www.chinawriter.com.cn/n1/2019/0816/c405645-31300293.html
4,第四届,1989—1994,2,正式获奖,白鹿原（修订本）,陈忠实,人民文学出版社,https://www.chinawriter.com.cn/n1/2019/0816/c405645-31300293.html
4,第四届,1989—1994,3,正式获奖,白门柳（一、二）,刘斯奋,中国青年出版社,https://www.chinawriter.com.cn/n1/2019/0816/c405645-31300293.html
4,第四届,1989—1994,4,正式获奖,骚动之秋,刘玉民,人民文学出版社,https://www.chinawriter.com.cn/n1/2019/0816/c405645-31300293.html
5,第五届,1995—1998,1,正式获奖,抉择,张平,人民文学出版社,https://www.chinawriter.com.cn/n1/2019/0816/c405645-31300293.html
5,第五届,1995—1998,2,正式获奖,尘埃落定,阿来,人民文学出版社,https://www.chinawriter.com.cn/n1/2019/0816/c405645-31300293.html
5,第五届,1995—1998,3,正式获奖,长恨歌,王安忆,作家出版社,https://www.chinawriter.com.cn/n1/2019/0816/c405645-31300293.html
5,第五届,1995—1998,4,正式获奖,茶人三部曲（一、二）,王旭烽,浙江文艺出版社,https://www.chinawriter.com.cn/n1/2019/0816/c405645-31300293.html
6,第六届,1999—2002,1,正式获奖,张居正,熊召政,长江文艺出版社,https://www.chinawriter.com.cn/n1/2019/0816/c405645-31300293.html
6,第六届,1999—2002,2,正式获奖,无字,张洁,北京十月文艺出版社,https://www.chinawriter.com.cn/n1/2019/0816/c405645-31300293.html
6,第六届,1999—2002,3,正式获奖,历史的天空,徐贵祥,人民文学出版社,https://www.chinawriter.com.cn/n1/2019/0816/c405645-31300293.html
6,第六届,1999—2002,4,正式获奖,英雄时代,柳建伟,人民文学出版社,https://www.chinawriter.com.cn/n1/2019/0816/c405645-31300293.html
6,第六届,1999—2002,5,正式获奖,东藏记,宗璞,人民文学出版社,https://www.chinawriter.com.cn/n1/2019/0816/c405645-31300293.html
7,第七届,2003—2006,1,正式获奖,秦腔,贾平凹,作家出版社,https://www.chinawriter.com.cn/n1/2019/0816/c405645-31300293.html
7,第七届,2003—2006,2,正式获奖,额尔古纳河右岸,迟子建,北京十月文艺出版社,https://www.chinawriter.com.cn/n1/2019/0816/c405645-31300293.html
7,第七届,2003—2006,3,正式获奖,湖光山色,周大新,作家出版社,https://www.chinawriter.com.cn/n1/2019/0816/c405645-31300293.html
7,第七届,2003—2006,4,正式获奖,暗算,麦家,世界知识出版社、人民文学出版社,https://www.chinawriter.com.cn/n1/2019/0816/c405645-31300293.html
8,第八届,2007—2010,1,正式获奖,你在高原,张炜,作家出版社,https://www.chinawriter.com.cn/n1/2019/0816/c405645-31300293.html
8,第八届,2007—2010,2,正式获奖,天行者,刘醒龙,人民文学出版社,https://www.chinawriter.com.cn/n1/2019/0816/c405645-31300293.html
8,第八届,2007—2010,3,正式获奖,蛙,莫言,上海文艺出版社,https://www.chinawriter.com.cn/n1/2019/0816/c405645-31300293.html
8,第八届,2007—2010,4,正式获奖,推拿,毕飞宇,人民文学出版社,https://www.chinawriter.com.cn/n1/2019/0816/c405645-31300293.html
8,第八届,2007—2010,5,正式获奖,一句顶一万句,刘震云,长江文艺出版社,https://www.chinawriter.com.cn/n1/2019/0816/c405645-31300293.html
9,第九届,2011—2014,1,正式获奖,江南三部曲,格非,上海文艺出版社,https://www.chinawriter.com.cn/n1/2019/0816/c405645-31300293.html
9,第九届,2011—2014,2,正式获奖,这边风景,王蒙,花城出版社,https://www.chinawriter.com.cn/n1/2019/0816/c405645-31300293.html
9,第九届,2011—2014,3,正式获奖,生命册,李佩甫,作家出版社,https://www.chinawriter.com.cn/n1/2019/0816/c405645-31300293.html
9,第九届,2011—2014,4,正式获奖,繁花,金宇澄,上海文艺出版社,https://www.chinawriter.com.cn/n1/2019/0816/c405645-31300293.html
9,第九届,2011—2014,5,正式获奖,黄雀记,苏童,作家出版社,https://www.chinawriter.com.cn/n1/2019/0816/c405645-31300293.html
10,第十届,2015—2018,1,正式获奖,人世间,梁晓声,中国青年出版社,https://www.chinawriter.com.cn/n1/2019/0816/c405645-31300293.html
10,第十届,2015—2018,2,正式获奖,牵风记,徐怀中,人民文学出版社,https://www.chinawriter.com.cn/n1/2019/0816/c405645-31300293.html
10,第十届,2015—2018,3,正式获奖,北上,徐则臣,北京十月文艺出版社,https://www.chinawriter.com.cn/n1/2019/0816/c405645-31300293.html
10,第十届,2015—2018,4,正式获奖,主角,陈彦,作家出版社,https://www.chinawriter.com.cn/n1/2019/0816/c405645-31300293.html
10,第十届,2015—2018,5,正式获奖,应物兄,李洱,人民文学出版社,https://www.chinawriter.com.cn/n1/2019/0816/c405645-31300293.html
11,第十一届,2019—2022,1,正式获奖,雪山大地,杨志军,作家出版社,https://www.chinawriter.com.cn/n1/2019/0816/c405645-31300293.html
11,第十一届,2019—2022,2,正式获奖,宝水,乔叶,北京十月文艺出版社,https://www.chinawriter.com.cn/n1/2019/0816/c405645-31300293.html
11,第十一届,2019—2022,3,正式获奖,本巴,刘亮程,译林出版社,https://www.chinawriter.com.cn/n1/2019/0816/c405645-31300293.html
11,第十一届,2019—2022,4,正式获奖,千里江山图,孙甘露,上海文艺出版社,https://www.chinawriter.com.cn/n1/2019/0816/c405645-31300293.html
11,第十一届,2019—2022,5,正式获奖,回响,东西,人民文学出版社,https://www.chinawriter.com.cn/n1/2019/0816/c405645-31300293.html
