tier,file,id,title,title_original,author,author_original,canon_id,awards,status,candidate_year,suggested_t,confidence,ol_title,ol_authors,ol_key,title_similarity,author_similarity,reason
P2_EXTERNAL_MATCH_FRIENDLY,A Bollywood Affair.md,WL-WORK-1932,A Bollywood Affair,,索纳利·德夫,Sonali Dev,,,NO_MATCH,,,,,,,,,no result with first_publish_year
P2_EXTERNAL_MATCH_FRIENDLY,A Chegada de Lampião no Inferno.md,WL-WORK-2151,A Chegada de Lampião no Inferno,,何塞·帕切科,José Pacheco,,,NO_MATCH,,,,,,,,,no result with first_publish_year
P2_EXTERNAL_MATCH_FRIENDLY,A Gentleman of France.md,WL-WORK-2153,A Gentleman of France,,斯坦利·韦曼,Stanley Weyman,,,CANDIDATE,1893,T4,MEDIUM,A gentleman of France,Stanley John Weymann,/works/OL6697779W,1.000,0.839,Open Library first_publish_year candidate
P2_EXTERNAL_MATCH_FRIENDLY,A Head Full of Ghosts.md,WL-WORK-0489,A Head Full of Ghosts,,保罗·特朗布莱,Paul Tremblay,,,CANDIDATE,2015,T6,LOW,A Head Full of Ghosts: A Novel,Paul Tremblay,/works/OL18820928W,0.850,1.000,Open Library first_publish_year candidate
P2_EXTERNAL_MATCH_FRIENDLY,A Knight's Own Book of Chivalry.md,WL-WORK-2155,A Knight's Own Book of Chivalry,,若弗鲁瓦·德·沙尔尼,Geoffroi de Charny,,,CANDIDATE,2005,T6,LOW,A knight's own book of chivalry : Geoffroi De Charny,Geoffroi de Charny,/works/OL5844535W,0.758,1.000,Open Library first_publish_year candidate
P2_EXTERNAL_MATCH_FRIENDLY,A Man Called Horse.md,WL-WORK-2156,A Man Called Horse,,多萝西·M.约翰逊,Dorothy M. Johnson,,,NO_MATCH,,,,,,,,,no result with first_publish_year
P2_EXTERNAL_MATCH_FRIENDLY,Agents of Dreamland.md,WL-WORK-0491,Agents of Dreamland,,凯特琳·R.基尔南,Kiernan,,,CANDIDATE,2017,T6,LOW,Agents of Dreamland,Caitlín R. Kiernan,/works/OL19577436W,1.000,0.636,Open Library first_publish_year candidate
P2_EXTERNAL_MATCH_FRIENDLY,Almanac of the Dead.md,WL-WORK-2159,Almanac of the Dead,,莱斯利·马蒙·西尔科,Leslie Marmon Silko,,,CANDIDATE,1992,T6,MEDIUM,Almanac of the Dead,Leslie Silko,/works/OL7972955W,1.000,0.786,Open Library first_publish_year candidate
P2_EXTERNAL_MATCH_FRIENDLY,Ambiguity Machines and Other Stories.md,WL-WORK-0477,Ambiguity Machines and Other Stories,,万达娜·辛格,Vandana Singh,,,NO_MATCH,,,,,,,,,no result with first_publish_year
P2_EXTERNAL_MATCH_FRIENDLY,American Indian Myths and Legends.md,WL-WORK-1346,American Indian Myths and Legends,,理查德·厄尔多斯 / 阿方索·奥尔蒂斯,Richard Erdoes / Alfonso Ortiz,,,CANDIDATE,1997,T6,LOW,American Indian Myths and Legends,Richard Erdoes;Alfonso Ortiz,/works/OL20993081W,1.000,0.684,Open Library first_publish_year candidate
P2_EXTERNAL_MATCH_FRIENDLY,An African in Greenland.md,WL-WORK-1347,An African in Greenland,,托戈·科波马西,Kpomassie,,,CANDIDATE,2001,T6,LOW,An African in Greenland,"Tete-Michel Kpomassie;Alvarez, A.",/works/OL23743093W,1.000,0.643,Open Library first_publish_year candidate
P2_EXTERNAL_MATCH_FRIENDLY,"Astucia, el jefe de los Hermanos de la Hoja.md",WL-WORK-2164,"Astucia, el jefe de los Hermanos de la Hoja",Astucia,路易斯·G.因克兰,Luis G. Inclán,,,CANDIDATE,1908,T4,MEDIUM,Astucia,Luis Gonzaga Inclán,/works/OL6129409W,1.000,0.786,Open Library first_publish_year candidate
P2_EXTERNAL_MATCH_FRIENDLY,Bar-20.md,WL-WORK-2166,Bar-20,,克拉伦斯·E.马尔福德,Clarence E. Mulford,,,CANDIDATE,1907,T4,MEDIUM,Bar-20,Clarence Edward Mulford;Robert Banis,/works/OL3194212W,1.000,0.865,Open Library first_publish_year candidate
P2_EXTERNAL_MATCH_FRIENDLY,Cangaceiros.md,WL-WORK-2181,Cangaceiros,,若泽·林斯·多雷戈,巴西,,,NO_MATCH,,,,,,,,,no result with first_publish_year
P2_EXTERNAL_MATCH_FRIENDLY,"Changó, el gran putas.md",WL-WORK-1525,"Changó, el gran putas",,曼努埃尔·萨帕塔·奥利韦利亚,Afro-Latin史诗性书写,,,NO_MATCH,,,,,,,,,no result with first_publish_year
P2_EXTERNAL_MATCH_FRIENDLY,Cielitos.md,WL-WORK-2184,Cielitos,,巴托洛梅·伊达尔戈,Hidalgo,,,CANDIDATE,1950,T5,LOW,Cielitos  por Bartolomé Hidalgo,Bartolomé Hidalgo,/works/OL4828828W,0.457,0.609,Open Library first_publish_year candidate
P2_EXTERNAL_MATCH_FRIENDLY,Cockfight.md,WL-WORK-0496,Cockfight,,玛丽亚·费尔南达·安普埃罗,María Fernanda Ampuero,,,NO_MATCH,,,,,,,,,no result with first_publish_year
P2_EXTERNAL_MATCH_FRIENDLY,Cogewea.md,WL-WORK-2187,Cogewea,,哀鸽,Mourning Dove,,,CANDIDATE,1927,T4,LOW,"Co-ge-we-a, the half blood",Mourning Dove,/works/OL4782293W,0.538,1.000,Open Library first_publish_year candidate
P2_EXTERNAL_MATCH_FRIENDLY,Destry Rides Again.md,WL-WORK-2200,Destry Rides Again,,马克斯·布兰德,Max Brand,,,CANDIDATE,1930,T4,LOW,Destry Rides Again,Frederick Faust,/works/OL26897W,1.000,0.091,Open Library first_publish_year candidate
P2_EXTERNAL_MATCH_FRIENDLY,Diálogos patrióticos.md,WL-WORK-2201,Diálogos patrióticos,,巴托洛梅·伊达尔戈,Hidalgo,,,CANDIDATE,1963,T5,LOW,Cielitos y diálogos patrióticos,Bartolomé Hidalgo,/works/OL4828833W,0.809,0.609,Open Library first_publish_year candidate
P2_EXTERNAL_MATCH_FRIENDLY,Don Segundo Sombra.md,WL-WORK-2202,Don Segundo Sombra,,里卡多·吉拉尔德斯,Güiraldes,,,CANDIDATE,1900,T4,LOW,Don Segundo Sombra,Ricardo Güiraldes,/works/OL2100605W,1.000,0.720,Open Library first_publish_year candidate
P2_EXTERNAL_MATCH_FRIENDLY,El gaucho Martín Fierro.md,WL-WORK-2205,El gaucho Martín Fierro,,何塞·埃尔南德斯,Hernández,,,CANDIDATE,1894,T4,MEDIUM,El gaucho Martin Fierro,José Hernández,/works/OL10342228W,1.000,0.818,Open Library first_publish_year candidate
P2_EXTERNAL_MATCH_FRIENDLY,El guacho Martín Fierro.md,WL-WORK-2206,El guacho Martín Fierro,,法里尼亚,Fariña,,,CANDIDATE,2011,T6,LOW,El guacho Martín Fierro,Oscar Fariña,/works/OL43999325W,1.000,0.706,Open Library first_publish_year candidate
P2_EXTERNAL_MATCH_FRIENDLY,El inglés de los güesos.md,WL-WORK-2207,El inglés de los güesos,,贝尼托·林奇,Lynch,,,CANDIDATE,1924,T4,LOW,El inglés de los güesos,Benito Lynch,/works/OL91080W,1.000,0.625,Open Library first_publish_year candidate
P2_EXTERNAL_MATCH_FRIENDLY,El Martín Fierro.md,WL-WORK-2208,El Martín Fierro,,博尔赫斯 / 玛格丽塔·格雷罗,Borges / Margarita Guerrero,,,CANDIDATE,1953,T5,MEDIUM,El Martin Fierro,Jorge Luis Borges;Margarita Guerrero,/works/OL104909W,1.000,0.850,Open Library first_publish_year candidate
P2_EXTERNAL_MATCH_FRIENDLY,El payador.md,WL-WORK-2211,El payador,,莱奥波尔多·卢贡内斯,Lugones,,,CANDIDATE,1916,T4,LOW,El payador,Leopoldo Lugones,/works/OL764575W,1.000,0.636,Open Library first_publish_year candidate
P2_EXTERNAL_MATCH_FRIENDLY,El romance de un gaucho.md,WL-WORK-2212,El romance de un gaucho,,贝尼托·林奇,Lynch,,,CANDIDATE,1930,T4,LOW,El romance de un gaucho,Benito Lynch,/works/OL91079W,1.000,0.625,Open Library first_publish_year candidate
P2_EXTERNAL_MATCH_FRIENDLY,Eldorado.md,WL-WORK-2215,Eldorado,,奥希兹男爵夫人,Baroness Orczy,,,CANDIDATE,2010,T6,LOW,Eldorado,Emma Orczy,/works/OL44538780W,1.000,0.545,Open Library first_publish_year candidate
P2_EXTERNAL_MATCH_FRIENDLY,Fausto.md,WL-WORK-2225,Fausto,,埃斯塔尼斯劳·德尔·坎波,del Campo的,,,NO_MATCH,,,,,,,,,no result with first_publish_year
P2_EXTERNAL_MATCH_FRIENDLY,Flashman.md,WL-WORK-2227,Flashman,,乔治·麦克唐纳·弗雷泽,Flashman系列，从,,,NO_MATCH,,,,,,,,,no result with first_publish_year
P2_EXTERNAL_MATCH_FRIENDLY,Grito de Gloria.md,WL-WORK-2236,Grito de Gloria,,阿塞韦多·迪亚斯,Acevedo Díaz,,,CANDIDATE,1894,T4,MEDIUM,Grito de gloria,Eduardo Acevedo Díaz,/works/OL1204818W,1.000,0.759,Open Library first_publish_year candidate
P2_EXTERNAL_MATCH_FRIENDLY,Harvest Home.md,WL-WORK-0502,Harvest Home,,托马斯·特赖恩,Thomas Tryon,,,NO_MATCH,,,,,,,,,no result with first_publish_year
P2_EXTERNAL_MATCH_FRIENDLY,How the Soldier Repairs the Gramophone.md,WL-WORK-1965,How the Soldier Repairs the Gramophone,,萨沙·斯塔尼希奇,Saša Stanišić,,,NO_MATCH,,,,,,,,,no result with first_publish_year
P2_EXTERNAL_MATCH_FRIENDLY,I Will Repay.md,WL-WORK-2246,I Will Repay,,奥希兹男爵夫人,Baroness Orczy,,,CANDIDATE,1900,T4,LOW,I Will Repay,Emma Orczy,/works/OL286343W,1.000,0.545,Open Library first_publish_year candidate
P2_EXTERNAL_MATCH_FRIENDLY,In Flanders Fields.md,WL-WORK-1967,In Flanders Fields,,约翰·麦克雷,John McCrae,,,CANDIDATE,1915,T4,LOW,In Flanders fields,"McCrae, John",/works/OL2265721W,1.000,0.600,Open Library first_publish_year candidate
P2_EXTERNAL_MATCH_FRIENDLY,In Parenthesis.md,WL-WORK-1968,In Parenthesis,,戴维·琼斯,David Jones,,,CANDIDATE,1937,T4,LOW,In parenthesis,"Jones, David",/works/OL2414045W,1.000,0.500,Open Library first_publish_year candidate
P2_EXTERNAL_MATCH_FRIENDLY,Ismael.md,WL-WORK-2249,Ismael,,阿塞韦多·迪亚斯,Acevedo Díaz,,,CANDIDATE,1888,T3,MEDIUM,Ismael,Eduardo Acevedo Díaz,/works/OL1204822W,1.000,0.759,Open Library first_publish_year candidate
P2_EXTERNAL_MATCH_FRIENDLY,Iwein.md,WL-WORK-2250,Iwein,,哈特曼·冯·奥埃,Hartmann,,,CANDIDATE,1843,T3,LOW,Iwein,Hartmann von Aue;J.W. Thomas,/works/OL2783282W,1.000,0.727,Open Library first_publish_year candidate
P2_EXTERNAL_MATCH_FRIENDLY,Jerilderie Letter.md,WL-WORK-2251,Jerilderie Letter,,内德·凯利,Ned Kelly,,,CANDIDATE,2001,T6,MEDIUM,The Jerilderie Letter,Ned Kelly,/works/OL8386905W,0.914,1.000,Open Library first_publish_year candidate
P2_EXTERNAL_MATCH_FRIENDLY,Joseph d'Arimathie.md,WL-WORK-2253,Joseph d'Arimathie,,罗贝尔·德·博龙,Robert de Boron,,,CANDIDATE,1995,T6,LOW,"Joseph D'Arimathie (Studies and Texts, 120)",Robert De Boron,/works/OL8660456W,0.640,1.000,Open Library first_publish_year candidate
P2_EXTERNAL_MATCH_FRIENDLY,Juan Cuello.md,WL-WORK-2254,Juan Cuello,,爱德华多·古铁雷斯,Eduardo Gutiérrez,,,NO_MATCH,,,,,,,,,no result with first_publish_year
P2_EXTERNAL_MATCH_FRIENDLY,Juan Moreira.md,WL-WORK-2255,Juan Moreira,,爱德华多·古铁雷斯,Gutiérrez,,,CANDIDATE,1900,T4,LOW,Juan Moreira,Eduardo Gutiérrez,/works/OL792336W,1.000,0.720,Open Library first_publish_year candidate
P2_EXTERNAL_MATCH_FRIENDLY,Kalpa Imperial.md,WL-WORK-0472,Kalpa Imperial,,安赫利卡·戈罗迪舍尔,Angélica Gorodischer,,,CANDIDATE,1983,T6,LOW,Kalpa Imperial,Angélica Beatriz del Rosario Arcal de Gorodischer,/works/OL2174095W,1.000,0.613,Open Library first_publish_year candidate
P2_EXTERNAL_MATCH_FRIENDLY,Kernok the Pirate.md,WL-WORK-2256,Kernok the Pirate,,欧仁·苏,Eugène Sue,,,CANDIDATE,1986,T6,LOW,Kernok El Pirata/Kernok the Pirate,Eugène Sue,/works/OL8524943W,0.682,1.000,Open Library first_publish_year candidate
P2_EXTERNAL_MATCH_FRIENDLY,Kintu.md,WL-WORK-0932,Kintu,,珍妮弗·南布西·马昆比,与Makumbi,,,NO_MATCH,,,,,,,,,no result with first_publish_year
P2_EXTERNAL_MATCH_FRIENDLY,La cautiva.md,WL-WORK-2258,La cautiva,,埃斯特万·埃切维里亚,Echeverría,,,CANDIDATE,1965,T5,LOW,La cautiva,Esteban Echeverría,/works/OL1213847W,1.000,0.741,Open Library first_publish_year candidate
P2_EXTERNAL_MATCH_FRIENDLY,La guerra gaucha.md,WL-WORK-2259,La guerra gaucha,,莱奥波尔多·卢贡内斯,Lugones,,,CANDIDATE,1926,T4,LOW,La guerra gaucha,Leopoldo Lugones,/works/OL764577W,1.000,0.636,Open Library first_publish_year candidate
P2_EXTERNAL_MATCH_FRIENDLY,La vuelta de Martín Fierro.md,WL-WORK-2263,La vuelta de Martín Fierro,,何塞·埃尔南德斯,Hernández,,,CANDIDATE,1894,T4,MEDIUM,La vuelta de Martín Fierro,José Hernández,/works/OL1188877W,1.000,0.818,Open Library first_publish_year candidate
P2_EXTERNAL_MATCH_FRIENDLY,Las aventuras de la China Iron.md,WL-WORK-2267,Las aventuras de la China Iron,,加布里埃拉·卡贝松·卡马拉,Cabezón Cámara,,,CANDIDATE,2017,T6,MEDIUM,Las aventuras de la China Iron,Gabriela Cabezón Cámara,/works/OL32580312W,1.000,0.765,Open Library first_publish_year candidate
P2_EXTERNAL_MATCH_FRIENDLY,Le Capitan.md,WL-WORK-2269,Le Capitan,,米歇尔·泽瓦科,Le Capitan,,,NO_MATCH,,,,,,,,,no result with first_publish_year
P2_EXTERNAL_MATCH_FRIENDLY,Los tres gauchos orientales.md,WL-WORK-2278,Los tres gauchos orientales,,安东尼奥·卢西奇,Lussich,,,CANDIDATE,2014,T6,LOW,Los Tres Gauchos Orientales,Antonio Lussich,/works/OL40974667W,1.000,0.667,Open Library first_publish_year candidate
P2_EXTERNAL_MATCH_FRIENDLY,Maid Marian.md,WL-WORK-2279,Maid Marian,,托马斯·洛夫·皮科克,Peacock,,,CANDIDATE,2012,T6,LOW,Maid Marian,Thomas Peacock,/works/OL34440867W,1.000,0.700,Open Library first_publish_year candidate
P2_EXTERNAL_MATCH_FRIENDLY,Masterman Ready.md,WL-WORK-0510,Masterman Ready,,弗雷德里克·马里亚特,Marryat,,,CANDIDATE_BOUNDARY,1800,T3,LOW,Masterman Ready,Frederick Marryat,/works/OL166773W,1.000,0.609,Open Library first_publish_year candidate
P2_EXTERNAL_MATCH_FRIENDLY,Merlin.md,WL-WORK-2282,Merlin,,T.H.怀特,T.H. White,,,CANDIDATE,1995,T6,LOW,Young Merlin Trilogy,Jane Yolen;Michael Ashley;Tanith Lee;T. H. White;Louise Cooper,/works/OL97299W,0.500,1.000,Open Library first_publish_year candidate
P2_EXTERNAL_MATCH_FRIENDLY,Missionary Travels and Researches in South Africa.md,WL-WORK-1362,Missionary Travels and Researches in South Africa,Missionary Travels,戴维·利文斯通,Livingstone,,,CANDIDATE,1833,T3,MEDIUM,Missionary travels and researches in South Africa,David Livingstone,/works/OL3554533W,1.000,0.815,Open Library first_publish_year candidate
P2_EXTERNAL_MATCH_FRIENDLY,Nativa.md,WL-WORK-2289,Nativa,,阿塞韦多·迪亚斯,Acevedo Díaz,,,CANDIDATE,1894,T4,MEDIUM,Nativa,Eduardo Acevedo Díaz,/works/OL1204820W,1.000,0.759,Open Library first_publish_year candidate
P2_EXTERNAL_MATCH_FRIENDLY,Naufragios.md,WL-WORK-0515,Naufragios,,卡贝萨·德·巴卡,Cabeza de Vaca,,,CANDIDATE,2015,T6,LOW,Naufragios,Álvar Núñez Cabeza de Vaca,/works/OL40764117W,1.000,0.706,Open Library first_publish_year candidate
P2_EXTERNAL_MATCH_FRIENDLY,Palmerín de Inglaterra.md,WL-WORK-2298,Palmerín de Inglaterra,,弗朗西斯科·德·莫拉埃斯,Francisco de Moraes,,,NO_MATCH,,,,,,,,,no result with first_publish_year
P2_EXTERNAL_MATCH_FRIENDLY,Parzival.md,WL-WORK-2301,Parzival,,沃尔夫拉姆·冯·埃申巴赫,Wolfram的,,,NO_MATCH,,,,,,,,,no result with first_publish_year
P2_EXTERNAL_MATCH_FRIENDLY,Paulino Lucero.md,WL-WORK-2302,Paulino Lucero,,阿斯卡苏比,Ascasubi,,,CANDIDATE,1872,T3,LOW,Paulino Lucero,Hilario Ascasubi,/works/OL7125660W,1.000,0.696,Open Library first_publish_year candidate
P2_EXTERNAL_MATCH_FRIENDLY,Peregrine's Progress.md,WL-WORK-2305,Peregrine's Progress,,杰弗里·法诺尔,Farnol,,,CANDIDATE,1922,T4,LOW,Peregrine's Progress,Jeffery Farnol,/works/OL8470555W,1.000,0.632,Open Library first_publish_year candidate
P2_EXTERNAL_MATCH_FRIENDLY,Persian Pictures.md,WL-WORK-1364,Persian Pictures,,格特鲁德·贝尔,Gertrude Bell,,,CANDIDATE,1937,T4,MEDIUM,Persian pictures,Gertrude Lowthian Bell,/works/OL1160420W,1.000,0.750,Open Library first_publish_year candidate
P2_EXTERNAL_MATCH_FRIENDLY,Personal Narrative.md,WL-WORK-1365,Personal Narrative,,亚历山大·冯·洪堡,Humboldt,,,CANDIDATE,1995,T6,LOW,Personal narrative,Alexander von Humboldt,/works/OL1553997W,1.000,0.571,Open Library first_publish_year candidate
P2_EXTERNAL_MATCH_FRIENDLY,Polynesian Mythology.md,WL-WORK-1367,Polynesian Mythology,,乔治·格雷,George Grey,,,CANDIDATE,1956,T5,MEDIUM,Polynesian mythology,George Grey Turner,/works/OL6543598W,1.000,0.769,Open Library first_publish_year candidate
P2_EXTERNAL_MATCH_FRIENDLY,Riders of the Silences.md,WL-WORK-2317,Riders of the Silences,,马克斯·布兰德,Max Brand,,,CANDIDATE,2007,T6,LOW,Riders of the Silences,Frederick Faust,/works/OL2011368W,1.000,0.091,Open Library first_publish_year candidate
P2_EXTERNAL_MATCH_FRIENDLY,"Rinaldo Rinaldini, the Robber Captain.md",WL-WORK-2319,"Rinaldo Rinaldini, the Robber Captain",,克里斯蒂安·奥古斯特·武尔皮乌斯,Christian August Vulpius,,,NO_MATCH,,,,,,,,,no result with first_publish_year
P2_EXTERNAL_MATCH_FRIENDLY,Roman de Brut.md,WL-WORK-2330,Roman de Brut,,瓦斯,Wace,,,CANDIDATE,1836,T3,MEDIUM,Le roman de Brut,Wace,/works/OL2475035W,0.917,1.000,Open Library first_publish_year candidate
P2_EXTERNAL_MATCH_FRIENDLY,Roman de Silence.md,WL-WORK-2331,Roman de Silence,,康沃尔的埃尔德里斯,Heldris of Cornwall,,,NO_MATCH,,,,,,,,,no result with first_publish_year
P2_EXTERNAL_MATCH_FRIENDLY,Roman de Troie.md,WL-WORK-2333,Roman de Troie,,伯努瓦·德·圣莫尔,Benoît de Sainte-Maure,,,CANDIDATE,1987,T6,MEDIUM,Le roman de Troie,Benoît de Sainte-Maure,/works/OL19465105W,0.923,1.000,Open Library first_publish_year candidate
P2_EXTERNAL_MATCH_FRIENDLY,Santos Vega o los mellizos de la Flor.md,WL-WORK-2337,Santos Vega o los mellizos de la Flor,,阿斯卡苏比,Ascasubi,,,CANDIDATE,1952,T5,LOW,"Santos Vega, o, Los mellizos de la flor",Hilario Ascasubi,/works/OL38955303W,1.000,0.696,Open Library first_publish_year candidate
P2_EXTERNAL_MATCH_FRIENDLY,Santos Vega.md,WL-WORK-2336,Santos Vega,,拉斐尔·奥夫利加多,Obligado,,,CANDIDATE,1967,T5,LOW,Santos Vega,Rafael Obligado,/works/OL7602737W,1.000,0.727,Open Library first_publish_year candidate
P2_EXTERNAL_MATCH_FRIENDLY,Segu.md,WL-WORK-0942,Segu,,玛丽斯·孔戴,Maryse Condé,,,NO_MATCH,,,,,,,,,no result with first_publish_year
P2_EXTERNAL_MATCH_FRIENDLY,Seth Jones.md,WL-WORK-2338,Seth Jones,,爱德华·S.埃利斯,Edward S. Ellis,,,CANDIDATE,1861,T3,MEDIUM,Seth Jones,Edward Sylvester Ellis,/works/OL1796326W,1.000,0.750,Open Library first_publish_year candidate
P2_EXTERNAL_MATCH_FRIENDLY,Shadowland.md,WL-WORK-0518,Shadowland,,彼得·斯特劳布,Peter Straub,,,CANDIDATE_BOUNDARY,1980,T6,HIGH,Shadowland,Peter Straub,/works/OL114303W,1.000,1.000,Open Library first_publish_year candidate
P2_EXTERNAL_MATCH_FRIENDLY,Sinophagia／ A Celebration of Chinese Horror.md,WL-WORK-0519,Sinophagia: A Celebration of Chinese Horror,,倪雪婷,Xueting C. Ni,,,NO_MATCH,,,,,,,,,no result with first_publish_year
P2_EXTERNAL_MATCH_FRIENDLY,Smoky the Cowhorse.md,WL-WORK-2344,Smoky the Cowhorse,,威尔·詹姆斯,Will James,,,CANDIDATE,1926,T4,LOW,Smoky The Cowhorse,"James, Will,",/works/OL37791269W,1.000,0.556,Open Library first_publish_year candidate
P2_EXTERNAL_MATCH_FRIENDLY,Sozaboy.md,WL-WORK-1983,Sozaboy,,肯·萨罗-维瓦,Saro-Wiwa,,,CANDIDATE,1985,T6,MEDIUM,Sozaboy,Ken Saro-Wiwa,/works/OL2369168W,1.000,0.842,Open Library first_publish_year candidate
P2_EXTERNAL_MATCH_FRIENDLY,Teatro Grottesco.md,WL-WORK-0522,Teatro Grottesco,,托马斯·利戈蒂,Ligotti,,,CANDIDATE,2007,T6,LOW,Teatro Grottesco,Thomas Ligotti,/works/OL3273772W,1.000,0.700,Open Library first_publish_year candidate
P2_EXTERNAL_MATCH_FRIENDLY,Tell Me I'm Worthless.md,WL-WORK-0523,Tell Me I'm Worthless,,艾莉森·拉姆菲特,Alison Rumfitt,,,NO_MATCH,,,,,,,,,no result with first_publish_year
P2_EXTERNAL_MATCH_FRIENDLY,Thaddeus of Warsaw.md,WL-WORK-0945,Thaddeus of Warsaw,,简·波特,Jane Porter,,,CANDIDATE_BOUNDARY,1800,T3,HIGH,Thaddeus of Warsaw,Jane Porter,/works/OL4078169W,1.000,1.000,Open Library first_publish_year candidate
P2_EXTERNAL_MATCH_FRIENDLY,The Adventures of Col. Daniel Boone.md,WL-WORK-2355,The Adventures of Col. Daniel Boone,,约翰·菲尔森,John Filson,,,CANDIDATE,1934,T4,LOW,Kentucke and the adventures of Col. Daniel Boone,John Filson,/works/OL5542939W,0.841,1.000,Open Library first_publish_year candidate
P2_EXTERNAL_MATCH_FRIENDLY,The Assassination of Jesse James.md,WL-WORK-2361,The Assassination of Jesse James...,,罗恩·汉森,Ron Hansen,,,CANDIDATE,1983,T6,LOW,The Assassination of Jesse James by the Coward Robert Ford,Ron Hansen,/works/OL64715W,0.727,1.000,Open Library first_publish_year candidate
P2_EXTERNAL_MATCH_FRIENDLY,The Brave Cowboy.md,WL-WORK-2367,The Brave Cowboy,,爱德华·艾比,Abbey,,,CANDIDATE,1956,T5,LOW,The Brave Cowboy,Edward Abbey,/works/OL2929627W,1.000,0.625,Open Library first_publish_year candidate
P2_EXTERNAL_MATCH_FRIENDLY,The Buccaneers of America.md,WL-WORK-2368,The Buccaneers of America,,亚历山大·埃斯克梅林,Alexandre Exquemelin,,,CANDIDATE,2017,T6,LOW,The History of the Buccaneers of America,Alexandre Olivier Exquemelin;Basil Ringrose;Ravenau De Lussan,/works/OL24186204W,0.786,0.844,Open Library first_publish_year candidate
P2_EXTERNAL_MATCH_FRIENDLY,The City Inside.md,WL-WORK-0948,The City Inside,,萨米特·巴苏,Samit Basu,,,NO_MATCH,,,,,,,,,no result with first_publish_year
P2_EXTERNAL_MATCH_FRIENDLY,The Conjure-Man Dies.md,WL-WORK-1542,The Conjure-Man Dies,,鲁道夫·费希尔,Rudolph Fisher,,,CANDIDATE,1932,T4,LOW,"The conjure-man dies, a mystery tale of dark Harlem",Rudolph Fisher,/works/OL3455590W,0.586,1.000,Open Library first_publish_year candidate
P2_EXTERNAL_MATCH_FRIENDLY,The Corsair.md,WL-WORK-2373,The Corsair,,拜伦,Byron,,,CANDIDATE,1814,T3,LOW,The corsair,Lord Byron,/works/OL1092569W,1.000,0.714,Open Library first_publish_year candidate
P2_EXTERNAL_MATCH_FRIENDLY,The Dreaming & Other Essays.md,WL-WORK-1372,The Dreaming & Other Essays,,W.E.H.斯坦纳,W.E.H. Stanner,,,NO_MATCH,,,,,,,,,no result with first_publish_year
P2_EXTERNAL_MATCH_FRIENDLY,The Elusive Pimpernel.md,WL-WORK-2378,The Elusive Pimpernel,,奥希兹男爵夫人,Baroness Orczy,,,CANDIDATE,1908,T4,LOW,The Elusive Pimpernel (Scarlet Pimpernel),Emma Orczy,/works/OL8444981W,0.704,0.545,Open Library first_publish_year candidate
P2_EXTERNAL_MATCH_FRIENDLY,The Forging of a Rebel.md,WL-WORK-1988,The Forging of a Rebel,,阿图罗·巴雷亚,Arturo Barea,,,NO_MATCH,,,,,,,,,no result with first_publish_year
P2_EXTERNAL_MATCH_FRIENDLY,The Headless Horseman.md,WL-WORK-0535,The Headless Horseman,,梅恩·里德,Mayne Reid,,,CANDIDATE_BOUNDARY,1800,T3,HIGH,The headless horseman,Mayne Reid,/works/OL5305935W,1.000,1.000,Open Library first_publish_year candidate
P2_EXTERNAL_MATCH_FRIENDLY,The House of the Wolf.md,WL-WORK-2384,The House of the Wolf,,斯坦利·韦曼,Stanley Weyman,,,CANDIDATE_BOUNDARY,1890,T4,MEDIUM,The house of the wolf,Stanley John Weymann,/works/OL6697785W,1.000,0.839,Open Library first_publish_year candidate
P2_EXTERNAL_MATCH_FRIENDLY,The Imago Sequence.md,WL-WORK-0536,The Imago Sequence,,莱尔德·巴伦,Laird Barron,,,CANDIDATE,2018,T6,LOW,"Imago Sequence, The",Laird Barron;Ray Porter,/works/OL24649023W,0.812,1.000,Open Library first_publish_year candidate
P2_EXTERNAL_MATCH_FRIENDLY,The Light at the End.md,WL-WORK-0539,The Light at the End,,约翰·斯基普 / 克雷格·斯佩克特,John Skipp / Craig Spector,,,CANDIDATE,1986,T6,LOW,The Light at the End,John Skipp;Craig Spector,/works/OL31554325W,1.000,0.727,Open Library first_publish_year candidate
P2_EXTERNAL_MATCH_FRIENDLY,The New Negro.md,WL-WORK-1543,The New Negro,,阿兰·洛克,Alain Locke 编,,,NO_MATCH,,,,,,,,,no result with first_publish_year
P2_EXTERNAL_MATCH_FRIENDLY,The Old Patagonian Express.md,WL-WORK-1377,The Old Patagonian Express,,保罗·索鲁,Paul Theroux,,,CANDIDATE,1979,T5,LOW,"Old Patagonian Express, The",Paul Theroux;Juan Gabriel López Guix,/works/OL37514W,0.870,1.000,Open Library first_publish_year candidate
P2_EXTERNAL_MATCH_FRIENDLY,The Phantom Coach.md,WL-WORK-0543,The Phantom Coach,,阿梅莉亚·B.爱德华兹,Amelia B. Edwards,,,CANDIDATE,1999,T6,LOW,The Phantom Coach,"Edwards, Amelia Ann Blanford",/works/OL14948565W,1.000,0.368,Open Library first_publish_year candidate
P2_EXTERNAL_MATCH_FRIENDLY,The Principal Navigations.md,WL-WORK-1379,The Principal Navigations...,,理查德·哈克卢特,Richard Hakluyt,,,CANDIDATE,2006,T6,LOW,"The Principal Navigations, Voyages, Traffiques and Discoveries of the English Nation, V8",Richard Hakluyt,/works/OL3639977W,0.474,1.000,Open Library first_publish_year candidate
P2_EXTERNAL_MATCH_FRIENDLY,The Purple Land.md,WL-WORK-2399,The Purple Land,,W.H.赫德森,Hudson,,,CANDIDATE,1904,T4,MEDIUM,The purple land,W. H. Hudson,/works/OL879244W,1.000,0.857,Open Library first_publish_year candidate
P2_EXTERNAL_MATCH_FRIENDLY,The Pyrates.md,WL-WORK-2400,The Pyrates,,乔治·麦克唐纳·弗雷泽,解构,,,NO_MATCH,,,,,,,,,no result with first_publish_year
P2_EXTERNAL_MATCH_FRIENDLY,The Scottish Chiefs.md,WL-WORK-0952,The Scottish Chiefs,,简·波特,Jane Porter,,,CANDIDATE_BOUNDARY,1800,T3,HIGH,The Scottish Chiefs,Jane Porter,/works/OL4078156W,1.000,1.000,Open Library first_publish_year candidate
P2_EXTERNAL_MATCH_FRIENDLY,The Six-Gun Tarot.md,WL-WORK-2407,The Six-Gun Tarot,,R.S.贝尔彻,R.S. Belcher,,,NO_MATCH,,,,,,,,,no result with first_publish_year
P2_EXTERNAL_MATCH_FRIENDLY,The Squatter and the Don.md,WL-WORK-2408,The Squatter and the Don,,海伦·亨特·杰克逊,Helen Hunt Jackson,,,NO_MATCH,,,,,,,,,no result with first_publish_year
P2_EXTERNAL_MATCH_FRIENDLY,The Time It Never Rained.md,WL-WORK-2415,The Time It Never Rained,,埃尔默·凯尔顿,Kelton,,,CANDIDATE,1973,T5,LOW,The Time It Never Rained,Elmer Kelton,/works/OL90455W,1.000,0.706,Open Library first_publish_year candidate
P2_EXTERNAL_MATCH_FRIENDLY,The Underdogs ／ Los de abajo.md,WL-WORK-2416,The Underdogs / Los de abajo,,马里亚诺·阿苏埃拉,Mariano Azuela,,,CANDIDATE,2002,T6,LOW,Los De Abajo/the Underdogs (Penguin Ediciones),Mariano Azuela,/works/OL1209944W,0.467,1.000,Open Library first_publish_year candidate
P2_EXTERNAL_MATCH_FRIENDLY,The Untamed.md,WL-WORK-2417,The Untamed,,马克斯·布兰德,Max Brand,,,CANDIDATE,1918,T4,LOW,The Untamed,Frederick Faust,/works/OL8074904W,1.000,0.091,Open Library first_publish_year candidate
P2_EXTERNAL_MATCH_FRIENDLY,This One Summer.md,WL-WORK-0954,This One Summer,,玉木真理子 / 吉莉安·玉木,Mariko & Jillian Tamaki,,,NO_MATCH,,,,,,,,,no result with first_publish_year
P2_EXTERNAL_MATCH_FRIENDLY,Torto Arado.md,WL-WORK-1544,Torto Arado,,伊塔马尔·维埃拉·儒尼奥尔,乡村,,,NO_MATCH,,,,,,,,,no result with first_publish_year
P2_EXTERNAL_MATCH_FRIENDLY,Tracks.md,WL-WORK-1384,Tracks,,罗宾·戴维森,Robyn Davidson,,,CANDIDATE_BOUNDARY,1980,T6,HIGH,Tracks,Robyn Davidson,/works/OL15857436W,1.000,1.000,Open Library first_publish_year candidate
P2_EXTERNAL_MATCH_FRIENDLY,Travels through France and Italy.md,WL-WORK-1386,Travels through France and Italy,,斯摩莱特,Smollett,,,CANDIDATE,2018,T6,LOW,Travels Through France and Italy,Tobias Smollett,/works/OL27901469W,1.000,0.727,Open Library first_publish_year candidate
P2_EXTERNAL_MATCH_FRIENDLY,Tristan.md,WL-WORK-2423,Tristan,,贝鲁尔,Béroul,,,CANDIDATE,1939,T4,LOW,Roman de Tristan,Béroul,/works/OL2565782W,0.667,1.000,Open Library first_publish_year candidate
P2_EXTERNAL_MATCH_FRIENDLY,Unbeaten Tracks in Japan.md,WL-WORK-1388,Unbeaten Tracks in Japan,,伊莎贝拉·伯德,Bird,,,CANDIDATE,1880,T3,LOW,Unbeaten tracks in Japan,Isabella L. Bird,/works/OL1077888W,1.000,0.471,Open Library first_publish_year candidate
P2_EXTERNAL_MATCH_FRIENDLY,Under the Red Robe.md,WL-WORK-2427,Under the Red Robe,,斯坦利·韦曼,Stanley Weyman,,,CANDIDATE,1894,T4,MEDIUM,Under the red robe,Stanley John Weymann,/works/OL6697786W,1.000,0.839,Open Library first_publish_year candidate
P2_EXTERNAL_MATCH_FRIENDLY,Uninhabited House.md,WL-WORK-0552,Uninhabited House,,夏洛特·里德尔,Charlotte Riddell,,,CANDIDATE,2003,T6,MEDIUM,The Uninhabited House,Charlotte Riddell,/works/OL9699635W,0.914,1.000,Open Library first_publish_year candidate
P2_EXTERNAL_MATCH_FRIENDLY,Yoruba Myths.md,WL-WORK-1390,Yoruba Myths,,乌利·拜尔,Ulli Beier,,,CANDIDATE_BOUNDARY,1980,T6,HIGH,Yoruba myths,Ulli Beier,/works/OL18258014W,1.000,1.000,Open Library first_publish_year candidate
P1_CANON_AWARD,一千英亩.md,WL-WORK-0962,一千英亩,,简·斯迈利,Jane Smiley,,WL-AWARD-PULITZER-FICTION,NO_MATCH,,,,,,,,,no result with first_publish_year
P1_CANON_AWARD,中性.md,WL-WORK-0970,中性,,杰弗里·尤金尼德斯,Jeffrey Eugenides,,WL-AWARD-PULITZER-FICTION,NO_MATCH,,,,,,,,,no result with first_publish_year
P1_CANON_AWARD,乔纳森·斯特兰奇与诺雷尔先生.md,WL-WORK-0572,乔纳森·斯特兰奇与诺雷尔先生,,苏珊娜·克拉克,Susanna Clarke,,WL-AWARD-HUGO,NO_MATCH,,,,,,,,,no result with first_publish_year
P1_CANON_AWARD,凯恩舰哗变.md,WL-WORK-2025,凯恩舰哗变,,赫尔曼·沃克,Herman Wouk,,WL-AWARD-PULITZER-FICTION,NO_MATCH,,,,,,,,,no result with first_publish_year
P1_CANON_AWARD,北上.md,WL-WORK-1007,北上,,徐则臣,,,WL-AWARD-MAODUN,NO_MATCH,,,,,,,,,no result with first_publish_year
P1_CANON_AWARD,占有.md,WL-WORK-1012,占有,,A.S.拜厄特,A.S. Byatt,,WL-AWARD-BOOKER,NO_MATCH,,,,,,,,,no result with first_publish_year
P1_CANON_AWARD,同情者.md,WL-WORK-2034,同情者,,阮清越,Viet Thanh Nguyen,,WL-AWARD-PULITZER-FICTION,NO_MATCH,,,,,,,,,no result with first_publish_year
P2_EXTERNAL_MATCH_FRIENDLY,国王叙事诗.md,WL-WORK-2484,国王叙事诗,Idylls of the King,丁尼生,解构,,,NO_MATCH,,,,,,,,,no result with first_publish_year
P1_CANON_AWARD,如此漫长的信.md,WL-WORK-2051,如此漫长的信,,玛丽亚玛·芭,Mariama Bâ,CANON-193,,NO_MATCH,,,,,,,,,no result with first_publish_year
P1_CANON_AWARD,安息角.md,WL-WORK-2503,安息角,Angle of Repose,华莱士·斯特格纳,Stegner,,WL-AWARD-PULITZER-FICTION,CANDIDATE,1971,T5,LOW,Angle of repose,Wallace Stegner,/works/OL478213W,1.000,0.667,Open Library first_publish_year candidate
P2_EXTERNAL_MATCH_FRIENDLY,幽灵小姐.md,WL-WORK-2515,幽灵小姐,La dama duende,卡尔德隆,Pedro Calderón de la Barca,,,CANDIDATE_BOUNDARY,1945,T5,HIGH,La dama duende,Pedro Calderón de la Barca,/works/OL10341552W,1.000,1.000,Open Library first_publish_year candidate
P2_EXTERNAL_MATCH_FRIENDLY,强盗.md,WL-WORK-2520,强盗,Die Räuber,席勒,Schiller,,,CANDIDATE,1781,T2,LOW,Die Räuber,Friedrich Schiller,/works/OL207633W,1.000,0.640,Open Library first_publish_year candidate
P1_CANON_AWARD,所有我们看不见的光.md,WL-WORK-1121,所有我们看不见的光,,安东尼·多尔,Anthony Doerr,,WL-AWARD-PULITZER-FICTION,NO_MATCH,,,,,,,,,no result with first_publish_year
P2_EXTERNAL_MATCH_FRIENDLY,曾达的囚徒.md,WL-WORK-2542,曾达的囚徒,The Prisoner of Zenda,安东尼·霍普,Anthony Hope,,,CANDIDATE_BOUNDARY,1800,T3,HIGH,The Prisoner of Zenda,"Anthony Hope;Gary Hoppenstand;Diane Mowat;Alan Marks;Francesc Ràfols;Andrew Pugsley;Summer M. Hogan;Summer Hogan;Smidgen Press;Charles Dana Gibson;Daniel Lanza Barba;Javier Fornell Fernandez;Stephen Colbourn;Katy Jackson;James Wilby;Robinson, M.",/works/OL245401W,1.000,1.000,Open Library first_publish_year candidate
P1_CANON_AWARD,杀戮天使.md,WL-WORK-1153,杀戮天使,,迈克尔·沙拉,Michael Shaara,,WL-AWARD-PULITZER-FICTION,NO_MATCH,,,,,,,,,no result with first_publish_year
P2_EXTERNAL_MATCH_FRIENDLY,桶子.md,WL-WORK-0053,桶子,The Cask,弗里曼·克罗夫茨,Crofts,,,CANDIDATE,1920,T4,LOW,The cask,Freeman Wills Crofts,/works/OL5204285W,1.000,0.500,Open Library first_publish_year candidate
P2_EXTERNAL_MATCH_FRIENDLY,永恒者.md,WL-WORK-0471,永恒者,El Eternauta,埃克托尔·赫尔曼·奥斯特尔德,Héctor Germán Oesterheld,,,CANDIDATE,2011,T6,LOW,El eternauta,H. G. Oesterheld,/works/OL16497355W,1.000,0.706,Open Library first_publish_year candidate
P1_CANON_AWARD,狼厅.md,WL-WORK-1211,狼厅,,近代欧洲,,,WL-AWARD-BOOKER,NO_MATCH,,,,,,,,,no result with first_publish_year
P2_EXTERNAL_MATCH_FRIENDLY,猎人.md,WL-WORK-0255,猎人,The Hunter,理查德·斯塔克,Richard Stark,,,CANDIDATE,1962,T5,LOW,The Hunter (aka Point Blank and Payback),Donald E. Westlake,/works/OL15024601W,0.439,0.444,Open Library first_publish_year candidate
P1_CANON_AWARD,白门柳.md,WL-WORK-1223,白门柳,,刘斯奋,,,WL-AWARD-MAODUN,NO_MATCH,,,,,,,,,no result with first_publish_year
P2_EXTERNAL_MATCH_FRIENDLY,穿绿裤子的唐·希尔.md,WL-WORK-2587,穿绿裤子的唐·希尔,Don Gil de las calzas verdes,蒂尔索·德·莫利纳,Tirso de Molina,,,CANDIDATE_BOUNDARY,1800,T3,HIGH,Don Gil de las calzas verdes,Tirso de Molina,/works/OL638605W,1.000,1.000,Open Library first_publish_year candidate
P2_EXTERNAL_MATCH_FRIENDLY,米夏埃尔·科尔哈斯.md,WL-WORK-2590,米夏埃尔·科尔哈斯,Michael Kohlhaas,克莱斯特,Kleist,,,CANDIDATE,1902,T4,LOW,Michael Kohlhaas,Heinrich von Kleist,/works/OL1451547W,1.000,0.522,Open Library first_publish_year candidate
P1_CANON_AWARD,纯真年代.md,WL-WORK-2116,纯真年代,,伊迪丝·华顿,Edith Wharton,,WL-AWARD-PULITZER-FICTION,NO_MATCH,,,,,,,,,no result with first_publish_year
P2_EXTERNAL_MATCH_FRIENDLY,致命的宁静.md,WL-WORK-0138,致命的宁静,Still Life,路易丝·佩尼,Louise Penny,,,CANDIDATE,2005,T6,LOW,Still Life (A Three Pines Mystery),Louise Penny,/works/OL8475913W,0.500,1.000,Open Library first_publish_year candidate
P2_EXTERNAL_MATCH_FRIENDLY,苏格兰西部群岛之旅.md,WL-WORK-1500,苏格兰西部群岛之旅,A Journey to the Western Islands of Scotland,塞缪尔·约翰逊,Johnson,,,CANDIDATE,1775,T2,LOW,A Journey to the Western Islands of Scotland,Samuel Johnson,/works/OL14862665W,1.000,0.700,Open Library first_publish_year candidate
P2_EXTERNAL_MATCH_FRIENDLY,赫布里底群岛旅行日记.md,WL-WORK-1509,赫布里底群岛旅行日记,The Journal of a Tour to the Hebrides,詹姆斯·鲍斯韦尔,Boswell,,,CANDIDATE,1784,T2,LOW,The journal of a tour to the Hebrides with Samuel Johnson,James Boswell,/works/OL2487849W,0.779,0.737,Open Library first_publish_year candidate
P2_EXTERNAL_MATCH_FRIENDLY,雇员们.md,WL-WORK-0482,雇员们,The Employees,奥尔加·拉夫恩,Olga Ravn,,,NO_MATCH,,,,,,,,,no result with first_publish_year
P2_EXTERNAL_MATCH_FRIENDLY,青砥稿花红彩画.md,WL-WORK-2639,青砥稿花红彩画,Aoto Zōshi Hana no Nishiki-e,河竹默阿弥,日本,,,NO_MATCH,,,,,,,,,no result with first_publish_year
P1_CANON_AWARD,飘.md,WL-WORK-1330,飘,,玛格丽特·米切尔,Margaret Mitchell,,WL-AWARD-PULITZER-FICTION,NO_MATCH,,,,,,,,,no result with first_publish_year
P2_EXTERNAL_MATCH_FRIENDLY,驼背人.md,WL-WORK-2645,驼背人,Le Bossu,保罗·费瓦尔,复仇,,,NO_MATCH,,,,,,,,,no result with first_publish_year
P2_EXTERNAL_MATCH_FRIENDLY,高卢的阿玛迪斯.md,WL-WORK-2648,高卢的阿玛迪斯,Amadís,加尔西·罗德里格斯·德·蒙塔尔沃,Garci Rodríguez de Montalvo,,,CANDIDATE,1974,T5,LOW,Amadis of Gaul,Garci Rodríguez de Montalvo,/works/OL19159590W,0.667,1.000,Open Library first_publish_year candidate
P2_EXTERNAL_MATCH_FRIENDLY,麦地那与麦加朝圣记.md,WL-WORK-1521,麦地那与麦加朝圣记,Personal Narrative of a Pilgrimage to Al-Madinah and Meccah,理查德·伯顿,Burton,,,NO_MATCH,,,,,,,,,no result with first_publish_year
