tier,file,id,title,title_original,author,author_original,canon_id,awards,source_ref_keys,topics,deep_status,deep_earliest_year,deep_earliest_t,deep_first_publish_year,deep_first_publish_t,deep_title,deep_authors,deep_key,deep_year_count,deep_year_min,deep_year_max,deep_match_score,resolution_status,chosen_t,canonical_year_candidate,resolution_reason,author_only_status,author_only_proven_t,author_active_start,author_active_end,author_match_name,author_match_score,author_birth_year,author_death_year,author_key
P2_EXTERNAL_MATCH_FRIENDLY,1914 and Other Poems.md,WL-WORK-1931,1914 and Other Poems,,鲁珀特·布鲁克,Rupert Brooke,,,batch5_source_refs,WL-TOPIC-Q6-WAR,STABLE_T,1916,T4,1916,T4,1914 and other poems,Rupert Brooke,/works/OL42504199W,2,1916,1941,2.000,SAFE_T,T4,1916,强标题+作者匹配；最早版次年份与 first_publish_year 落在同一 T,SAFE_T_AUTHOR_RANGE,T4,1902,1915,"Brooke, Rupert",1.000,1887,1915,OL218787A
P2_EXTERNAL_MATCH_FRIENDLY,A Long Way Gone.md,WL-WORK-1935,A Long Way Gone,,伊斯梅尔·比亚,Ishmael Beah,,,batch5_source_refs,WL-TOPIC-Q6-WAR,STABLE_T,2007,T6,2007,T6,A Long Way Gone,Ishmael Beah,/works/OL8034119W,5,2007,2021,2.000,SAFE_T,T6,2007,强标题+作者匹配；最早版次年份与 first_publish_year 落在同一 T,SAFE_T_AUTHOR_RANGE,T6,1995,2026,Ishmael Beah,1.000,1980,,OL2674861A
P2_EXTERNAL_MATCH_FRIENDLY,A New Voyage Round the World.md,WL-WORK-0490,A New Voyage Round the World,,威廉·丹皮尔,William Dampier,,,batch1_source_refs;batch6_source_refs,WL-TOPIC-G45-ADVENTURE;WL-TOPIC-Q15;WL-TOPIC-Q15-PIRATE,STABLE_T,1697,T2,1697,T2,A new voyage round the world,William Dampier,/works/OL39466557W,2,1697,1699,2.000,SAFE_T,T2,1697,强标题+作者匹配；最早版次年份与 first_publish_year 落在同一 T,SAFE_T_AUTHOR_RANGE,T2,1667,1715,William Dampier,1.000,1652,1715,OL926491A
P2_EXTERNAL_MATCH_FRIENDLY,A Woman's Journey Round the World.md,WL-WORK-1345,A Woman's Journey Round the World,,伊达·普费弗尔,Ida Pfeiffer,,,batch3_source_refs,WL-TOPIC-G7-TRAVEL,STABLE_T,1852,T3,1852,T3,A Woman's Journey Round the World,Ida Pfeiffer,/works/OL910375W,5,1852,2007,2.000,SAFE_T,T3,1852,强标题+作者匹配；最早版次年份与 first_publish_year 落在同一 T,SAFE_T_AUTHOR_RANGE,T3,1812,1858,Ida Pfeiffer,1.000,1797,1858,OL79933A
P2_EXTERNAL_MATCH_FRIENDLY,Aniceto el Gallo.md,WL-WORK-2160,Aniceto el Gallo,,阿斯卡苏比,Hilario Ascasubi,,,batch6_source_refs,WL-TOPIC-Q15;WL-TOPIC-Q15-GAUCHO,STABLE_T,2023,T6,2023,T6,Aniceto el Gallo,Hilario Ascasubi,/works/OL37642422W,1,2023,2023,2.000,SAFE_T,T6,2023,强标题+作者匹配；最早版次年份与 first_publish_year 落在同一 T,SAFE_T_AUTHOR_RANGE,T3,1822,1875,Hilario Ascasubi,1.000,1807,1875,OL2024401A
P2_EXTERNAL_MATCH_FRIENDLY,Anton Reiser.md,WL-WORK-0915,Anton Reiser,,卡尔·菲利普·莫里茨,Karl Philipp Moritz,,,batch2_source_refs,WL-TOPIC-G43-BILDUNGSROMAN,STABLE_T,1785,T2,1785,T2,Anton Reiser,Karl Philipp Moritz,/works/OL38766286W,5,1785,1960,2.000,SAFE_T,T2,1785,强标题+作者匹配；最早版次年份与 first_publish_year 落在同一 T,SAFE_T_AUTHOR_RANGE,T2,1771,1793,Karl Philipp Moritz,1.000,1756,1793,OL189504A
P2_EXTERNAL_MATCH_FRIENDLY,"Astucia, el jefe de los Hermanos de la Hoja.md",WL-WORK-2164,"Astucia, el jefe de los Hermanos de la Hoja",Astucia,路易斯·G.因克兰,Luis G. Inclán,,,batch6_source_refs,WL-TOPIC-Q15;WL-TOPIC-Q15-OUTLAW,STABLE_T,1908,T4,1908,T4,Astucia,Luis Gonzaga Inclán,/works/OL6129409W,5,1908,2005,1.812,SAFE_T,T4,1908,强标题+作者匹配；最早版次年份与 first_publish_year 落在同一 T,SAFE_T_AUTHOR_RANGE,T3,1831,1875,Luis Gonzaga Inclán,1.000,1816,1875,OL1565816A
P2_EXTERNAL_MATCH_FRIENDLY,Beach Read.md,WL-WORK-1944,Beach Read,,埃米莉·亨利,Emily Henry,,,batch5_source_refs,WL-TOPIC-Q2-LOVE,STABLE_T,2020,T6,2020,T6,Beach Read,Emily Henry,/works/OL20734329W,5,2020,2024,2.000,SAFE_T,T6,2020,强标题+作者匹配；最早版次年份与 first_publish_year 落在同一 T,SAFE_T_AUTHOR_RANGE,T6,2006,2026,Emily Henry,1.000,1991,,OL7410858A
P2_EXTERNAL_MATCH_FRIENDLY,Book Lovers.md,WL-WORK-1949,Book Lovers,,埃米莉·亨利,Emily Henry,,,batch5_source_refs,WL-TOPIC-Q2-LOVE,STABLE_T,2022,T6,2022,T6,Book Lovers,Emily Henry,/works/OL24801992W,3,2022,2024,2.000,SAFE_T,T6,2022,强标题+作者匹配；最早版次年份与 first_publish_year 落在同一 T,SAFE_T_AUTHOR_RANGE,T6,2006,2026,Emily Henry,1.000,1991,,OL7410858A
P2_EXTERNAL_MATCH_FRIENDLY,Boyfriend Material.md,WL-WORK-1950,Boyfriend Material,,亚历克西斯·霍尔,Alexis Hall,,,batch5_source_refs,WL-TOPIC-Q2-LOVE,STABLE_T,2020,T6,2020,T6,Boyfriend Material,Alexis Hall,/works/OL20840329W,6,2020,2026,2.000,SAFE_T,T6,2020,强标题+作者匹配；最早版次年份与 first_publish_year 落在同一 T,SAFE_T_AUTHOR_RANGE,T6,1995,2026,Alexis Hall,1.000,1980,,OL7508207A
P2_EXTERNAL_MATCH_FRIENDLY,Certain Dark Things.md,WL-WORK-0495,Certain Dark Things,,西尔维娅·莫雷诺-加西亚,Silvia Moreno-Garcia,,,batch1_source_refs,WL-TOPIC-G45-HORROR,STABLE_T,2016,T6,2016,T6,Certain Dark Things,Silvia Moreno-Garcia,/works/OL20039652W,3,2016,2022,2.000,SAFE_T,T6,2016,强标题+作者匹配；最早版次年份与 first_publish_year 落在同一 T,SAFE_T_AUTHOR_RANGE,T6,1996,2026,Silvia Moreno-Garcia,1.000,1981,,OL7481396A
P2_EXTERNAL_MATCH_FRIENDLY,"Cogewea, the Half-Blood.md",WL-WORK-2188,"Cogewea, the Half-Blood",,哀鸽,Mourning Dove,,,batch6_source_refs,WL-TOPIC-Q15;WL-TOPIC-Q15-WESTERN,STABLE_T,2024,T6,2024,T6,"Cogewea, the Half Blood",Mourning Dove,/works/OL37874714W,1,2024,2024,2.000,SAFE_T,T6,2024,强标题+作者匹配；最早版次年份与 first_publish_year 落在同一 T,SAFE_T_AUTHOR_RANGE,T4,1903,1936,Mourning Dove,1.000,1888,1936,OL1005122A
P2_EXTERNAL_MATCH_FRIENDLY,Exquisite Corpse.md,WL-WORK-0500,Exquisite Corpse,,波比·Z.布赖特,Poppy Z. Brite,,,batch1_source_refs,WL-TOPIC-G45-HORROR,STABLE_T,1996,T6,1996,T6,Exquisite Corpse,Poppy Z. Brite,/works/OL20864713W,6,1996,2015,2.000,SAFE_T,T6,1996,强标题+作者匹配；最早版次年份与 first_publish_year 落在同一 T,SAFE_T_AUTHOR_RANGE,T6,1982,2026,Poppy Z. Brite,1.000,1967,,OL397484A
P2_EXTERNAL_MATCH_FRIENDLY,Fourth Wing.md,WL-WORK-1959,Fourth Wing,,丽贝卡·亚罗斯,Rebecca Yarros,,,batch5_source_refs,WL-TOPIC-Q2-LOVE,STABLE_T,2023,T6,2023,T6,Fourth Wing,Rebecca Yarros,/works/OL29226517W,3,2023,2025,2.000,SAFE_T,T6,2023,强标题+作者匹配；最早版次年份与 first_publish_year 落在同一 T,SAFE_T_AUTHOR_RANGE,T6,1996,2026,Rebecca Yarros,1.000,1981,,OL7825177A
P2_EXTERNAL_MATCH_FRIENDLY,Her Privates We.md,WL-WORK-1964,Her Privates We,,弗雷德里克·曼宁,Frederic Manning,,,batch5_source_refs,WL-TOPIC-Q6-WAR,STABLE_T,1930,T4,1930,T4,"Her privates, we",Frederic Manning,/works/OL4445615W,3,1930,1964,2.000,SAFE_T,T4,1930,强标题+作者匹配；最早版次年份与 first_publish_year 落在同一 T,SAFE_T_AUTHOR_RANGE,T4,1897,1935,Frederic Manning,1.000,1882,1935,OL884910A
P2_EXTERNAL_MATCH_FRIENDLY,Hormiga Negra.md,WL-WORK-2241,Hormiga Negra,,爱德华多·古铁雷斯,Eduardo Gutiérrez,,,batch6_source_refs,WL-TOPIC-Q15;WL-TOPIC-Q15-GAUCHO,STABLE_T,1900,T4,1900,T4,Hormiga Negra,Eduardo Gutierrez,/works/OL10155835W,1,1900,1900,2.000,SAFE_T,T4,1900,强标题+作者匹配；最早版次年份与 first_publish_year 落在同一 T,SAFE_T_AUTHOR_RANGE,T3,1866,1889,Eduardo Gutiérrez,1.000,1851,1889,OL66353A
P2_EXTERNAL_MATCH_FRIENDLY,How Much of These Hills Is Gold.md,WL-WORK-2244,How Much of These Hills Is Gold,,张沧畔,C Pam Zhang,,,batch6_source_refs,WL-TOPIC-Q15;WL-TOPIC-Q15-WESTERN,STABLE_T,2020,T6,2020,T6,How much of these hills is gold,C Pam Zhang,/works/OL20660554W,2,2020,2021,2.000,SAFE_T,T6,2020,强标题+作者匹配；最早版次年份与 first_publish_year 落在同一 T,SAFE_T_AUTHOR_RANGE,T6,2005,2026,C Pam Zhang,1.000,1990,,OL7828910A
P2_EXTERNAL_MATCH_FRIENDLY,Human Sacrifices.md,WL-WORK-0503,Human Sacrifices,,玛丽亚·费尔南达·安普埃罗,María Fernanda Ampuero,,,batch1_source_refs,WL-TOPIC-G45-HORROR,STABLE_T,2023,T6,2023,T6,Human Sacrifices,María Fernanda Ampuero,/works/OL37878809W,1,2023,2023,2.000,SAFE_T,T6,2023,强标题+作者匹配；最早版次年份与 first_publish_year 落在同一 T,SAFE_T_AUTHOR_RANGE,T6,1991,2026,María Fernanda Ampuero,1.000,1976,,OL7992626A
P2_EXTERNAL_MATCH_FRIENDLY,Jawbone.md,WL-WORK-0505,Jawbone,,莫妮卡·奥赫达,Mónica Ojeda,,,batch1_source_refs,WL-TOPIC-G45-HORROR,STABLE_T,2022,T6,2022,T6,Jawbone,Mónica Ojeda,/works/OL28803815W,1,2022,2022,2.000,SAFE_T,T6,2022,强标题+作者匹配；最早版次年份与 first_publish_year 落在同一 T,SAFE_T_AUTHOR_RANGE,T6,2003,2026,Mónica Ojeda,1.000,1988,,OL7394328A
P2_EXTERNAL_MATCH_FRIENDLY,Just Like Home.md,WL-WORK-0506,Just Like Home,,萨拉·盖利,Sarah Gailey,,,batch1_source_refs,WL-TOPIC-G45-HORROR,STABLE_T,2022,T6,2022,T6,Just Like Home,Sarah Gailey,/works/OL25453693W,2,2022,2023,2.000,SAFE_T,T6,2022,强标题+作者匹配；最早版次年份与 first_publish_year 落在同一 T,SAFE_T_AUTHOR_RANGE,T6,2005,2026,Sarah Gailey,1.000,1990,,OL7482725A
P2_EXTERNAL_MATCH_FRIENDLY,"Letters Written during a Short Residence in Sweden, Norway, and Denmark.md",WL-WORK-1360,"Letters Written during a Short Residence in Sweden, Norway, and Denmark",,玛丽·沃斯通克拉夫特,Mary Wollstonecraft,,,batch3_source_refs,WL-TOPIC-G7-TRAVEL,STABLE_T,1796,T2,1796,T2,"Letters written during a short residence in Sweden, Norway, and Denmark",Mary Wollstonecraft,/works/OL849224W,9,1796,2009,2.000,SAFE_T,T2,1796,强标题+作者匹配；最早版次年份与 first_publish_year 落在同一 T,SAFE_T_AUTHOR_RANGE,T2,1774,1797,Mary Wollstonecraft,1.000,1759,1797,OL73405A
P2_EXTERNAL_MATCH_FRIENDLY,Lone Women.md,WL-WORK-2274,Lone Women,,维克多·拉瓦勒,Victor LaValle,,,batch6_source_refs,WL-TOPIC-Q15;WL-TOPIC-Q15-WESTERN,STABLE_T,2024,T6,2024,T6,Lone Women,Victor LaValle,/works/OL37573401W,1,2024,2024,2.000,SAFE_T,T6,2024,强标题+作者匹配；最早版次年份与 first_publish_year 落在同一 T,SAFE_T_AUTHOR_RANGE,T6,1987,2026,Victor D. LaValle,1.000,1972,,OL24705A
P2_EXTERNAL_MATCH_FRIENDLY,Looking for Transwonderland／ Travels in Nigeria.md,WL-WORK-1361,Looking for Transwonderland: Travels in Nigeria,Looking for Transwonderland,努·萨罗-维瓦,Noo Saro-Wiwa,,,batch3_source_refs,WL-TOPIC-G7-TRAVEL,STABLE_T,2012,T6,2012,T6,Looking for transwonderland,Noo Saro-Wiwa,/works/OL16592918W,1,2012,2012,2.000,SAFE_T,T6,2012,强标题+作者匹配；最早版次年份与 first_publish_year 落在同一 T,SAFE_T_AUTHOR_RANGE,T6,1991,2026,Noo Saro-Wiwa,1.000,1976,,OL7109684A
P2_EXTERNAL_MATCH_FRIENDLY,Morgante.md,WL-WORK-2287,Morgante,,路易吉·普尔奇,Luigi Pulci,,,batch6_source_refs,WL-TOPIC-Q15;WL-TOPIC-Q15-KNIGHT,STABLE_T,2003,T6,2003,T6,Morgante,Luigi Pulci,/works/OL13615002W,1,2003,2003,2.000,SAFE_T,T6,2003,强标题+作者匹配；最早版次年份与 first_publish_year 落在同一 T,SAFE_T_AUTHOR_RANGE,T1,1447,1484,Luigi Pulci,1.000,1432,1484,OL186323A
P2_EXTERNAL_MATCH_FRIENDLY,O Cabeleira.md,WL-WORK-2291,O Cabeleira,,富兰克林·塔沃拉,Franklin Távora,,,batch6_source_refs,WL-TOPIC-Q15;WL-TOPIC-Q15-OUTLAW,STABLE_T,1953,T5,1953,T5,O cabeleira,Franklin Távora,/works/OL12415877W,2,1953,1963,2.000,SAFE_T,T5,1953,强标题+作者匹配；最早版次年份与 first_publish_year 落在同一 T,SAFE_T_AUTHOR_RANGE,T3,1857,1888,Franklin Távora,1.000,1842,1888,OL5472666A
P2_EXTERNAL_MATCH_FRIENDLY,O Gaúcho.md,WL-WORK-2292,O Gaúcho,,若泽·德·阿伦卡尔,José de Alencar,,,batch6_source_refs,WL-TOPIC-Q15;WL-TOPIC-Q15-GAUCHO,STABLE_T,1923,T4,1923,T4,O gaúcho,José de Alencar,/works/OL1525637W,7,1923,2022,2.000,SAFE_T,T4,1923,强标题+作者匹配；最早版次年份与 first_publish_year 落在同一 T,SAFE_T_AUTHOR_RANGE,T3,1844,1877,José de Alencar,1.000,1829,1877,OL161946A
P2_EXTERNAL_MATCH_FRIENDLY,QualityLand.md,WL-WORK-0939,QualityLand,,马克-乌韦·克林,Marc-Uwe Kling,,,batch2_source_refs,WL-TOPIC-G46-DYSTOPIA,STABLE_T,2017,T6,2017,T6,QualityLand,Marc-Uwe Kling,/works/OL19792034W,4,2017,2021,2.000,SAFE_T,T6,2017,强标题+作者匹配；最早版次年份与 first_publish_year 落在同一 T,SAFE_T_AUTHOR_RANGE,T6,1997,2026,Marc-Uwe Kling,1.000,1982,,OL7210658A
P2_EXTERNAL_MATCH_FRIENDLY,Reservation Blues.md,WL-WORK-2315,Reservation Blues,,谢尔曼·阿莱克西,Sherman Alexie,,,batch6_source_refs,WL-TOPIC-Q15;WL-TOPIC-Q15-WESTERN,STABLE_T,1995,T6,1995,T6,Reservation blues,Sherman Alexie,/works/OL46478W,4,1995,2005,2.000,SAFE_T,T6,1995,强标题+作者匹配；最早版次年份与 first_publish_year 落在同一 T,SAFE_T_AUTHOR_RANGE,T6,1981,2026,Sherman Alexie,1.000,1966,,OL34236A
P2_EXTERNAL_MATCH_FRIENDLY,Ring Shout.md,WL-WORK-0516,Ring Shout,,P.杰利·克拉克,P. Djèlí Clark,,,batch1_source_refs,WL-TOPIC-G45-HORROR,STABLE_T,2020,T6,2020,T6,Ring Shout,P. Djèlí Clark,/works/OL20890999W,2,2020,2021,2.000,SAFE_T,T6,2020,强标题+作者匹配；最早版次年份与 first_publish_year 落在同一 T,SAFE_T_AUTHOR_RANGE,T6,1986,2026,P. Djèlí Clark,1.000,1971,,OL7504557A
P2_EXTERNAL_MATCH_FRIENDLY,Russian Folk Belief.md,WL-WORK-1369,Russian Folk Belief,,琳达·伊万尼茨,Linda Ivanits,,,batch3_source_refs,WL-TOPIC-G1-MYTH,STABLE_T,1989,T6,1989,T6,Russian folk belief,Linda J. Ivanits,/works/OL4982500W,2,1989,1992,1.929,SAFE_T,T6,1989,强标题+作者匹配；最早版次年份与 first_publish_year 落在同一 T,SAFE_T_AUTHOR_RANGE,T6,1984,2026,Linda Ivanits,1.000,1969,,OL5104966A
P2_EXTERNAL_MATCH_FRIENDLY,Safarnama ／ 旅行记.md,WL-WORK-1370,Safarnama / 旅行记,Safarnama,纳赛尔·霍斯陆,Nasir Khusraw,,,batch3_source_refs,WL-TOPIC-G7-TRAVEL,STABLE_T,1950,T5,1950,T5,Safar-nāma,Nāṣir-i Khusraw,/works/OL36915538W,1,1950,1950,1.876,SAFE_T,T5,1950,强标题+作者匹配；最早版次年份与 first_publish_year 落在同一 T,SAFE_T_AUTHOR_RANGE,T1,1019,1088,Nāṣir-i Khusraw,1.000,1004,1088,OL109667A
P2_EXTERNAL_MATCH_FRIENDLY,Sarajevo Marlboro.md,WL-WORK-1980,Sarajevo Marlboro,,米连科·耶尔戈维奇,Miljenko Jergović,,,batch5_source_refs,WL-TOPIC-Q6-WAR,STABLE_T,2018,T6,2018,T6,Sarajevo Marlboro,Miljenko Jergovic,/works/OL26278001W,1,2018,2018,2.000,SAFE_T,T6,2018,强标题+作者匹配；最早版次年份与 first_publish_year 落在同一 T,SAFE_T_AUTHOR_RANGE,T6,1981,2026,Miljenko Jergović,1.000,1966,,OL66941A
P2_EXTERNAL_MATCH_FRIENDLY,Slave to Sensation.md,WL-WORK-1982,Slave to Sensation,,纳莉妮·辛格,Nalini Singh,,,batch5_source_refs,WL-TOPIC-Q2-LOVE,STABLE_T,2006,T6,2006,T6,Slave to Sensation,Nalini Singh,/works/OL5696710W,2,2006,2009,2.000,SAFE_T,T6,2006,强标题+作者匹配；最早版次年份与 first_publish_year 落在同一 T,SAFE_T_AUTHOR_RANGE,T6,1992,2026,Nalini Singh,1.000,1977,,OL1386317A
P2_EXTERNAL_MATCH_FRIENDLY,The Absolutely True Diary of a Part-Time Indian.md,WL-WORK-0946,The Absolutely True Diary of a Part-Time Indian,,谢尔曼·阿莱克西,Sherman Alexie,,,batch2_source_refs,WL-TOPIC-G43-BILDUNGSROMAN,STABLE_T,2007,T6,2007,T6,The Absolutely True Diary of a Part-Time Indian,Sherman Alexie,/works/OL46472W,10,2007,2019,2.000,SAFE_T,T6,2007,强标题+作者匹配；最早版次年份与 first_publish_year 落在同一 T,SAFE_T_AUTHOR_RANGE,T6,1981,2026,Sherman Alexie,1.000,1966,,OL34236A
P2_EXTERNAL_MATCH_FRIENDLY,The Book of the Order of Chivalry.md,WL-WORK-2366,The Book of the Order of Chivalry,,拉蒙·柳利,Ramon Llull,,,batch6_source_refs,WL-TOPIC-Q15;WL-TOPIC-Q15-KNIGHT,STABLE_T,1991,T6,1991,T6,The book of the order of chivalry,Ramon Llull,/works/OL1425932W,1,1991,1991,2.000,SAFE_T,T6,1991,强标题+作者匹配；最早版次年份与 first_publish_year 落在同一 T,SAFE_T_AUTHOR_RANGE,T1,1247,1316,Ramon Llull,1.000,1232,1316,OL148354A
P2_EXTERNAL_MATCH_FRIENDLY,The Boy Hunters.md,WL-WORK-0525,The Boy Hunters,,梅恩·里德,Mayne Reid,,,batch1_source_refs,WL-TOPIC-G45-ADVENTURE,STABLE_T,1880,T3,1880,T3,The boy hunters,Mayne Reid,/works/OL5305928W,4,1880,2007,2.000,SAFE_T,T3,1880,强标题+作者匹配；最早版次年份与 first_publish_year 落在同一 T,SAFE_T_AUTHOR_RANGE,T3,1833,1883,Mayne Reid,1.000,1818,1883,OL1206620A
P2_EXTERNAL_MATCH_FRIENDLY,The Kiss Quotient.md,WL-WORK-1989,The Kiss Quotient,,海伦·黄,Helen Hoang,,,batch5_source_refs,WL-TOPIC-Q2-LOVE,STABLE_T,2018,T6,2018,T6,The Kiss Quotient,Helen Hoang,/works/OL19744698W,5,2018,2023,2.000,SAFE_T,T6,2018,强标题+作者匹配；最早版次年份与 first_publish_year 落在同一 T,SAFE_T_AUTHOR_RANGE,T6,1997,2026,Helen Hoang,1.000,1982,,OL7536754A
P2_EXTERNAL_MATCH_FRIENDLY,The Oregon Trail.md,WL-WORK-2396,The Oregon Trail,,弗朗西斯·帕克曼,Francis Parkman,,,batch6_source_refs,WL-TOPIC-Q15;WL-TOPIC-Q15-WESTERN,STABLE_T,1872,T3,1872,T3,The Oregon Trail,Francis Parkman,/works/OL15009972W,7,1872,2003,2.000,SAFE_T,T3,1872,强标题+作者匹配；最早版次年份与 first_publish_year 落在同一 T,SAFE_T_AUTHOR_RANGE,T3,1803,1852,Francis Parkman,1.000,1788,1852,OL4476871A
P2_EXTERNAL_MATCH_FRIENDLY,The Road to Oxiana.md,WL-WORK-1380,The Road to Oxiana,,罗伯特·拜伦,Robert Byron,,,batch3_source_refs,WL-TOPIC-G7-TRAVEL,STABLE_T,1937,T4,1937,T4,The road to Oxiana,Robert Byron,/works/OL2313671W,7,1937,2007,2.000,SAFE_T,T4,1937,强标题+作者匹配；最早版次年份与 first_publish_year 落在同一 T,SAFE_T_AUTHOR_RANGE,T4,1920,1941,Robert Byron,1.000,1905,1941,OL307512A
P2_EXTERNAL_MATCH_FRIENDLY,The Surrendered.md,WL-WORK-1993,The Surrendered,,李昌来,Chang-rae Lee,,,batch5_source_refs,WL-TOPIC-Q6-WAR,STABLE_T,2008,T6,2008,T6,The Surrendered,Chang-rae Lee,/works/OL8460280W,3,2008,2011,2.000,SAFE_T,T6,2008,强标题+作者匹配；最早版次年份与 first_publish_year 落在同一 T,SAFE_T_AUTHOR_RANGE,T6,1980,2026,Chang-rae Lee,1.000,1965,,OL25430A
P2_EXTERNAL_MATCH_FRIENDLY,The Viscount Who Loved Me.md,WL-WORK-1994,The Viscount Who Loved Me,,朱莉娅·奎因,Julia Quinn,,,batch5_source_refs,WL-TOPIC-Q2-LOVE,STABLE_T,2000,T6,2000,T6,The Viscount Who Loved Me,Julia Quinn,/works/OL8464993W,8,2000,2022,2.000,SAFE_T,T6,2000,强标题+作者匹配；最早版次年份与 first_publish_year 落在同一 T,SAFE_T_AUTHOR_RANGE,T6,1985,2026,Julia Quinn,1.000,1970,,OL40776A
P2_EXTERNAL_MATCH_FRIENDLY,The Yellow Birds.md,WL-WORK-1996,The Yellow Birds,,凯文·鲍尔斯,Kevin Powers,,,batch5_source_refs,WL-TOPIC-Q6-WAR,STABLE_T,2012,T6,2012,T6,The yellow birds,Kevin Powers,/works/OL16646245W,3,2012,2014,2.000,SAFE_T,T6,2012,强标题+作者匹配；最早版次年份与 first_publish_year 落在同一 T,SAFE_T_AUTHOR_RANGE,T6,1995,2026,Kevin Powers,1.000,1980,,OL7129415A
P2_EXTERNAL_MATCH_FRIENDLY,Those Across the River.md,WL-WORK-0550,Those Across the River,,克里斯托弗·比尔曼,Christopher Buehlman,,,batch1_source_refs,WL-TOPIC-G45-HORROR,STABLE_T,2011,T6,2011,T6,Those across the river,Christopher Buehlman,/works/OL15920647W,5,2011,2021,2.000,SAFE_T,T6,2011,强标题+作者匹配；最早版次年份与 first_publish_year 落在同一 T,SAFE_T_AUTHOR_RANGE,T6,1984,2026,Christopher Buehlman,1.000,1969,,OL6937989A
P2_EXTERNAL_MATCH_FRIENDLY,Tirant lo Blanc.md,WL-WORK-2422,Tirant lo Blanc,,若阿诺特·马托雷尔,Joanot Martorell,,,batch6_source_refs,WL-TOPIC-Q15;WL-TOPIC-Q15-KNIGHT,STABLE_T,1926,T4,1926,T4,Tirant lo Blanc,Joanot Martorell,/works/OL17201686W,4,1926,2004,2.000,SAFE_T,T4,1926,强标题+作者匹配；最早版次年份与 first_publish_year 落在同一 T,SAFE_T_AUTHOR_RANGE,T1,1425,1468,Joanot Martorell,1.000,1410,1468,OL457834A
P2_EXTERNAL_MATCH_FRIENDLY,Travels through France and Italy.md,WL-WORK-1386,Travels through France and Italy,,斯摩莱特,Smollett,,,batch3_source_refs,WL-TOPIC-G7-TRAVEL,STABLE_T,2016,T6,2016,T6,Travels Through France and Italy,T. Smollett,/works/OL41171447W,2,2016,2018,1.889,SAFE_T,T6,2016,强标题+作者匹配；最早版次年份与 first_publish_year 落在同一 T,SAFE_T_AUTHOR_RANGE,T2,1736,1771,Tobias Smollett,0.941,1721,1771,OL68612A
P2_EXTERNAL_MATCH_FRIENDLY,Willehalm.md,WL-WORK-2430,Willehalm,,沃尔夫拉姆·冯·埃申巴赫,Wolfram von Eschenbach,,,batch6_source_refs,WL-TOPIC-Q15;WL-TOPIC-Q15-KNIGHT,STABLE_T,1997,T6,1997,T6,Willehalm,Wolfram von Eschenbach,/works/OL40118446W,2,1997,2003,2.000,SAFE_T,T6,1997,强标题+作者匹配；最早版次年份与 first_publish_year 落在同一 T,SAFE_T_AUTHOR_RANGE,T1,1185,1220,Wolfram von Eschenbach,1.000,1170,1220,OL4351406A
P2_EXTERNAL_MATCH_FRIENDLY,两扇门的房子不好守.md,WL-WORK-2442,两扇门的房子不好守,"Casa con dos puertas, mala es de guardar",卡尔德隆,Pedro Calderón de la Barca,,,batch6_source_refs,WL-TOPIC-Q15;WL-TOPIC-Q15-SWASHBUCKLER,STABLE_T,1700,T2,1700,T2,Casa con dos puertas mala es de guardar,Pedro Calderón de la Barca,/works/OL37328249W,2,1700,1796,2.000,SAFE_T,T2,1700,强标题+作者匹配；最早版次年份与 first_publish_year 落在同一 T,SAFE_T_AUTHOR_RANGE,T2,1615,1681,Pedro Calderón de la Barca,1.000,1600,1681,OL4280652A
P2_EXTERNAL_MATCH_FRIENDLY,传奇与拿铁.md,WL-WORK-0582,传奇与拿铁,Legends & Lattes,特拉维斯·鲍德里,Travis Baldree,,,batch1_source_refs,WL-TOPIC-G45-FANTASY,STABLE_T,2022,T6,2022,T6,Legends & Lattes,Travis Baldree,/works/OL27591348W,3,2022,2024,2.000,SAFE_T,T6,2022,强标题+作者匹配；最早版次年份与 first_publish_year 落在同一 T,SAFE_T_AUTHOR_RANGE,T6,1992,2026,Travis Baldree,1.000,1977,,OL9109447A
P2_EXTERNAL_MATCH_FRIENDLY,园丁之犬.md,WL-WORK-2483,园丁之犬,El perro del hortelano,洛佩·德·维加,Lope de Vega,,,batch6_source_refs,WL-TOPIC-Q15;WL-TOPIC-Q15-SWASHBUCKLER,STABLE_T,1700,T2,1700,T2,El perro del hortelano,Lope de Vega,/works/OL34731656W,1,1700,1700,2.000,SAFE_T,T2,1700,强标题+作者匹配；最早版次年份与 first_publish_year 落在同一 T,SAFE_T_AUTHOR_RANGE,T2,1577,1635,Lope de Vega,1.000,1562,1635,OL80534A
P2_EXTERNAL_MATCH_FRIENDLY,幽灵小姐.md,WL-WORK-2515,幽灵小姐,La dama duende,卡尔德隆,Pedro Calderón de la Barca,,,batch6_source_refs,WL-TOPIC-Q15;WL-TOPIC-Q15-SWASHBUCKLER,STABLE_T,1685,T2,1685,T2,La dama duende,Pedro Calderón de la Barca,/works/OL20652829W,1,1685,1685,2.000,SAFE_T,T2,1685,强标题+作者匹配；最早版次年份与 first_publish_year 落在同一 T,SAFE_T_AUTHOR_RANGE,T2,1615,1681,Pedro Calderón de la Barca,1.000,1600,1681,OL4280652A
P2_EXTERNAL_MATCH_FRIENDLY,弗拉卡斯上尉.md,WL-WORK-2519,弗拉卡斯上尉,Le Capitaine Fracasse,泰奥菲尔·戈蒂耶,Théophile Gautier,,,batch6_source_refs,WL-TOPIC-Q15;WL-TOPIC-Q15-SWASHBUCKLER,STABLE_T,1863,T3,1863,T3,Le capitaine Fracasse,Théophile Gautier,/works/OL44835396W,2,1863,1864,2.000,SAFE_T,T3,1863,强标题+作者匹配；最早版次年份与 first_publish_year 落在同一 T,SAFE_T_AUTHOR_RANGE,T3,1826,1872,Théophile Gautier,1.000,1811,1872,OL58993A
P2_EXTERNAL_MATCH_FRIENDLY,归乡.md,WL-WORK-1101,归乡,Homegoing,雅·吉亚西,Yaa Gyasi,,,batch2_source_refs;batch5_source_refs,WL-TOPIC-G43-FAMILY;WL-TOPIC-G44-HISTORICAL;WL-TOPIC-Q10-MEMORY,STABLE_T,2016,T6,2016,T6,Homegoing,Yaa Gyasi,/works/OL17795349W,4,2016,2019,2.000,SAFE_T,T6,2016,强标题+作者匹配；最早版次年份与 first_publish_year 落在同一 T,SAFE_T_AUTHOR_RANGE,T6,2004,2026,Yaa Gyasi,1.000,1989,,OL7400941A
P2_EXTERNAL_MATCH_FRIENDLY,拉莫娜.md,WL-WORK-2528,拉莫娜,Ramona,海伦·亨特·杰克逊,Helen Hunt Jackson,,,batch6_source_refs,WL-TOPIC-Q15;WL-TOPIC-Q15-WESTERN,STABLE_T,1884,T3,1884,T3,Ramona,Helen Hunt Jackson,/works/OL1800220W,34,1884,2009,2.000,SAFE_T,T3,1884,强标题+作者匹配；最早版次年份与 first_publish_year 落在同一 T,SAFE_T_AUTHOR_RANGE,T3,1845,1885,Helen Hunt Jackson,1.000,1830,1885,OL216064A
P2_EXTERNAL_MATCH_FRIENDLY,申诉.md,WL-WORK-0145,申诉,The Appeal,珍妮丝·哈利特,Janice Hallett,,,,WL-TOPIC-G45-MYSTERY,STABLE_T,2021,T6,2021,T6,The Appeal,Janice Hallett,/works/OL24630275W,2,2021,2022,2.000,SAFE_T,T6,2021,强标题+作者匹配；最早版次年份与 first_publish_year 落在同一 T,SAFE_T_AUTHOR_RANGE,T6,1984,2026,Janice Hallett,1.000,1969,,OL9284357A
P2_EXTERNAL_MATCH_FRIENDLY,白狼.md,WL-WORK-2580,白狼,Le Loup blanc,保罗·费瓦尔,Paul Féval,,,batch6_source_refs,WL-TOPIC-Q15;WL-TOPIC-Q15-SWASHBUCKLER,STABLE_T,1878,T3,1878,T3,Le loup blanc,Paul Féval,/works/OL1544765W,4,1878,1992,2.000,SAFE_T,T3,1878,强标题+作者匹配；最早版次年份与 first_publish_year 落在同一 T,SAFE_T_AUTHOR_RANGE,T3,1832,1887,Paul Féval,1.000,1817,1887,OL164319A
P2_EXTERNAL_MATCH_FRIENDLY,聪明的恋人.md,WL-WORK-2604,聪明的恋人,La discreta enamorada,洛佩·德·维加,Lope de Vega,,,batch6_source_refs,WL-TOPIC-Q15;WL-TOPIC-Q15-SWASHBUCKLER,STABLE_T,1930,T4,1930,T4,La discreta enamorada,Lope de Vega,/works/OL914806W,2,1930,1940,2.000,SAFE_T,T4,1930,强标题+作者匹配；最早版次年份与 first_publish_year 落在同一 T,SAFE_T_AUTHOR_RANGE,T2,1577,1635,Lope de Vega,1.000,1562,1635,OL80534A
P2_EXTERNAL_MATCH_FRIENDLY,解放了的耶路撒冷.md,WL-WORK-2618,解放了的耶路撒冷,Gerusalemme Liberata,托尔夸托·塔索,Torquato Tasso,,,batch6_source_refs,WL-TOPIC-Q15;WL-TOPIC-Q15-KNIGHT,STABLE_T,2015,T6,2015,T6,Gerusalemme Liberata,Torquato Tasso,/works/OL24785101W,2,2015,2022,2.000,SAFE_T,T6,2015,强标题+作者匹配；最早版次年份与 first_publish_year 落在同一 T,SAFE_T_AUTHOR_RANGE,T2,1559,1595,Torquato Tasso,1.000,1544,1595,OL33406A
P2_EXTERNAL_MATCH_FRIENDLY,A General History of the Pyrates.md,WL-WORK-2152,A General History of the Pyrates,,查尔斯·约翰逊船长,Captain Charles Johnson,,,batch6_source_refs,WL-TOPIC-Q15;WL-TOPIC-Q15-PIRATE,NO_RELIABLE_MATCH,,,,,,,,,,,,REVIEW,,,无可靠深层匹配或版次年份与 first_publish_year 的 T 区间不稳定,SAFE_T_AUTHOR_RANGE,T2,1739,1731,Captain Charles Johnson,1.000,1724,1731,OL2697013A
P2_EXTERNAL_MATCH_FRIENDLY,Cockfight.md,WL-WORK-0496,Cockfight,,玛丽亚·费尔南达·安普埃罗,María Fernanda Ampuero,,,batch1_source_refs,WL-TOPIC-G45-HORROR,NO_RELIABLE_MATCH,,,,,,,,,,,,REVIEW,,,无可靠深层匹配或版次年份与 first_publish_year 的 T 区间不稳定,SAFE_T_AUTHOR_RANGE,T6,1991,2026,María Fernanda Ampuero,1.000,1976,,OL7992626A
P2_EXTERNAL_MATCH_FRIENDLY,Cogewea.md,WL-WORK-2187,Cogewea,,哀鸽,Mourning Dove,,,batch6_source_refs,WL-TOPIC-Q15;WL-TOPIC-Q15-WESTERN,NO_RELIABLE_MATCH,,,,,,,,,,,,REVIEW,,,无可靠深层匹配或版次年份与 first_publish_year 的 T 区间不稳定,SAFE_T_AUTHOR_RANGE,T4,1903,1936,Mourning Dove,1.000,1888,1936,OL1005122A
P2_EXTERNAL_MATCH_FRIENDLY,Facundo／ Civilization and Barbarism.md,WL-WORK-2224,Facundo: Civilization and Barbarism,,萨米恩托,Domingo Faustino Sarmiento,,,batch6_source_refs,WL-TOPIC-Q15;WL-TOPIC-Q15-GAUCHO,NO_RELIABLE_MATCH,,,,,,,,,,,,REVIEW,,,无可靠深层匹配或版次年份与 first_publish_year 的 T 区间不稳定,SAFE_T_AUTHOR_RANGE,T3,1826,1888,Domingo Faustino Sarmiento,1.000,1811,1888,OL117634A
P2_EXTERNAL_MATCH_FRIENDLY,Harvest Home.md,WL-WORK-0502,Harvest Home,,托马斯·特赖恩,Thomas Tryon,,,batch1_source_refs,WL-TOPIC-G45-HORROR,NO_RELIABLE_MATCH,,,,,,,,,,,,REVIEW,,,无可靠深层匹配或版次年份与 first_publish_year 的 T 区间不稳定,SAFE_T_AUTHOR_RANGE,T2,1649,1703,Thomas Tryon,1.000,1634,1703,OL1171965A
P2_EXTERNAL_MATCH_FRIENDLY,How the Soldier Repairs the Gramophone.md,WL-WORK-1965,How the Soldier Repairs the Gramophone,,萨沙·斯塔尼希奇,Saša Stanišić,,,batch5_source_refs,WL-TOPIC-Q6-WAR,NO_RELIABLE_MATCH,,,,,,,,,,,,REVIEW,,,无可靠深层匹配或版次年份与 first_publish_year 的 T 区间不稳定,SAFE_T_AUTHOR_RANGE,T6,1993,2026,Saša Stanišić,1.000,1978,,OL5829189A
P2_EXTERNAL_MATCH_FRIENDLY,Juan Cuello.md,WL-WORK-2254,Juan Cuello,,爱德华多·古铁雷斯,Eduardo Gutiérrez,,,batch6_source_refs,WL-TOPIC-Q15;WL-TOPIC-Q15-GAUCHO,NO_RELIABLE_MATCH,,,,,,,,,,,,REVIEW,,,无可靠深层匹配或版次年份与 first_publish_year 的 T 区间不稳定,SAFE_T_AUTHOR_RANGE,T3,1866,1889,Eduardo Gutiérrez,1.000,1851,1889,OL66353A
P2_EXTERNAL_MATCH_FRIENDLY,Masterman Ready.md,WL-WORK-0510,Masterman Ready,,弗雷德里克·马里亚特,Marryat,,,batch1_source_refs,WL-TOPIC-G45-ADVENTURE,NO_RELIABLE_MATCH,,,,,,,,,,,,REVIEW,,,无可靠深层匹配或版次年份与 first_publish_year 的 T 区间不稳定,SAFE_T_AUTHOR_RANGE,T3,1807,1848,Frederick Marryat,1.000,1792,1848,OL22214A
P2_EXTERNAL_MATCH_FRIENDLY,Naufragios.md,WL-WORK-0515,Naufragios,,卡贝萨·德·巴卡,Cabeza de Vaca,,,batch1_source_refs;batch3_source_refs;batch6_source_refs,WL-TOPIC-G45-ADVENTURE;WL-TOPIC-G7-TRAVEL;WL-TOPIC-Q15;WL-TOPIC-Q15-WESTERN,NO_RELIABLE_MATCH,,,,,,,,,,,,REVIEW,,,无可靠深层匹配或版次年份与 first_publish_year 的 T 区间不稳定,SAFE_T_AUTHOR_RANGE,T2,1505,1559,Álvar Núñez Cabeza de Vaca,1.000,1490,1559,OL422466A
P2_EXTERNAL_MATCH_FRIENDLY,Roman de Brut.md,WL-WORK-2330,Roman de Brut,,瓦斯,Wace,,,batch6_source_refs,WL-TOPIC-Q15;WL-TOPIC-Q15-KNIGHT,NO_RELIABLE_MATCH,,,,,,,,,,,,REVIEW,,,无可靠深层匹配或版次年份与 first_publish_year 的 T 区间不稳定,SAFE_T_AUTHOR_RANGE,T1,1115,1175,Wace,1.000,1100,1175,OL345338A
P2_EXTERNAL_MATCH_FRIENDLY,Smoky the Cowhorse.md,WL-WORK-2344,Smoky the Cowhorse,,威尔·詹姆斯,Will James,,,batch6_source_refs,WL-TOPIC-Q15;WL-TOPIC-Q15-WESTERN,NO_RELIABLE_MATCH,,,,,,,,,,,,REVIEW,,,无可靠深层匹配或版次年份与 first_publish_year 的 T 区间不稳定,SAFE_T_AUTHOR_RANGE,T4,1907,1942,Will James,1.000,1892,1942,OL20216A
P2_EXTERNAL_MATCH_FRIENDLY,The Adventures of Col. Daniel Boone.md,WL-WORK-2355,The Adventures of Col. Daniel Boone,,约翰·菲尔森,John Filson,,,batch6_source_refs,WL-TOPIC-Q15;WL-TOPIC-Q15-WESTERN,NO_RELIABLE_MATCH,,,,,,,,,,,,REVIEW,,,无可靠深层匹配或版次年份与 first_publish_year 的 T 区间不稳定,SAFE_T_AUTHOR_RANGE,T2,1762,1788,John Filson,1.000,1747,1788,OL1323416A
P2_EXTERNAL_MATCH_FRIENDLY,The Ballad of Black Tom.md,WL-WORK-0524,The Ballad of Black Tom,,维克多·拉瓦勒,Victor LaValle,,,batch1_source_refs,WL-TOPIC-G45-HORROR,NO_RELIABLE_MATCH,,,,,,,,,,,,REVIEW,,,无可靠深层匹配或版次年份与 first_publish_year 的 T 区间不稳定,SAFE_T_AUTHOR_RANGE,T6,1987,2026,Victor D. LaValle,1.000,1972,,OL24705A
P2_EXTERNAL_MATCH_FRIENDLY,The Conjure-Man Dies.md,WL-WORK-1542,The Conjure-Man Dies,,鲁道夫·费希尔,Rudolph Fisher,,,batch4_source_refs,WL-TOPIC-M3-MODERNISM,NO_RELIABLE_MATCH,,,,,,,,,,,,REVIEW,,,无可靠深层匹配或版次年份与 first_publish_year 的 T 区间不稳定,SAFE_T_AUTHOR_RANGE,T4,1912,1934,Rudolph Fisher,1.000,1897,1934,OL575542A
P2_EXTERNAL_MATCH_FRIENDLY,The Headless Horseman.md,WL-WORK-0535,The Headless Horseman,,梅恩·里德,Mayne Reid,,,batch1_source_refs,WL-TOPIC-G45-ADVENTURE,INTERNAL_CONFLICT,1800,T3,1800,T3,The headless horseman,Mayne Reid,/works/OL5305935W,7,1800,2007,2.000,REVIEW,,,无可靠深层匹配或版次年份与 first_publish_year 的 T 区间不稳定,SAFE_T_AUTHOR_RANGE,T3,1833,1883,Mayne Reid,1.000,1818,1883,OL1206620A
P2_EXTERNAL_MATCH_FRIENDLY,The Imago Sequence.md,WL-WORK-0536,The Imago Sequence,,莱尔德·巴伦,Laird Barron,,,batch1_source_refs,WL-TOPIC-G45-HORROR,NO_RELIABLE_MATCH,,,,,,,,,,,,REVIEW,,,无可靠深层匹配或版次年份与 first_publish_year 的 T 区间不稳定,SAFE_T_AUTHOR_RANGE,T6,1985,2026,Laird Barron,1.000,1970,,OL3129636A
P2_EXTERNAL_MATCH_FRIENDLY,The Old Ways.md,WL-WORK-1378,The Old Ways,,罗伯特·麦克法伦,Robert Macfarlane,,,batch3_source_refs,WL-TOPIC-G7-TRAVEL,NO_RELIABLE_MATCH,,,,,,,,,,,,REVIEW,,,无可靠深层匹配或版次年份与 first_publish_year 的 T 区间不稳定,SAFE_T_AUTHOR_RANGE,T6,1991,2026,Robert Macfarlane,1.000,1976,,OL1482593A
P2_EXTERNAL_MATCH_FRIENDLY,The Principal Navigations.md,WL-WORK-1379,The Principal Navigations...,,理查德·哈克卢特,Richard Hakluyt,,,batch3_source_refs,WL-TOPIC-G7-TRAVEL,NO_RELIABLE_MATCH,,,,,,,,,,,,REVIEW,,,无可靠深层匹配或版次年份与 first_publish_year 的 T 区间不稳定,SAFE_T_AUTHOR_RANGE,T2,1567,1616,Richard Hakluyt,1.000,1552,1616,OL622044A
P2_EXTERNAL_MATCH_FRIENDLY,The Squatter and the Don.md,WL-WORK-2408,The Squatter and the Don,,海伦·亨特·杰克逊,Helen Hunt Jackson,,,batch6_source_refs,WL-TOPIC-Q15;WL-TOPIC-Q15-WESTERN,NO_RELIABLE_MATCH,,,,,,,,,,,,REVIEW,,,无可靠深层匹配或版次年份与 first_publish_year 的 T 区间不稳定,SAFE_T_AUTHOR_RANGE,T3,1845,1885,Helen Hunt Jackson,1.000,1830,1885,OL216064A
P2_EXTERNAL_MATCH_FRIENDLY,穿绿裤子的唐·希尔.md,WL-WORK-2587,穿绿裤子的唐·希尔,Don Gil de las calzas verdes,蒂尔索·德·莫利纳,Tirso de Molina,,,batch6_source_refs,WL-TOPIC-Q15;WL-TOPIC-Q15-SWASHBUCKLER,INTERNAL_CONFLICT,1800,T3,1800,T3,Don Gil de las calzas verdes,Tirso de Molina,/works/OL638605W,13,1800,2009,2.000,REVIEW,,,无可靠深层匹配或版次年份与 first_publish_year 的 T 区间不稳定,SAFE_T_AUTHOR_RANGE,T2,1586,1648,Tirso de Molina,1.000,1571,1648,OL49131A
P2_EXTERNAL_MATCH_FRIENDLY,雇员们.md,WL-WORK-0482,雇员们,The Employees,奥尔加·拉夫恩,Olga Ravn,,,,WL-TOPIC-G45-SF,NO_RELIABLE_MATCH,,,,,,,,,,,,REVIEW,,,无可靠深层匹配或版次年份与 first_publish_year 的 T 区间不稳定,SAFE_T_AUTHOR_RANGE,T6,2001,2026,Olga Ravn,1.000,1986,,OL9760936A
