tier,file,id,title,title_original,author,author_original,canon_id,awards,source_ref_keys,topics,deep_status,deep_earliest_year,deep_earliest_t,deep_first_publish_year,deep_first_publish_t,deep_title,deep_authors,deep_key,deep_year_count,deep_year_min,deep_year_max,deep_match_score,resolution_status,chosen_t,canonical_year_candidate,resolution_reason,author_only_reason,residual_bucket,mad_status
P2_EXTERNAL_MATCH_FRIENDLY,Always Only You.md,WL-WORK-1939,Always Only You,,克洛伊·利泽,Chloe Liese,,,batch5_source_refs,WL-TOPIC-Q2-LOVE,STABLE_T,2020,T6,2020,T6,Always Only You,Chloe Liese,/works/OL27591343W,2,2020,2023,2.000,SAFE_T,T6,2020,强标题+作者匹配；最早版次年份与 first_publish_year 落在同一 T,NO_BIRTH,AUTHOR_DATE_MISSING,REVIEW_NO_STRONG_WORK_AUTHOR_DATE
P2_EXTERNAL_MATCH_FRIENDLY,Ayesha at Last.md,WL-WORK-1942,Ayesha at Last,,乌兹玛·贾拉勒丁,Uzma Jalaluddin,,,batch5_source_refs,WL-TOPIC-Q2-LOVE,STABLE_T,2018,T6,2018,T6,Ayesha At Last,Uzma Jalaluddin,/works/OL20163357W,2,2018,2019,2.000,SAFE_T,T6,2018,强标题+作者匹配；最早版次年份与 first_publish_year 落在同一 T,NO_BIRTH,AUTHOR_DATE_MISSING,REVIEW_NO_STRONG_WORK_AUTHOR_DATE
P2_EXTERNAL_MATCH_FRIENDLY,A Princess in Theory.md,WL-WORK-1936,A Princess in Theory,,艾莉莎·科尔,Alyssa Cole,,,batch5_source_refs,WL-TOPIC-Q2-LOVE,STABLE_T,2018,T6,2018,T6,A princess in theory,Alyssa cole,/works/OL19737100W,1,2018,2018,2.000,SAFE_T,T6,2018,强标题+作者匹配；最早版次年份与 first_publish_year 落在同一 T,NO_BIRTH,AUTHOR_DATE_MISSING,REVIEW_NO_STRONG_WORK_AUTHOR_DATE
P2_EXTERNAL_MATCH_FRIENDLY,Bar-20.md,WL-WORK-2166,Bar-20,,克拉伦斯·E.马尔福德,Clarence E. Mulford,,,batch6_source_refs,WL-TOPIC-Q15;WL-TOPIC-Q15-WESTERN,STABLE_T,2016,T6,2016,T6,Bar-20,Clarence E. Mulford,/works/OL40167007W,3,2016,2018,2.000,SAFE_T,T6,2016,强标题+作者匹配；最早版次年份与 first_publish_year 落在同一 T,NO_BIRTH,AUTHOR_DATE_MISSING,REVIEW_NO_STRONG_WORK_AUTHOR_DATE
P2_EXTERNAL_MATCH_FRIENDLY,Before I Let Go.md,WL-WORK-1945,Before I Let Go,,肯尼迪·瑞安,Kennedy Ryan,,,batch5_source_refs,WL-TOPIC-Q2-LOVE,STABLE_T,2022,T6,2022,T6,Before I Let Go,Kennedy Ryan,/works/OL27850288W,3,2022,2024,2.000,SAFE_T,T6,2022,强标题+作者匹配；最早版次年份与 first_publish_year 落在同一 T,NO_BIRTH,AUTHOR_DATE_MISSING,REVIEW_NO_STRONG_WORK_AUTHOR_DATE
P2_EXTERNAL_MATCH_FRIENDLY,Before She Sleeps.md,WL-WORK-0916,Before She Sleeps,,比娜·沙阿,Bina Shah,,,batch2_source_refs,WL-TOPIC-G46-DYSTOPIA,STABLE_T,2018,T6,2018,T6,Before she sleeps,Bina Shah,/works/OL19751027W,3,2018,2020,2.000,SAFE_T,T6,2018,强标题+作者匹配；最早版次年份与 first_publish_year 落在同一 T,NO_BIRTH,AUTHOR_DATE_MISSING,REVIEW_NO_STRONG_WORK_AUTHOR_DATE
P2_EXTERNAL_MATCH_FRIENDLY,A Gentleman of France.md,WL-WORK-2153,A Gentleman of France,,斯坦利·韦曼,Stanley Weyman,,,batch6_source_refs,WL-TOPIC-Q15;WL-TOPIC-Q15-SWASHBUCKLER,STABLE_T,1893,T4,1893,T4,A gentleman of France,Stanley John Weymann,/works/OL6697779W,28,1893,2022,1.824,SAFE_T,T4,1893,强标题+作者匹配；最早版次年份与 first_publish_year 落在同一 T,NO_BIRTH,AUTHOR_DATE_MISSING,REVIEW_NO_STRONG_WORK_AUTHOR_DATE
P2_EXTERNAL_MATCH_FRIENDLY,Bet Me.md,WL-WORK-1947,Bet Me,,珍妮弗·克鲁西,Jennifer Crusie,,,batch5_source_refs,WL-TOPIC-Q2-LOVE,STABLE_T,2004,T6,2004,T6,Bet me,Jennifer Crusie,/works/OL15829432W,1,2004,2004,2.000,SAFE_T,T6,2004,强标题+作者匹配；最早版次年份与 first_publish_year 落在同一 T,NO_BIRTH,AUTHOR_DATE_MISSING,REVIEW_NO_STRONG_WORK_AUTHOR_DATE
P2_EXTERNAL_MATCH_FRIENDLY,Auschwitz and After.md,WL-WORK-1941,Auschwitz and After,,夏洛特·德尔博,Charlotte Delbo,,,batch5_source_refs,WL-TOPIC-Q6-WAR,STABLE_T,1995,T6,1995,T6,Auschwitz and after,Charlotte Delbo,/works/OL2398922W,1,1995,1995,2.000,SAFE_T,T6,1995,强标题+作者匹配；最早版次年份与 first_publish_year 落在同一 T,NO_BIRTH,AUTHOR_DATE_MISSING,REVIEW_NO_STRONG_WORK_AUTHOR_DATE
P2_EXTERNAL_MATCH_FRIENDLY,Bread Givers.md,WL-WORK-0917,Bread Givers,,安齐娅·叶济尔斯卡,Anzia Yezierska,,,batch2_source_refs,WL-TOPIC-G43-BILDUNGSROMAN,STABLE_T,1925,T4,1925,T4,Bread givers,Anzia Yezierska,/works/OL14866180W,5,1925,2003,2.000,SAFE_T,T4,1925,强标题+作者匹配；最早版次年份与 first_publish_year 落在同一 T,NO_BIRTH,AUTHOR_DATE_MISSING,REVIEW_NO_STRONG_WORK_AUTHOR_DATE
P2_EXTERNAL_MATCH_FRIENDLY,Burnt Offerings.md,WL-WORK-0494,Burnt Offerings,,罗伯特·马拉斯科,Robert Marasco,,,batch1_source_refs,WL-TOPIC-G45-HORROR,STABLE_T,1973,T5,1973,T5,Burnt offerings,Robert Marasco,/works/OL6562613W,5,1973,1993,2.000,SAFE_T,T5,1973,强标题+作者匹配；最早版次年份与 first_publish_year 落在同一 T,NO_BIRTH,AUTHOR_DATE_MISSING,REVIEW_NO_STRONG_WORK_AUTHOR_DATE
P2_EXTERNAL_MATCH_FRIENDLY,Cancioneiro Guasca.md,WL-WORK-2180,Cancioneiro Guasca,,西蒙斯·洛佩斯·内托,Simões Lopes Neto,,,batch6_source_refs,WL-TOPIC-Q15;WL-TOPIC-Q15-GAUCHO,STABLE_T,1910,T4,1910,T4,Cancioneiro guasca,J. Simões Lopes Neto,/works/OL12155895W,3,1910,1999,1.944,SAFE_T,T4,1910,强标题+作者匹配；最早版次年份与 first_publish_year 落在同一 T,NO_BIRTH,AUTHOR_DATE_MISSING,REVIEW_NO_STRONG_WORK_AUTHOR_DATE
P2_EXTERNAL_MATCH_FRIENDLY,Casos do Romualdo.md,WL-WORK-2183,Casos do Romualdo,,西蒙斯·洛佩斯·内托,Simões Lopes Neto,,,batch6_source_refs,WL-TOPIC-Q15;WL-TOPIC-Q15-GAUCHO,STABLE_T,1952,T5,1952,T5,Casos do Romualdo,J. Simões Lopes Neto,/works/OL3206193W,2,1952,1992,1.944,SAFE_T,T5,1952,强标题+作者匹配；最早版次年份与 first_publish_year 落在同一 T,NO_BIRTH,AUTHOR_DATE_MISSING,REVIEW_NO_STRONG_WORK_AUTHOR_DATE
P2_EXTERNAL_MATCH_FRIENDLY,Count Hannibal.md,WL-WORK-2192,Count Hannibal,,斯坦利·韦曼,Stanley Weyman,,,batch6_source_refs,WL-TOPIC-Q15;WL-TOPIC-Q15-SWASHBUCKLER,STABLE_T,2016,T6,2016,T6,Count Hannibal,Stanley . Weyman,/works/OL41401873W,1,2016,2016,2.000,SAFE_T,T6,2016,强标题+作者匹配；最早版次年份与 first_publish_year 落在同一 T,NO_BIRTH,AUTHOR_DATE_MISSING,REVIEW_NO_STRONG_WORK_AUTHOR_DATE
P2_EXTERNAL_MATCH_FRIENDLY,Contos Gauchescos.md,WL-WORK-2190,Contos Gauchescos,,西蒙斯·洛佩斯·内托,Simões Lopes Neto,,,batch6_source_refs,WL-TOPIC-Q15;WL-TOPIC-Q15-GAUCHO,STABLE_T,1983,T6,1983,T6,Contos gauchescos,J. Simões Lopes Neto,/works/OL3206195W,5,1983,2000,1.944,SAFE_T,T6,1983,强标题+作者匹配；最早版次年份与 first_publish_year 落在同一 T,NO_BIRTH,AUTHOR_DATE_MISSING,REVIEW_NO_STRONG_WORK_AUTHOR_DATE
P2_EXTERNAL_MATCH_FRIENDLY,Cowboy Songs and Other Frontier Ballads.md,WL-WORK-2193,Cowboy Songs and Other Frontier Ballads,,约翰·A.洛马克斯,John A. Lomax,,,batch6_source_refs,WL-TOPIC-Q15;WL-TOPIC-Q15-WESTERN,STABLE_T,1925,T4,1925,T4,Cowboy Songs and other frontier ballads,John A. Lomax,/works/OL43750291W,1,1925,1925,2.000,SAFE_T,T4,1925,强标题+作者匹配；最早版次年份与 first_publish_year 落在同一 T,NO_BIRTH,AUTHOR_DATE_MISSING,REVIEW_NO_STRONG_WORK_AUTHOR_DATE
P2_EXTERNAL_MATCH_FRIENDLY,Cracking India.md,WL-WORK-0919,Cracking India,,巴普西·西德瓦,Bapsi Sidhwa,,,batch2_source_refs,WL-TOPIC-G44-HISTORICAL,STABLE_T,1991,T6,1991,T6,Cracking India,Bapsi Sidhwa,/works/OL3935996W,5,1991,2010,2.000,SAFE_T,T6,1991,强标题+作者匹配；最早版次年份与 first_publish_year 落在同一 T,NO_BIRTH,AUTHOR_DATE_MISSING,REVIEW_NO_STRONG_WORK_AUTHOR_DATE
P2_EXTERNAL_MATCH_FRIENDLY,"Dark Continent, My Black Arse.md",WL-WORK-1353,"Dark Continent, My Black Arse",,西赫勒·库马洛,Sihle Khumalo,,,batch3_source_refs,WL-TOPIC-G7-TRAVEL,STABLE_T,2007,T6,2007,T6,"Dark continent, my black arse",Sihle Khumalo,/works/OL13767935W,1,2007,2007,2.000,SAFE_T,T6,2007,强标题+作者匹配；最早版次年份与 first_publish_year 落在同一 T,NO_BIRTH,AUTHOR_DATE_MISSING,REVIEW_NO_STRONG_WORK_AUTHOR_DATE
P2_EXTERNAL_MATCH_FRIENDLY,Dark Fire.md,WL-WORK-0921,Dark Fire,,C.J.桑瑟姆,C.J. Sansom,,,batch2_source_refs,WL-TOPIC-G44-HISTORICAL,STABLE_T,2001,T6,2001,T6,Dark fire,C. J. Sansom,/works/OL17719162W,6,2001,2012,2.000,SAFE_T,T6,2001,强标题+作者匹配；最早版次年份与 first_publish_year 落在同一 T,NO_BIRTH,AUTHOR_DATE_MISSING,REVIEW_NO_STRONG_WORK_AUTHOR_DATE
P2_EXTERNAL_MATCH_FRIENDLY,Delilah Green Doesn't Care.md,WL-WORK-1953,Delilah Green Doesn't Care,,阿什莉·赫林·布莱克,Ashley Herring Blake,,,batch5_source_refs,WL-TOPIC-Q2-LOVE,STABLE_T,2022,T6,2022,T6,Delilah Green Doesn't Care,Ashley Herring Blake,/works/OL25917284W,1,2022,2022,2.000,SAFE_T,T6,2022,强标题+作者匹配；最早版次年份与 first_publish_year 落在同一 T,NO_BIRTH,AUTHOR_DATE_MISSING,REVIEW_NO_STRONG_WORK_AUTHOR_DATE
P2_EXTERNAL_MATCH_FRIENDLY,Delirium.md,WL-WORK-0922,Delirium,,劳伦·奥利弗,Lauren Oliver,,,batch2_source_refs,WL-TOPIC-G46-DYSTOPIA,STABLE_T,2011,T6,2011,T6,Delirium,Lauren Oliver,/works/OL27432616W,3,2011,2013,2.000,SAFE_T,T6,2011,强标题+作者匹配；最早版次年份与 first_publish_year 落在同一 T,NO_BIRTH,AUTHOR_DATE_MISSING,REVIEW_NO_STRONG_WORK_AUTHOR_DATE
P2_EXTERNAL_MATCH_FRIENDLY,Dungeon Crawler Carl.md,WL-WORK-0499,Dungeon Crawler Carl,,马特·丁尼曼,Matt Dinniman,,,batch1_source_refs,WL-TOPIC-G45-FANTASY,STABLE_T,2020,T6,2020,T6,Dungeon Crawler Carl,Matt Dinniman,/works/OL24593432W,5,2020,2026,2.000,SAFE_T,T6,2020,强标题+作者匹配；最早版次年份与 first_publish_year 落在同一 T,NO_BIRTH,AUTHOR_DATE_MISSING,REVIEW_NO_STRONG_WORK_AUTHOR_DATE
P2_EXTERNAL_MATCH_FRIENDLY,El Zarco.md,WL-WORK-2214,El Zarco,,伊格纳西奥·曼努埃尔·阿尔塔米拉诺,Ignacio Manuel Altamirano,,,batch6_source_refs,WL-TOPIC-Q15;WL-TOPIC-Q15-OUTLAW,STABLE_T,1933,T4,1933,T4,El Zarco,Ignacio Manuel Altamirano,/works/OL2100520W,14,1933,2005,2.000,SAFE_T,T4,1933,强标题+作者匹配；最早版次年份与 first_publish_year 落在同一 T,NO_BIRTH,AUTHOR_DATE_MISSING,REVIEW_NO_STRONG_WORK_AUTHOR_DATE
P2_EXTERNAL_MATCH_FRIENDLY,Erec.md,WL-WORK-2218,Erec,,哈特曼·冯·奥埃,Hartmann von Aue,,,batch6_source_refs,WL-TOPIC-Q15;WL-TOPIC-Q15-KNIGHT,STABLE_T,1871,T3,1871,T3,Erec,Hartmann von Aue,/works/OL34614544W,6,1871,2005,2.000,SAFE_T,T3,1871,强标题+作者匹配；最早版次年份与 first_publish_year 落在同一 T,NO_BIRTH,AUTHOR_DATE_MISSING,REVIEW_NO_STRONG_WORK_AUTHOR_DATE
P2_EXTERNAL_MATCH_FRIENDLY,Gnomon.md,WL-WORK-0928,Gnomon,,尼克·哈卡维,Nick Harkaway,,,batch2_source_refs,WL-TOPIC-G46-DYSTOPIA,STABLE_T,2017,T6,2017,T6,Gnomon,Nick Harkaway,/works/OL20073146W,2,2017,2018,2.000,SAFE_T,T6,2017,强标题+作者匹配；最早版次年份与 first_publish_year 落在同一 T,NO_BIRTH,AUTHOR_DATE_MISSING,REVIEW_NO_STRONG_WORK_AUTHOR_DATE
P2_EXTERNAL_MATCH_FRIENDLY,In Parenthesis.md,WL-WORK-1968,In Parenthesis,,戴维·琼斯,David Jones,,,batch5_source_refs,WL-TOPIC-Q6-WAR,STABLE_T,1961,T5,1961,T5,in parenthesis,david jones ,/works/OL43232660W,1,1961,1961,2.000,SAFE_T,T5,1961,强标题+作者匹配；最早版次年份与 first_publish_year 落在同一 T,NO_BIRTH,AUTHOR_DATE_MISSING,REVIEW_NO_STRONG_WORK_AUTHOR_DATE
P2_EXTERNAL_MATCH_FRIENDLY,Fools Crow.md,WL-WORK-0926,Fools Crow,,詹姆斯·韦尔奇,James Welch,,,batch2_source_refs;batch6_source_refs,WL-TOPIC-G44-HISTORICAL;WL-TOPIC-Q15;WL-TOPIC-Q15-WESTERN,STABLE_T,1986,T6,1986,T6,Fools crow,James Welch,/works/OL11377485W,3,1986,1995,2.000,SAFE_T,T6,1986,强标题+作者匹配；最早版次年份与 first_publish_year 落在同一 T,NO_BIRTH,AUTHOR_DATE_MISSING,REVIEW_NO_STRONG_WORK_AUTHOR_DATE
P2_EXTERNAL_MATCH_FRIENDLY,Inland.md,WL-WORK-2248,Inland,,特娅·奥布雷赫特,Téa Obreht,,,batch6_source_refs,WL-TOPIC-Q15;WL-TOPIC-Q15-WESTERN,STABLE_T,2016,T6,2016,T6,Inland,Téa Obreht,/works/OL24223033W,3,2016,2020,2.000,SAFE_T,T6,2016,强标题+作者匹配；最早版次年份与 first_publish_year 落在同一 T,NO_BIRTH,AUTHOR_DATE_MISSING,REVIEW_NO_STRONG_WORK_AUTHOR_DATE
P2_EXTERNAL_MATCH_FRIENDLY,Legendary Tales of the Australian Aborigines.md,WL-WORK-1359,Legendary Tales of the Australian Aborigines,,戴维·乌奈庞,David Unaipon,,,batch3_source_refs,WL-TOPIC-G1-MYTH,STABLE_T,2001,T6,2001,T6,Legendary tales of the Australian aborigines,David Unaipon,/works/OL12027653W,1,2001,2001,2.000,SAFE_T,T6,2001,强标题+作者匹配；最早版次年份与 first_publish_year 落在同一 T,NO_BIRTH,AUTHOR_DATE_MISSING,REVIEW_NO_STRONG_WORK_AUTHOR_DATE
P2_EXTERNAL_MATCH_FRIENDLY,Lendas do Sul.md,WL-WORK-2271,Lendas do Sul,,西蒙斯·洛佩斯·内托,Simões Lopes Neto,,,batch6_source_refs,WL-TOPIC-Q15;WL-TOPIC-Q15-GAUCHO,STABLE_T,1953,T5,1953,T5,Lendas do Sul,J. Simões Lopes Neto,/works/OL3206194W,2,1953,1991,1.944,SAFE_T,T5,1953,强标题+作者匹配；最早版次年份与 first_publish_year 落在同一 T,NO_BIRTH,AUTHOR_DATE_MISSING,REVIEW_NO_STRONG_WORK_AUTHOR_DATE
P2_EXTERNAL_MATCH_FRIENDLY,Leila.md,WL-WORK-0933,Leila,,普拉亚格·阿克巴尔,Prayaag Akbar,,,batch2_source_refs,WL-TOPIC-G46-DYSTOPIA,STABLE_T,2017,T6,2017,T6,Leila,Prayaag Akbar,/works/OL17845877W,2,2017,2019,2.000,SAFE_T,T6,2017,强标题+作者匹配；最早版次年份与 first_publish_year 落在同一 T,NO_BIRTH,AUTHOR_DATE_MISSING,REVIEW_NO_STRONG_WORK_AUTHOR_DATE
P2_EXTERNAL_MATCH_FRIENDLY,Los bandidos de Río Frío.md,WL-WORK-2276,Los bandidos de Río Frío,,曼努埃尔·派诺,Manuel Payno,,,batch6_source_refs,WL-TOPIC-Q15;WL-TOPIC-Q15-OUTLAW,STABLE_T,1959,T5,1959,T5,Los bandidos de Rio Frio,Manuel Payno,/works/OL10443926W,1,1959,1959,2.000,SAFE_T,T5,1959,强标题+作者匹配；最早版次年份与 first_publish_year 落在同一 T,NO_BIRTH,AUTHOR_DATE_MISSING,REVIEW_NO_STRONG_WORK_AUTHOR_DATE
P2_EXTERNAL_MATCH_FRIENDLY,Manhunt.md,WL-WORK-0509,Manhunt,,格蕾琴·费尔克-马丁,Gretchen Felker-Martin,,,batch1_source_refs,WL-TOPIC-G45-HORROR,STABLE_T,2022,T6,2022,T6,Manhunt,Gretchen Felker-Martin,/works/OL24627204W,1,2022,2022,2.000,SAFE_T,T6,2022,强标题+作者匹配；最早版次年份与 first_publish_year 落在同一 T,NO_BIRTH,AUTHOR_DATE_MISSING,REVIEW_NO_STRONG_WORK_AUTHOR_DATE
P2_EXTERNAL_MATCH_FRIENDLY,Malaeska.md,WL-WORK-2280,Malaeska,,安·S.斯蒂芬斯,Ann S. Stephens,,,batch6_source_refs,WL-TOPIC-Q15;WL-TOPIC-Q15-WESTERN,STABLE_T,1929,T4,1929,T4,Malaeska,Ann S. Stephens,/works/OL8505079W,3,1929,2015,2.000,SAFE_T,T4,1929,强标题+作者匹配；最早版次年份与 first_publish_year 落在同一 T,NO_BIRTH,AUTHOR_DATE_MISSING,REVIEW_NO_STRONG_WORK_AUTHOR_DATE
P2_EXTERNAL_MATCH_FRIENDLY,No-No Boy.md,WL-WORK-0937,No-No Boy,,约翰·冈田,John Okada,,,batch2_source_refs,WL-TOPIC-G43-BILDUNGSROMAN,STABLE_T,1957,T5,1957,T5,No-no boy,John Okada,/works/OL6575973W,7,1957,2019,2.000,SAFE_T,T5,1957,强标题+作者匹配；最早版次年份与 first_publish_year 落在同一 T,NO_BIRTH,AUTHOR_DATE_MISSING,REVIEW_NO_STRONG_WORK_AUTHOR_DATE
P2_EXTERNAL_MATCH_FRIENDLY,Old Jules.md,WL-WORK-2293,Old Jules,,玛丽·桑多兹,Mari Sandoz,,,batch6_source_refs,WL-TOPIC-Q15;WL-TOPIC-Q15-WESTERN,STABLE_T,1935,T4,1935,T4,Old Jules,Mari Sandoz,/works/OL3266668W,7,1935,2005,2.000,SAFE_T,T4,1935,强标题+作者匹配；最早版次年份与 first_publish_year 落在同一 T,NO_BIRTH,AUTHOR_DATE_MISSING,REVIEW_NO_STRONG_WORK_AUTHOR_DATE
P2_EXTERNAL_MATCH_FRIENDLY,Outlawed.md,WL-WORK-2297,Outlawed,,安娜·诺斯,Anna North,,,batch6_source_refs,WL-TOPIC-Q15;WL-TOPIC-Q15-WESTERN;WL-TOPIC-Q15-OUTLAW,STABLE_T,2021,T6,2021,T6,Outlawed,Anna North,/works/OL21914114W,2,2021,2022,2.000,SAFE_T,T6,2021,强标题+作者匹配；最早版次年份与 first_publish_year 落在同一 T,NO_BIRTH,AUTHOR_DATE_MISSING,REVIEW_NO_STRONG_WORK_AUTHOR_DATE
P2_EXTERNAL_MATCH_FRIENDLY,On Stranger Tides.md,WL-WORK-2294,On Stranger Tides,,蒂姆·鲍尔斯,Tim Powers,,,batch6_source_refs,WL-TOPIC-Q15;WL-TOPIC-Q15-PIRATE,STABLE_T,1987,T6,1987,T6,On stranger tides,Tim Powers,/works/OL84109W,3,1987,2006,2.000,SAFE_T,T6,1987,强标题+作者匹配；最早版次年份与 first_publish_year 落在同一 T,NO_BIRTH,AUTHOR_DATE_MISSING,REVIEW_NO_STRONG_WORK_AUTHOR_DATE
P2_EXTERNAL_MATCH_FRIENDLY,Polynesian Mythology.md,WL-WORK-1367,Polynesian Mythology,,乔治·格雷,George Grey,,,batch3_source_refs,WL-TOPIC-G1-MYTH,STABLE_T,1982,T6,1982,T6,Polynesian Mythology,George Grey,/works/OL8524112W,2,1982,2020,2.000,SAFE_T,T6,1982,强标题+作者匹配；最早版次年份与 first_publish_year 落在同一 T,NO_BIRTH,AUTHOR_DATE_MISSING,REVIEW_NO_STRONG_WORK_AUTHOR_DATE
P2_EXTERNAL_MATCH_FRIENDLY,Radiance.md,WL-WORK-1976,Radiance,,格蕾丝·德雷文,Grace Draven,,,batch5_source_refs,WL-TOPIC-Q2-LOVE,STABLE_T,2015,T6,2015,T6,Radiance,Grace Draven,/works/OL28419451W,1,2015,2015,2.000,SAFE_T,T6,2015,强标题+作者匹配；最早版次年份与 first_publish_year 落在同一 T,NO_BIRTH,AUTHOR_DATE_MISSING,REVIEW_NO_STRONG_WORK_AUTHOR_DATE
P2_EXTERNAL_MATCH_FRIENDLY,"Red, White & Royal Blue.md",WL-WORK-1977,"Red, White & Royal Blue",,凯西·麦奎斯顿,Casey McQuiston,,,batch5_source_refs,WL-TOPIC-Q2-LOVE,STABLE_T,2019,T6,2019,T6,"Red, White & Royal Blue",Casey McQuiston,/works/OL20090688W,5,2019,2023,2.000,SAFE_T,T6,2019,强标题+作者匹配；最早版次年份与 first_publish_year 落在同一 T,NO_BIRTH,AUTHOR_DATE_MISSING,REVIEW_NO_STRONG_WORK_AUTHOR_DATE
P2_EXTERNAL_MATCH_FRIENDLY,Redeployment.md,WL-WORK-1978,Redeployment,,菲尔·克莱,Phil Klay,,,batch5_source_refs,WL-TOPIC-Q6-WAR,STABLE_T,2014,T6,2014,T6,Redeployment,Phil Klay,/works/OL17094207W,1,2014,2014,2.000,SAFE_T,T6,2014,强标题+作者匹配；最早版次年份与 first_publish_year 落在同一 T,NO_BIRTH,AUTHOR_DATE_MISSING,REVIEW_NO_STRONG_WORK_AUTHOR_DATE
P2_EXTERNAL_MATCH_FRIENDLY,Roman de Troie.md,WL-WORK-2333,Roman de Troie,,伯努瓦·德·圣莫尔,Benoît de Sainte-Maure,,,batch6_source_refs,WL-TOPIC-Q15;WL-TOPIC-Q15-KNIGHT,STABLE_T,1987,T6,1987,T6,Le roman de Troie,Benoît de Sainte-Maure,/works/OL19465105W,1,1987,1987,1.903,SAFE_T,T6,1987,强标题+作者匹配；最早版次年份与 first_publish_year 落在同一 T,NO_BIRTH,AUTHOR_DATE_MISSING,REVIEW_NO_STRONG_WORK_AUTHOR_DATE
P2_EXTERNAL_MATCH_FRIENDLY,Sir Launfal.md,WL-WORK-2341,Sir Launfal,,托马斯·切斯特,Thomas Chestre,,,batch6_source_refs,WL-TOPIC-Q15;WL-TOPIC-Q15-KNIGHT,STABLE_T,1960,T5,1960,T5,sir launfal,thomas chestre,/works/OL43346167W,1,1960,1960,2.000,SAFE_T,T5,1960,强标题+作者匹配；最早版次年份与 first_publish_year 落在同一 T,NO_BIRTH,AUTHOR_DATE_MISSING,REVIEW_NO_STRONG_WORK_AUTHOR_DATE
P2_EXTERNAL_MATCH_FRIENDLY,So Far from God.md,WL-WORK-2345,So Far from God,,安娜·卡斯蒂略,Ana Castillo,,,batch6_source_refs,WL-TOPIC-Q15;WL-TOPIC-Q15-WESTERN,STABLE_T,1993,T6,1993,T6,So Far from God,Ana Castillo,/works/OL18691W,3,1993,2005,2.000,SAFE_T,T6,1993,强标题+作者匹配；最早版次年份与 first_publish_year 落在同一 T,NO_BIRTH,AUTHOR_DATE_MISSING,REVIEW_NO_STRONG_WORK_AUTHOR_DATE
P2_EXTERNAL_MATCH_FRIENDLY,Song for the Unraveling of the World.md,WL-WORK-0520,Song for the Unraveling of the World,,布赖恩·埃文森,Brian Evenson,,,batch1_source_refs,WL-TOPIC-G45-HORROR,STABLE_T,2019,T6,2019,T6,Song for the Unraveling of the World,Brian Evenson,/works/OL20154069W,1,2019,2019,2.000,SAFE_T,T6,2019,强标题+作者匹配；最早版次年份与 first_publish_year 落在同一 T,NO_BIRTH,AUTHOR_DATE_MISSING,REVIEW_NO_STRONG_WORK_AUTHOR_DATE
P2_EXTERNAL_MATCH_FRIENDLY,Slogum House.md,WL-WORK-2343,Slogum House,,玛丽·桑多兹,Mari Sandoz,,,batch6_source_refs,WL-TOPIC-Q15;WL-TOPIC-Q15-WESTERN,STABLE_T,1937,T4,1937,T4,Slogum House,Mari Sandoz,/works/OL36879998W,2,1937,2024,2.000,SAFE_T,T4,1937,强标题+作者匹配；最早版次年份与 first_publish_year 落在同一 T,NO_BIRTH,AUTHOR_DATE_MISSING,REVIEW_NO_STRONG_WORK_AUTHOR_DATE
P2_EXTERNAL_MATCH_FRIENDLY,Sozaboy.md,WL-WORK-1983,Sozaboy,,肯·萨罗-维瓦,Saro-Wiwa,,,batch5_source_refs,WL-TOPIC-Q6-WAR,STABLE_T,1985,T6,1985,T6,Sozaboy,Ken Saro-Wiwa,/works/OL2369168W,5,1985,1997,1.818,SAFE_T,T6,1985,强标题+作者匹配；最早版次年份与 first_publish_year 落在同一 T,NO_BIRTH,AUTHOR_DATE_MISSING,REVIEW_NO_STRONG_WORK_AUTHOR_DATE
P2_EXTERNAL_MATCH_FRIENDLY,Starve Acre.md,WL-WORK-0521,Starve Acre,,安德鲁·迈克尔·赫尔利,Andrew Michael Hurley,,,batch1_source_refs,WL-TOPIC-G45-HORROR,STABLE_T,2019,T6,2019,T6,Starve Acre,Andrew Michael Hurley,/works/OL21656910W,3,2019,2023,2.000,SAFE_T,T6,2019,强标题+作者匹配；最早版次年份与 first_publish_year 落在同一 T,NO_BIRTH,AUTHOR_DATE_MISSING,REVIEW_NO_STRONG_WORK_AUTHOR_DATE
P2_EXTERNAL_MATCH_FRIENDLY,The Assassination of Jesse James by the Coward Robert Ford.md,WL-WORK-2360,The Assassination of Jesse James by the Coward Robert Ford,,罗恩·汉森,Ron Hansen,,,batch6_source_refs,WL-TOPIC-Q15;WL-TOPIC-Q15-WESTERN;WL-TOPIC-Q15-OUTLAW,STABLE_T,1983,T6,1983,T6,The Assassination of Jesse James by the Coward Robert Ford,Ron Hansen,/works/OL64715W,4,1983,2007,2.000,SAFE_T,T6,1983,强标题+作者匹配；最早版次年份与 first_publish_year 落在同一 T,NO_BIRTH,AUTHOR_DATE_MISSING,REVIEW_NO_STRONG_WORK_AUTHOR_DATE
P2_EXTERNAL_MATCH_FRIENDLY,Sundown.md,WL-WORK-2349,Sundown,,约翰·约瑟夫·马修斯,John Joseph Mathews,,,batch6_source_refs,WL-TOPIC-Q15;WL-TOPIC-Q15-WESTERN,STABLE_T,1934,T4,1934,T4,Sundown,John Joseph Mathews,/works/OL1213853W,3,1934,1988,2.000,SAFE_T,T4,1934,强标题+作者匹配；最早版次年份与 first_publish_year 落在同一 T,NO_BIRTH,AUTHOR_DATE_MISSING,REVIEW_NO_STRONG_WORK_AUTHOR_DATE
P2_EXTERNAL_MATCH_FRIENDLY,The Book of Not.md,WL-WORK-0947,The Book of Not,,齐齐·丹加雷姆加,Tsitsi Dangarembga,,,batch2_source_refs,WL-TOPIC-G43-BILDUNGSROMAN,STABLE_T,2006,T6,2006,T6,The Book of Not,Tsitsi Dangarembga,/works/OL4436726W,2,2006,2021,2.000,SAFE_T,T6,2006,强标题+作者匹配；最早版次年份与 first_publish_year 落在同一 T,NO_BIRTH,AUTHOR_DATE_MISSING,REVIEW_NO_STRONG_WORK_AUTHOR_DATE
P2_EXTERNAL_MATCH_FRIENDLY,The Cipher.md,WL-WORK-0528,The Cipher,,凯丝·科娅,Kathe Koja,,,batch1_source_refs,WL-TOPIC-G45-HORROR,STABLE_T,1991,T6,1991,T6,The Cipher,Kathe Koja,/works/OL21243717W,2,1991,2020,2.000,SAFE_T,T6,1991,强标题+作者匹配；最早版次年份与 first_publish_year 落在同一 T,NO_BIRTH,AUTHOR_DATE_MISSING,REVIEW_NO_STRONG_WORK_AUTHOR_DATE
P2_EXTERNAL_MATCH_FRIENDLY,The Fisherman.md,WL-WORK-0532,The Fisherman,,约翰·兰根,John Langan,,,batch1_source_refs,WL-TOPIC-G45-HORROR,STABLE_T,2016,T6,2016,T6,The Fisherman,John Langan,/works/OL17366745W,3,2016,2024,2.000,SAFE_T,T6,2016,强标题+作者匹配；最早版次年份与 first_publish_year 落在同一 T,NO_BIRTH,AUTHOR_DATE_MISSING,REVIEW_NO_STRONG_WORK_AUTHOR_DATE
P2_EXTERNAL_MATCH_FRIENDLY,The Flatshare.md,WL-WORK-1987,The Flatshare,,贝丝·奥利里,Beth O'Leary,,,batch5_source_refs,WL-TOPIC-Q2-LOVE,STABLE_T,2019,T6,2019,T6,The Flatshare,Beth O'Leary,/works/OL20664315W,2,2019,2021,2.000,SAFE_T,T6,2019,强标题+作者匹配；最早版次年份与 first_publish_year 落在同一 T,NO_BIRTH,AUTHOR_DATE_MISSING,REVIEW_NO_STRONG_WORK_AUTHOR_DATE
P2_EXTERNAL_MATCH_FRIENDLY,The Cold Dish.md,WL-WORK-2370,The Cold Dish,,克雷格·约翰逊,Craig Johnson,,,batch6_source_refs,WL-TOPIC-Q15;WL-TOPIC-Q15-WESTERN,STABLE_T,2004,T6,2004,T6,The Cold Dish,Craig Johnson,/works/OL8254784W,3,2004,2014,2.000,SAFE_T,T6,2004,强标题+作者匹配；最早版次年份与 first_publish_year 落在同一 T,NO_BIRTH,AUTHOR_DATE_MISSING,REVIEW_NO_STRONG_WORK_AUTHOR_DATE
P2_EXTERNAL_MATCH_FRIENDLY,The Gaucho Genre.md,WL-WORK-2379,The Gaucho Genre,,约瑟菲娜·卢德梅尔,Josefina Ludmer,,,batch6_source_refs,WL-TOPIC-Q15;WL-TOPIC-Q15-GAUCHO,STABLE_T,2002,T6,2002,T6,The gaucho genre,Josefina Ludmer,/works/OL795853W,1,2002,2002,2.000,SAFE_T,T6,2002,强标题+作者匹配；最早版次年份与 first_publish_year 落在同一 T,NO_BIRTH,AUTHOR_DATE_MISSING,REVIEW_NO_STRONG_WORK_AUTHOR_DATE
P2_EXTERNAL_MATCH_FRIENDLY,The Jump-Off Creek.md,WL-WORK-2386,The Jump-Off Creek,,莫莉·格洛斯,Molly Gloss,,,batch6_source_refs,WL-TOPIC-Q15;WL-TOPIC-Q15-WESTERN,STABLE_T,1989,T6,1989,T6,The jump-off creek,Molly Gloss,/works/OL79741W,5,1989,2014,2.000,SAFE_T,T6,1989,强标题+作者匹配；最早版次年份与 first_publish_year 落在同一 T,NO_BIRTH,AUTHOR_DATE_MISSING,REVIEW_NO_STRONG_WORK_AUTHOR_DATE
P2_EXTERNAL_MATCH_FRIENDLY,The Last House on Needless Street.md,WL-WORK-0538,The Last House on Needless Street,,卡特里奥娜·沃德,Catriona Ward,,,batch1_source_refs,WL-TOPIC-G45-HORROR,STABLE_T,2021,T6,2021,T6,The Last House on Needless Street,Catriona Ward,/works/OL24312716W,2,2021,2022,2.000,SAFE_T,T6,2021,强标题+作者匹配；最早版次年份与 first_publish_year 落在同一 T,NO_BIRTH,AUTHOR_DATE_MISSING,REVIEW_NO_STRONG_WORK_AUTHOR_DATE
P2_EXTERNAL_MATCH_FRIENDLY,The Life and Adventures of Nat Love.md,WL-WORK-2390,The Life and Adventures of Nat Love,,纳特·洛夫,Nat Love,,,batch6_source_refs,WL-TOPIC-Q15;WL-TOPIC-Q15-WESTERN,STABLE_T,2010,T6,2010,T6,The Life and Adventures of Nat Love,Nat Love,/works/OL24323609W,7,2010,2022,2.000,SAFE_T,T6,2010,强标题+作者匹配；最早版次年份与 first_publish_year 落在同一 T,NO_BIRTH,AUTHOR_DATE_MISSING,REVIEW_NO_STRONG_WORK_AUTHOR_DATE
P2_EXTERNAL_MATCH_FRIENDLY,The Loney.md,WL-WORK-0540,The Loney,,安德鲁·迈克尔·赫尔利,Andrew Michael Hurley,,,batch1_source_refs,WL-TOPIC-G45-HORROR,STABLE_T,2014,T6,2014,T6,The Loney,Andrew Michael Hurley,/works/OL19354420W,5,2014,2018,2.000,SAFE_T,T6,2014,强标题+作者匹配；最早版次年份与 first_publish_year 落在同一 T,NO_BIRTH,AUTHOR_DATE_MISSING,REVIEW_NO_STRONG_WORK_AUTHOR_DATE
P2_EXTERNAL_MATCH_FRIENDLY,The Manitous.md,WL-WORK-1375,The Manitous,,巴兹尔·约翰斯顿,Basil Johnston,,,batch3_source_refs,WL-TOPIC-G1-MYTH,STABLE_T,1995,T6,1995,T6,The Manitous,Basil Johnston,/works/OL2197537W,3,1995,2001,2.000,SAFE_T,T6,1995,强标题+作者匹配；最早版次年份与 first_publish_year 落在同一 T,NO_BIRTH,AUTHOR_DATE_MISSING,REVIEW_NO_STRONG_WORK_AUTHOR_DATE
P2_EXTERNAL_MATCH_FRIENDLY,The Old Drift.md,WL-WORK-0950,The Old Drift,,纳姆瓦利·瑟佩尔,Namwali Serpell,,,batch2_source_refs,WL-TOPIC-G43-FAMILY,STABLE_T,2019,T6,2019,T6,The Old Drift,Namwali Serpell,/works/OL20148914W,2,2019,2020,2.000,SAFE_T,T6,2019,强标题+作者匹配；最早版次年份与 first_publish_year 落在同一 T,NO_BIRTH,AUTHOR_DATE_MISSING,REVIEW_NO_STRONG_WORK_AUTHOR_DATE
P2_EXTERNAL_MATCH_FRIENDLY,The Pirate's Daughter.md,WL-WORK-2398,The Pirate's Daughter,,玛格丽特·塞泽尔-汤普森,Margaret Cezair-Thompson,,,batch6_source_refs,WL-TOPIC-Q15;WL-TOPIC-Q15-PIRATE,STABLE_T,2007,T6,2007,T6,The Pirate's Daughter,Margaret Cezair-Thompson,/works/OL2006471W,3,2007,2010,2.000,SAFE_T,T6,2007,强标题+作者匹配；最早版次年份与 first_publish_year 落在同一 T,NO_BIRTH,AUTHOR_DATE_MISSING,REVIEW_NO_STRONG_WORK_AUTHOR_DATE
P2_EXTERNAL_MATCH_FRIENDLY,The Recess.md,WL-WORK-0951,The Recess,,索菲娅·李,Sophia Lee,,,batch2_source_refs,WL-TOPIC-G44-HISTORICAL,STABLE_T,1785,T2,1785,T2,The recess,Sophia Lee,/works/OL69279W,10,1785,1979,2.000,SAFE_T,T2,1785,强标题+作者匹配；最早版次年份与 first_publish_year 落在同一 T,NO_BIRTH,AUTHOR_DATE_MISSING,REVIEW_NO_STRONG_WORK_AUTHOR_DATE
P2_EXTERNAL_MATCH_FRIENDLY,The Right Swipe.md,WL-WORK-1992,The Right Swipe,,阿丽莎·拉伊,Alisha Rai,,,batch5_source_refs,WL-TOPIC-Q2-LOVE,STABLE_T,2019,T6,2019,T6,the Right swipe,Alisha Rai,/works/OL20081454W,1,2019,2019,2.000,SAFE_T,T6,2019,强标题+作者匹配；最早版次年份与 first_publish_year 落在同一 T,NO_BIRTH,AUTHOR_DATE_MISSING,REVIEW_NO_STRONG_WORK_AUTHOR_DATE
P2_EXTERNAL_MATCH_FRIENDLY,The Thousand Crimes of Ming Tsu.md,WL-WORK-2414,The Thousand Crimes of Ming Tsu,,汤姆·林,Tom Lin,,,batch6_source_refs,WL-TOPIC-Q15;WL-TOPIC-Q15-WESTERN;WL-TOPIC-Q15-OUTLAW,STABLE_T,2021,T6,2021,T6,The Thousand Crimes of Ming Tsu,Tom Lin,/works/OL24347924W,2,2021,2022,2.000,SAFE_T,T6,2021,强标题+作者匹配；最早版次年份与 first_publish_year 落在同一 T,NO_BIRTH,AUTHOR_DATE_MISSING,REVIEW_NO_STRONG_WORK_AUTHOR_DATE
P2_EXTERNAL_MATCH_FRIENDLY,The Sunne in Splendour.md,WL-WORK-0953,The Sunne in Splendour,,莎伦·凯·彭曼,Sharon Kay Penman,,,batch2_source_refs,WL-TOPIC-G44-HISTORICAL,STABLE_T,1983,T6,1983,T6,The sunne in splendour,Sharon Kay Penman,/works/OL7971334W,2,1983,1984,2.000,SAFE_T,T6,1983,强标题+作者匹配；最早版次年份与 first_publish_year 落在同一 T,NO_BIRTH,AUTHOR_DATE_MISSING,REVIEW_NO_STRONG_WORK_AUTHOR_DATE
P2_EXTERNAL_MATCH_FRIENDLY,The Wedding Date.md,WL-WORK-1995,The Wedding Date,,贾丝明·吉洛里,Jasmine Guillory,,,batch5_source_refs,WL-TOPIC-Q2-LOVE,STABLE_T,2018,T6,2018,T6,The wedding date,Jasmine Guillory,/works/OL19670214W,2,2018,2019,2.000,SAFE_T,T6,2018,强标题+作者匹配；最早版次年份与 first_publish_year 落在同一 T,NO_BIRTH,AUTHOR_DATE_MISSING,REVIEW_NO_STRONG_WORK_AUTHOR_DATE
P2_EXTERNAL_MATCH_FRIENDLY,These Thousand Hills.md,WL-WORK-2421,These Thousand Hills,,A.B.格思里,A.B. Guthrie Jr.,,,batch6_source_refs,WL-TOPIC-Q15;WL-TOPIC-Q15-WESTERN,STABLE_T,1956,T5,1956,T5,These thousand hills,A. B. Guthrie,/works/OL2944433W,6,1956,1995,1.880,SAFE_T,T5,1956,强标题+作者匹配；最早版次年份与 first_publish_year 落在同一 T,NO_BIRTH,AUTHOR_DATE_MISSING,REVIEW_NO_STRONG_WORK_AUTHOR_DATE
P2_EXTERNAL_MATCH_FRIENDLY,Things Have Gotten Worse Since We Last Spoke.md,WL-WORK-0549,Things Have Gotten Worse Since We Last Spoke,,埃里克·拉罗卡,Eric LaRocca,,,batch1_source_refs,WL-TOPIC-G45-HORROR,STABLE_T,2021,T6,2021,T6,Things Have Gotten Worse Since We Last Spoke,Eric LaRocca,/works/OL24627202W,1,2021,2021,2.000,SAFE_T,T6,2021,强标题+作者匹配；最早版次年份与 first_publish_year 落在同一 T,NO_BIRTH,AUTHOR_DATE_MISSING,REVIEW_NO_STRONG_WORK_AUTHOR_DATE
P2_EXTERNAL_MATCH_FRIENDLY,Tlingit Myths and Texts.md,WL-WORK-1383,Tlingit Myths and Texts,,约翰·R.斯旺顿,John R. Swanton,,,batch3_source_refs,WL-TOPIC-G1-MYTH,STABLE_T,1909,T4,1909,T4,Tlingit myths and texts,John Reed Swanton,/works/OL7677871W,10,1909,2022,1.903,SAFE_T,T4,1909,强标题+作者匹配；最早版次年份与 first_publish_year 落在同一 T,NO_BIRTH,AUTHOR_DATE_MISSING,REVIEW_NO_STRONG_WORK_AUTHOR_DATE
P2_EXTERNAL_MATCH_FRIENDLY,Travels in West Africa.md,WL-WORK-1385,Travels in West Africa,,玛丽·金斯利,Mary Kingsley,,,batch3_source_refs,WL-TOPIC-G7-TRAVEL,STABLE_T,2011,T6,2011,T6,Travels in West Africa,Mary Kingsley,/works/OL28345059W,9,2011,2020,2.000,SAFE_T,T6,2011,强标题+作者匹配；最早版次年份与 first_publish_year 落在同一 T,NO_BIRTH,AUTHOR_DATE_MISSING,REVIEW_NO_STRONG_WORK_AUTHOR_DATE
P2_EXTERNAL_MATCH_FRIENDLY,Unbeaten Tracks in Japan.md,WL-WORK-1388,Unbeaten Tracks in Japan,,伊莎贝拉·伯德,Bird,,,batch3_source_refs,WL-TOPIC-G7-TRAVEL,STABLE_T,2016,T6,2016,T6,Unbeaten Tracks in Japan,Bird,/works/OL21121326W,1,2016,2016,2.000,SAFE_T,T6,2016,强标题+作者匹配；最早版次年份与 first_publish_year 落在同一 T,NO_BIRTH,AUTHOR_DATE_MISSING,REVIEW_NO_STRONG_WORK_AUTHOR_DATE
P2_EXTERNAL_MATCH_FRIENDLY,Under the Red Robe.md,WL-WORK-2427,Under the Red Robe,,斯坦利·韦曼,Stanley Weyman,,,batch6_source_refs,WL-TOPIC-Q15;WL-TOPIC-Q15-SWASHBUCKLER,STABLE_T,1949,T5,1949,T5,under the red robe,stanley j. weyman,/works/OL43384499W,1,1949,1949,1.933,SAFE_T,T5,1949,强标题+作者匹配；最早版次年份与 first_publish_year 落在同一 T,NO_BIRTH,AUTHOR_DATE_MISSING,REVIEW_NO_STRONG_WORK_AUTHOR_DATE
P2_EXTERNAL_MATCH_FRIENDLY,Unsouled.md,WL-WORK-0553,Unsouled,,威尔·怀特,Will Wight,,,batch1_source_refs,WL-TOPIC-G45-FANTASY,STABLE_T,2017,T6,2017,T6,Unsouled,Will Wight,/works/OL20781727W,2,2017,2021,2.000,SAFE_T,T6,2017,强标题+作者匹配；最早版次年份与 first_publish_year 落在同一 T,NO_BIRTH,AUTHOR_DATE_MISSING,REVIEW_NO_STRONG_WORK_AUTHOR_DATE
P2_EXTERNAL_MATCH_FRIENDLY,Vox.md,WL-WORK-0955,Vox,,克里斯蒂娜·达尔彻,Christina Dalcher,,,batch2_source_refs,WL-TOPIC-G46-DYSTOPIA,STABLE_T,2018,T6,2018,T6,Vox,Christina Dalcher,/works/OL19765094W,2,2018,2019,2.000,SAFE_T,T6,2018,强标题+作者匹配；最早版次年份与 first_publish_year 落在同一 T,NO_BIRTH,AUTHOR_DATE_MISSING,REVIEW_NO_STRONG_WORK_AUTHOR_DATE
P2_EXTERNAL_MATCH_FRIENDLY,Who Remembers the Sea.md,WL-WORK-2001,Who Remembers the Sea,,穆罕默德·迪布,Mohammed Dib,,,batch5_source_refs,WL-TOPIC-Q6-WAR,STABLE_T,1985,T6,1985,T6,Who remembers the sea,Mohammed Dib,/works/OL11457666W,1,1985,1985,2.000,SAFE_T,T6,1985,强标题+作者匹配；最早版次年份与 first_publish_year 落在同一 T,NO_BIRTH,AUTHOR_DATE_MISSING,REVIEW_NO_STRONG_WORK_AUTHOR_DATE
P2_EXTERNAL_MATCH_FRIENDLY,Winter in the Blood.md,WL-WORK-2431,Winter in the Blood,,詹姆斯·韦尔奇,James Welch,,,batch6_source_refs,WL-TOPIC-Q15;WL-TOPIC-Q15-WESTERN,STABLE_T,1974,T5,1974,T5,Winter in the blood,James Welch,/works/OL46517W,4,1974,2008,2.000,SAFE_T,T5,1974,强标题+作者匹配；最早版次年份与 first_publish_year 落在同一 T,NO_BIRTH,AUTHOR_DATE_MISSING,REVIEW_NO_STRONG_WORK_AUTHOR_DATE
P2_EXTERNAL_MATCH_FRIENDLY,With His Pistol in His Hand.md,WL-WORK-2432,With His Pistol in His Hand,,阿梅里科·帕雷德斯,Américo Paredes,,,batch6_source_refs,WL-TOPIC-Q15;WL-TOPIC-Q15-OUTLAW,STABLE_T,1958,T5,1958,T5,With his pistol in his hand,Américo Paredes,/works/OL1840695W,3,1958,2006,2.000,SAFE_T,T5,1958,强标题+作者匹配；最早版次年份与 first_publish_year 落在同一 T,NO_BIRTH,AUTHOR_DATE_MISSING,REVIEW_NO_STRONG_WORK_AUTHOR_DATE
P2_EXTERNAL_MATCH_FRIENDLY,不再存在的女人.md,WL-WORK-0230,不再存在的女人,Celle qui n'était plus,布瓦洛-纳尔瑟雅克,Boileau-Narcejac,,,,WL-TOPIC-G45-MYSTERY,STABLE_T,1952,T5,1952,T5,Celle qui n'était plus =,Boileau-Narcejac,/works/OL3600939W,1,1952,1952,2.000,SAFE_T,T5,1952,强标题+作者匹配；最早版次年份与 first_publish_year 落在同一 T,NO_BIRTH,AUTHOR_DATE_MISSING,REVIEW_NO_STRONG_WORK_AUTHOR_DATE
P2_EXTERNAL_MATCH_FRIENDLY,Wounds.md,WL-WORK-0557,Wounds,,内森·巴林拉德,Nathan Ballingrud,,,batch1_source_refs,WL-TOPIC-G45-HORROR,STABLE_T,2019,T6,2019,T6,Wounds,Nathan Ballingrud,/works/OL20151193W,1,2019,2019,2.000,SAFE_T,T6,2019,强标题+作者匹配；最早版次年份与 first_publish_year 落在同一 T,NO_BIRTH,AUTHOR_DATE_MISSING,REVIEW_NO_STRONG_WORK_AUTHOR_DATE
P2_EXTERNAL_MATCH_FRIENDLY,不要回头.md,WL-WORK-0224,不要回头,Don't Look Back,卡琳·福萨姆,Karin Fossum,,,,WL-TOPIC-G45-MYSTERY,STABLE_T,2004,T6,2004,T6,Don't Look Back,Karin Fossum,/works/OL35434599W,1,2004,2004,2.000,SAFE_T,T6,2004,强标题+作者匹配；最早版次年份与 first_publish_year 落在同一 T,NO_BIRTH,AUTHOR_DATE_MISSING,REVIEW_NO_STRONG_WORK_AUTHOR_DATE
P2_EXTERNAL_MATCH_FRIENDLY,世界的用法.md,WL-WORK-1393,世界的用法,The Way of the World,尼古拉·布维耶,Nicolas Bouvier,,,batch3_source_refs,WL-TOPIC-G7-TRAVEL,STABLE_T,2009,T6,2009,T6,The way of the world,Nicolas Bouvier,/works/OL18643544W,1,2009,2009,2.000,SAFE_T,T6,2009,强标题+作者匹配；最早版次年份与 first_publish_year 落在同一 T,NO_BIRTH,AUTHOR_DATE_MISSING,REVIEW_NO_STRONG_WORK_AUTHOR_DATE
P2_EXTERNAL_MATCH_FRIENDLY,公主新娘.md,WL-WORK-2454,公主新娘,The Princess Bride,威廉·戈德曼,William Goldman,,,batch6_source_refs,WL-TOPIC-Q15;WL-TOPIC-Q15-SWASHBUCKLER,STABLE_T,1973,T5,1973,T5,The Princess Bride,William Goldman,/works/OL486967W,16,1973,2007,2.000,SAFE_T,T5,1973,强标题+作者匹配；最早版次年份与 first_publish_year 落在同一 T,NO_BIRTH,AUTHOR_DATE_MISSING,REVIEW_NO_STRONG_WORK_AUTHOR_DATE
P2_EXTERNAL_MATCH_FRIENDLY,冬日女王.md,WL-WORK-0137,冬日女王,The Winter Queen,鲍里斯·阿库宁,Boris Akunin,,,,WL-TOPIC-G45-MYSTERY,STABLE_T,2002,T6,2002,T6,The Winter Queen,Boris Akunin,/works/OL8423434W,3,2002,2004,2.000,SAFE_T,T6,2002,强标题+作者匹配；最早版次年份与 first_publish_year 落在同一 T,NO_BIRTH,AUTHOR_DATE_MISSING,REVIEW_NO_STRONG_WORK_AUTHOR_DATE
P2_EXTERNAL_MATCH_FRIENDLY,召唤魔鬼.md,WL-WORK-0069,召唤魔鬼,Whistle Up the Devil,德里克·史密斯,Derek Smith,,,,WL-TOPIC-G45-MYSTERY,STABLE_T,2015,T6,2015,T6,Whistle Up the Devil,Derek Smith,/works/OL31481107W,1,2015,2015,2.000,SAFE_T,T6,2015,强标题+作者匹配；最早版次年份与 first_publish_year 落在同一 T,NO_BIRTH,AUTHOR_DATE_MISSING,REVIEW_NO_STRONG_WORK_AUTHOR_DATE
P2_EXTERNAL_MATCH_FRIENDLY,在比尤拉高地.md,WL-WORK-0108,在比尤拉高地,On Beulah Height,雷金纳德·希尔,Reginald Hill,,,,WL-TOPIC-G45-MYSTERY,STABLE_T,1998,T6,1998,T6,On Beulah Height,Reginald Hill,/works/OL57023W,3,1998,2003,2.000,SAFE_T,T6,1998,强标题+作者匹配；最早版次年份与 first_publish_year 落在同一 T,NO_BIRTH,AUTHOR_DATE_MISSING,REVIEW_NO_STRONG_WORK_AUTHOR_DATE
P2_EXTERNAL_MATCH_FRIENDLY,大地惊雷.md,WL-WORK-2493,大地惊雷,True Grit,查尔斯·波蒂斯,Charles Portis,,,batch6_source_refs,WL-TOPIC-Q15;WL-TOPIC-Q15-WESTERN,STABLE_T,1968,T5,1968,T5,True Grit,Charles Portis,/works/OL104535W,10,1968,2007,2.000,SAFE_T,T5,1968,强标题+作者匹配；最早版次年份与 first_publish_year 落在同一 T,NO_BIRTH,AUTHOR_DATE_MISSING,REVIEW_NO_STRONG_WORK_AUTHOR_DATE
P2_EXTERNAL_MATCH_FRIENDLY,大天空.md,WL-WORK-2494,大天空,The Big Sky,A.B.格思里,A.B. Guthrie Jr.,,,batch6_source_refs,WL-TOPIC-Q15;WL-TOPIC-Q15-WESTERN,STABLE_T,1947,T5,1947,T5, The big sky,A.B Guthrie Jr.,/works/OL43013336W,1,1947,1947,2.000,SAFE_T,T5,1947,强标题+作者匹配；最早版次年份与 first_publish_year 落在同一 T,NO_BIRTH,AUTHOR_DATE_MISSING,REVIEW_NO_STRONG_WORK_AUTHOR_DATE
P2_EXTERNAL_MATCH_FRIENDLY,指匠迷案.md,WL-WORK-0136,指匠迷案,An Instance of the Fingerpost,伊恩·皮尔斯,Iain Pears,,,,WL-TOPIC-G45-MYSTERY,STABLE_T,1999,T6,1999,T6,An Instance of the Fingerpost,Iain Pears,/works/OL1900839W,1,1999,1999,2.000,SAFE_T,T6,1999,强标题+作者匹配；最早版次年份与 first_publish_year 落在同一 T,NO_BIRTH,AUTHOR_DATE_MISSING,REVIEW_NO_STRONG_WORK_AUTHOR_DATE
P2_EXTERNAL_MATCH_FRIENDLY,废墟.md,WL-WORK-0688,废墟,The Ruins,斯科特·史密斯,Scott Smith,,,batch1_source_refs,WL-TOPIC-G45-HORROR,STABLE_T,2005,T6,2005,T6,The Ruins,Scott Smith,/works/OL6218186W,3,2005,2007,2.000,SAFE_T,T6,2005,强标题+作者匹配；最早版次年份与 first_publish_year 落在同一 T,NO_BIRTH,AUTHOR_DATE_MISSING,REVIEW_NO_STRONG_WORK_AUTHOR_DATE
P2_EXTERNAL_MATCH_FRIENDLY,犬之力.md,WL-WORK-2570,犬之力,The Power of the Dog,托马斯·萨维奇,Thomas Savage,,,batch6_source_refs,WL-TOPIC-Q15;WL-TOPIC-Q15-WESTERN,STABLE_T,1967,T5,1967,T5,The power of the dog,Thomas Savage,/works/OL4649200W,7,1967,2016,2.000,SAFE_T,T5,1967,强标题+作者匹配；最早版次年份与 first_publish_year 落在同一 T,NO_BIRTH,AUTHOR_DATE_MISSING,REVIEW_NO_STRONG_WORK_AUTHOR_DATE
P2_EXTERNAL_MATCH_FRIENDLY,眩晕.md,WL-WORK-0231,眩晕,D'entre les morts,布瓦洛-纳尔瑟雅克,Boileau-Narcejac,,,,WL-TOPIC-G45-MYSTERY,STABLE_T,1954,T5,1954,T5,D'entre les morts,Boileau-Narcejac,/works/OL15724928W,10,1954,2015,2.000,SAFE_T,T5,1954,强标题+作者匹配；最早版次年份与 first_publish_year 落在同一 T,NO_BIRTH,AUTHOR_DATE_MISSING,REVIEW_NO_STRONG_WORK_AUTHOR_DATE
P2_EXTERNAL_MATCH_FRIENDLY,社交俱乐部命案.md,WL-WORK-0107,社交俱乐部命案,A Clubbable Woman,雷金纳德·希尔,Reginald Hill,,,,WL-TOPIC-G45-MYSTERY,STABLE_T,1970,T5,1970,T5,A clubbable woman,Reginald Hill,/works/OL57005W,5,1970,2007,2.000,SAFE_T,T5,1970,强标题+作者匹配；最早版次年份与 first_publish_year 落在同一 T,NO_BIRTH,AUTHOR_DATE_MISSING,REVIEW_NO_STRONG_WORK_AUTHOR_DATE
P2_EXTERNAL_MATCH_FRIENDLY,美生中国人.md,WL-WORK-1268,美生中国人,American Born Chinese,杨谨伦,Gene Luen Yang,,,batch2_source_refs,WL-TOPIC-G43-BILDUNGSROMAN,STABLE_T,2006,T6,2006,T6,American Born Chinese,Gene Luen Yang,/works/OL8994750W,3,2006,2008,2.000,SAFE_T,T6,2006,强标题+作者匹配；最早版次年份与 first_publish_year 落在同一 T,NO_BIRTH,AUTHOR_DATE_MISSING,REVIEW_NO_STRONG_WORK_AUTHOR_DATE
P2_EXTERNAL_MATCH_FRIENDLY,蚀刻城.md,WL-WORK-0829,蚀刻城,The Etched City,K.J.毕晓普,K.J. Bishop,,,batch1_source_refs,WL-TOPIC-G45-FANTASY;WL-TOPIC-G45-HORROR,STABLE_T,2005,T6,2005,T6,The Etched City,K.J. Bishop,/works/OL20709719W,1,2005,2005,2.000,SAFE_T,T6,2005,强标题+作者匹配；最早版次年份与 first_publish_year 落在同一 T,NO_BIRTH,AUTHOR_DATE_MISSING,REVIEW_NO_STRONG_WORK_AUTHOR_DATE
P2_EXTERNAL_MATCH_FRIENDLY,解散.md,WL-WORK-0134,解散,Dissolution,C.J.桑瑟姆,C.J. Sansom,,,batch2_source_refs,WL-TOPIC-G45-MYSTERY;WL-TOPIC-G44-HISTORICAL,STABLE_T,2001,T6,2001,T6,Dissolution,C. J. Sansom,/works/OL5734168W,7,2001,2013,2.000,SAFE_T,T6,2001,强标题+作者匹配；最早版次年份与 first_publish_year 落在同一 T,NO_BIRTH,AUTHOR_DATE_MISSING,REVIEW_NO_STRONG_WORK_AUTHOR_DATE
P2_EXTERNAL_MATCH_FRIENDLY,赔偿风波.md,WL-WORK-0094,赔偿风波,Indemnity Only,萨拉·帕雷茨基,Sara Paretsky,,,,WL-TOPIC-G45-MYSTERY,STABLE_T,1982,T6,1982,T6,Indemnity Only,Sara Paretsky,/works/OL18044W,9,1982,2010,2.000,SAFE_T,T6,1982,强标题+作者匹配；最早版次年份与 first_publish_year 落在同一 T,NO_BIRTH,AUTHOR_DATE_MISSING,REVIEW_NO_STRONG_WORK_AUTHOR_DATE
P2_EXTERNAL_MATCH_FRIENDLY,队列.md,WL-WORK-0478,队列,The Queue,巴斯玛·阿卜杜勒·阿齐兹,Basma Abdel Aziz,,,batch2_source_refs,WL-TOPIC-G45-SF;WL-TOPIC-G46-DYSTOPIA,STABLE_T,2016,T6,2016,T6,The Queue,Basma Abdel Aziz,/works/OL19661249W,1,2016,2016,2.000,SAFE_T,T6,2016,强标题+作者匹配；最早版次年份与 first_publish_year 落在同一 T,NO_BIRTH,AUTHOR_DATE_MISSING,REVIEW_NO_STRONG_WORK_AUTHOR_DATE
P2_EXTERNAL_MATCH_FRIENDLY,A Bollywood Affair.md,WL-WORK-1932,A Bollywood Affair,,索纳利·德夫,Sonali Dev,,,batch5_source_refs,WL-TOPIC-Q2-LOVE,NO_RELIABLE_MATCH,,,,,,,,,,,,REVIEW,,,无可靠深层匹配或版次年份与 first_publish_year 的 T 区间不稳定,NO_BIRTH,AUTHOR_DATE_MISSING,REVIEW_NO_STRONG_WORK_AUTHOR_DATE
P2_EXTERNAL_MATCH_FRIENDLY,A Head Full of Ghosts.md,WL-WORK-0489,A Head Full of Ghosts,,保罗·特朗布莱,Paul Tremblay,,,batch1_source_refs,WL-TOPIC-G45-HORROR,NO_RELIABLE_MATCH,,,,,,,,,,,,REVIEW,,,无可靠深层匹配或版次年份与 first_publish_year 的 T 区间不稳定,NO_BIRTH,AUTHOR_DATE_MISSING,REVIEW_NO_STRONG_WORK_AUTHOR_DATE
P2_EXTERNAL_MATCH_FRIENDLY,A Hunger Like No Other.md,WL-WORK-1934,A Hunger Like No Other,,克雷斯莉·科尔,Kresley Cole,,,batch5_source_refs,WL-TOPIC-Q2-LOVE,NO_RELIABLE_MATCH,,,,,,,,,,,,REVIEW,,,无可靠深层匹配或版次年份与 first_publish_year 的 T 区间不稳定,NO_BIRTH,AUTHOR_DATE_MISSING,REVIEW_NO_STRONG_WORK_AUTHOR_DATE
P2_EXTERNAL_MATCH_FRIENDLY,A Knight's Own Book of Chivalry.md,WL-WORK-2155,A Knight's Own Book of Chivalry,,若弗鲁瓦·德·沙尔尼,Geoffroi de Charny,,,batch6_source_refs,WL-TOPIC-Q15;WL-TOPIC-Q15-KNIGHT,NO_RELIABLE_MATCH,,,,,,,,,,,,REVIEW,,,无可靠深层匹配或版次年份与 first_publish_year 的 T 区间不稳定,NO_BIRTH,AUTHOR_DATE_MISSING,REVIEW_NO_STRONG_WORK_AUTHOR_DATE
P2_EXTERNAL_MATCH_FRIENDLY,Ambiguity Machines and Other Stories.md,WL-WORK-0477,Ambiguity Machines and Other Stories,,万达娜·辛格,Vandana Singh,,,,WL-TOPIC-G45-SF,NO_RELIABLE_MATCH,,,,,,,,,,,,REVIEW,,,无可靠深层匹配或版次年份与 first_publish_year 的 T 区间不稳定,NO_BIRTH,AUTHOR_DATE_MISSING,REVIEW_NO_STRONG_WORK_AUTHOR_DATE
P2_EXTERNAL_MATCH_FRIENDLY,A Small Place.md,WL-WORK-1343,A Small Place,,牙买加·金凯德,Jamaica Kincaid,,,batch3_source_refs,WL-TOPIC-G7-TRAVEL,NO_RELIABLE_MATCH,,,,,,,,,,,,REVIEW,,,无可靠深层匹配或版次年份与 first_publish_year 的 T 区间不稳定,NO_BIRTH,AUTHOR_DATE_MISSING,REVIEW_NO_STRONG_WORK_AUTHOR_DATE
P2_EXTERNAL_MATCH_FRIENDLY,"Bless Me, Ultima.md",WL-WORK-2174,"Bless Me, Ultima",,鲁道夫·阿纳亚,Rudolfo Anaya,,,batch6_source_refs,WL-TOPIC-Q15;WL-TOPIC-Q15-WESTERN,NO_RELIABLE_MATCH,,,,,,,,,,,,REVIEW,,,无可靠深层匹配或版次年份与 first_publish_year 的 T 区间不稳定,NO_BIRTH,AUTHOR_DATE_MISSING,REVIEW_NO_STRONG_WORK_AUTHOR_DATE
P2_EXTERNAL_MATCH_FRIENDLY,Destry Rides Again.md,WL-WORK-2200,Destry Rides Again,,马克斯·布兰德,Max Brand,,,batch6_source_refs,WL-TOPIC-Q15;WL-TOPIC-Q15-WESTERN,NO_RELIABLE_MATCH,,,,,,,,,,,,REVIEW,,,无可靠深层匹配或版次年份与 first_publish_year 的 T 区间不稳定,NO_BIRTH,AUTHOR_DATE_MISSING,REVIEW_NO_STRONG_WORK_AUTHOR_DATE
P2_EXTERNAL_MATCH_FRIENDLY,El inglés de los güesos.md,WL-WORK-2207,El inglés de los güesos,,贝尼托·林奇,Lynch,,,batch6_source_refs,WL-TOPIC-Q15;WL-TOPIC-Q15-GAUCHO,NO_RELIABLE_MATCH,,,,,,,,,,,,REVIEW,,,无可靠深层匹配或版次年份与 first_publish_year 的 T 区间不稳定,NO_BIRTH,AUTHOR_DATE_MISSING,REVIEW_NO_STRONG_WORK_AUTHOR_DATE
P2_EXTERNAL_MATCH_FRIENDLY,El romance de un gaucho.md,WL-WORK-2212,El romance de un gaucho,,贝尼托·林奇,Lynch,,,batch6_source_refs,WL-TOPIC-Q15;WL-TOPIC-Q15-GAUCHO,NO_RELIABLE_MATCH,,,,,,,,,,,,REVIEW,,,无可靠深层匹配或版次年份与 first_publish_year 的 T 区间不稳定,NO_BIRTH,AUTHOR_DATE_MISSING,REVIEW_NO_STRONG_WORK_AUTHOR_DATE
P2_EXTERNAL_MATCH_FRIENDLY,Eldorado.md,WL-WORK-2215,Eldorado,,奥希兹男爵夫人,Baroness Orczy,,,batch6_source_refs,WL-TOPIC-Q15;WL-TOPIC-Q15-SWASHBUCKLER,NO_RELIABLE_MATCH,,,,,,,,,,,,REVIEW,,,无可靠深层匹配或版次年份与 first_publish_year 的 T 区间不稳定,NO_BIRTH,AUTHOR_DATE_MISSING,REVIEW_NO_STRONG_WORK_AUTHOR_DATE
P2_EXTERNAL_MATCH_FRIENDLY,"Get a Life, Chloe Brown.md",WL-WORK-1961,"Get a Life, Chloe Brown",,塔莉娅·希伯特,Talia Hibbert,,,batch5_source_refs,WL-TOPIC-Q2-LOVE,NO_RELIABLE_MATCH,,,,,,,,,,,,REVIEW,,,无可靠深层匹配或版次年份与 first_publish_year 的 T 区间不稳定,NO_BIRTH,AUTHOR_DATE_MISSING,REVIEW_NO_STRONG_WORK_AUTHOR_DATE
P2_EXTERNAL_MATCH_FRIENDLY,I Will Repay.md,WL-WORK-2246,I Will Repay,,奥希兹男爵夫人,Baroness Orczy,,,batch6_source_refs,WL-TOPIC-Q15;WL-TOPIC-Q15-SWASHBUCKLER,NO_RELIABLE_MATCH,,,,,,,,,,,,REVIEW,,,无可靠深层匹配或版次年份与 first_publish_year 的 T 区间不稳定,NO_BIRTH,AUTHOR_DATE_MISSING,REVIEW_NO_STRONG_WORK_AUTHOR_DATE
P2_EXTERNAL_MATCH_FRIENDLY,Jerilderie Letter.md,WL-WORK-2251,Jerilderie Letter,,内德·凯利,Ned Kelly,,,batch6_source_refs,WL-TOPIC-Q15;WL-TOPIC-Q15-OUTLAW,NO_RELIABLE_MATCH,,,,,,,,,,,,REVIEW,,,无可靠深层匹配或版次年份与 first_publish_year 的 T 区间不稳定,NO_BIRTH,AUTHOR_DATE_MISSING,REVIEW_NO_STRONG_WORK_AUTHOR_DATE
P2_EXTERNAL_MATCH_FRIENDLY,Joseph d'Arimathie.md,WL-WORK-2253,Joseph d'Arimathie,,罗贝尔·德·博龙,Robert de Boron,,,batch6_source_refs,WL-TOPIC-Q15;WL-TOPIC-Q15-KNIGHT,NO_RELIABLE_MATCH,,,,,,,,,,,,REVIEW,,,无可靠深层匹配或版次年份与 first_publish_year 的 T 区间不稳定,NO_BIRTH,AUTHOR_DATE_MISSING,REVIEW_NO_STRONG_WORK_AUTHOR_DATE
P2_EXTERNAL_MATCH_FRIENDLY,Juan Moreira.md,WL-WORK-2255,Juan Moreira,,爱德华多·古铁雷斯,Gutiérrez,,,batch6_source_refs,WL-TOPIC-Q15;WL-TOPIC-Q15-GAUCHO;WL-TOPIC-Q15-OUTLAW,NO_RELIABLE_MATCH,,,,,,,,,,,,REVIEW,,,无可靠深层匹配或版次年份与 first_publish_year 的 T 区间不稳定,NO_BIRTH,AUTHOR_DATE_MISSING,REVIEW_NO_STRONG_WORK_AUTHOR_DATE
P2_EXTERNAL_MATCH_FRIENDLY,Kernok the Pirate.md,WL-WORK-2256,Kernok the Pirate,,欧仁·苏,Eugène Sue,,,batch6_source_refs,WL-TOPIC-Q15;WL-TOPIC-Q15-PIRATE,NO_RELIABLE_MATCH,,,,,,,,,,,,REVIEW,,,无可靠深层匹配或版次年份与 first_publish_year 的 T 区间不稳定,NO_BIRTH,AUTHOR_DATE_MISSING,REVIEW_NO_STRONG_WORK_AUTHOR_DATE
P2_EXTERNAL_MATCH_FRIENDLY,Kalpa Imperial.md,WL-WORK-0472,Kalpa Imperial,,安赫利卡·戈罗迪舍尔,Angélica Gorodischer,,,,WL-TOPIC-G45-SF,NO_RELIABLE_MATCH,,,,,,,,,,,,REVIEW,,,无可靠深层匹配或版次年份与 first_publish_year 的 T 区间不稳定,NO_BIRTH,AUTHOR_DATE_MISSING,REVIEW_NO_STRONG_WORK_AUTHOR_DATE
P2_EXTERNAL_MATCH_FRIENDLY,Little Big Man.md,WL-WORK-2273,Little Big Man,,托马斯·伯杰,Thomas Berger,,,batch6_source_refs,WL-TOPIC-Q15;WL-TOPIC-Q15-WESTERN,NO_RELIABLE_MATCH,,,,,,,,,,,,REVIEW,,,无可靠深层匹配或版次年份与 first_publish_year 的 T 区间不稳定,NO_BIRTH,AUTHOR_DATE_MISSING,REVIEW_NO_STRONG_WORK_AUTHOR_DATE
P2_EXTERNAL_MATCH_FRIENDLY,Maid Marian.md,WL-WORK-2279,Maid Marian,,托马斯·洛夫·皮科克,Peacock,,,batch6_source_refs,WL-TOPIC-Q15;WL-TOPIC-Q15-OUTLAW,NO_RELIABLE_MATCH,,,,,,,,,,,,REVIEW,,,无可靠深层匹配或版次年份与 first_publish_year 的 T 区间不稳定,NO_BIRTH,AUTHOR_DATE_MISSING,REVIEW_NO_STRONG_WORK_AUTHOR_DATE
P2_EXTERNAL_MATCH_FRIENDLY,Merlin.md,WL-WORK-2282,Merlin,,T.H.怀特,T.H. White,,,batch6_source_refs,WL-TOPIC-Q15;WL-TOPIC-Q15-KNIGHT,NO_RELIABLE_MATCH,,,,,,,,,,,,REVIEW,,,无可靠深层匹配或版次年份与 first_publish_year 的 T 区间不稳定,NO_BIRTH,AUTHOR_DATE_MISSING,REVIEW_NO_STRONG_WORK_AUTHOR_DATE
P2_EXTERNAL_MATCH_FRIENDLY,Palmerín de Inglaterra.md,WL-WORK-2298,Palmerín de Inglaterra,,弗朗西斯科·德·莫拉埃斯,Francisco de Moraes,,,batch6_source_refs,WL-TOPIC-Q15;WL-TOPIC-Q15-KNIGHT,NO_RELIABLE_MATCH,,,,,,,,,,,,REVIEW,,,无可靠深层匹配或版次年份与 first_publish_year 的 T 区间不稳定,NO_BIRTH,AUTHOR_DATE_MISSING,REVIEW_NO_STRONG_WORK_AUTHOR_DATE
P2_EXTERNAL_MATCH_FRIENDLY,Riders of the Silences.md,WL-WORK-2317,Riders of the Silences,,马克斯·布兰德,Max Brand,,,batch6_source_refs,WL-TOPIC-Q15;WL-TOPIC-Q15-WESTERN,NO_RELIABLE_MATCH,,,,,,,,,,,,REVIEW,,,无可靠深层匹配或版次年份与 first_publish_year 的 T 区间不稳定,NO_BIRTH,AUTHOR_DATE_MISSING,REVIEW_NO_STRONG_WORK_AUTHOR_DATE
P2_EXTERNAL_MATCH_FRIENDLY,Roman de Silence.md,WL-WORK-2331,Roman de Silence,,康沃尔的埃尔德里斯,Heldris of Cornwall,,,batch6_source_refs,WL-TOPIC-Q15;WL-TOPIC-Q15-KNIGHT,NO_RELIABLE_MATCH,,,,,,,,,,,,REVIEW,,,无可靠深层匹配或版次年份与 first_publish_year 的 T 区间不稳定,NO_BIRTH,AUTHOR_DATE_MISSING,REVIEW_NO_STRONG_WORK_AUTHOR_DATE
P2_EXTERNAL_MATCH_FRIENDLY,Seth Jones.md,WL-WORK-2338,Seth Jones,,爱德华·S.埃利斯,Edward S. Ellis,,,batch6_source_refs,WL-TOPIC-Q15;WL-TOPIC-Q15-WESTERN,NO_RELIABLE_MATCH,,,,,,,,,,,,REVIEW,,,无可靠深层匹配或版次年份与 first_publish_year 的 T 区间不稳定,NO_BIRTH,AUTHOR_DATE_MISSING,REVIEW_NO_STRONG_WORK_AUTHOR_DATE
P2_EXTERNAL_MATCH_FRIENDLY,Sinophagia／ A Celebration of Chinese Horror.md,WL-WORK-0519,Sinophagia: A Celebration of Chinese Horror,,倪雪婷,Xueting C. Ni,,,batch1_source_refs,WL-TOPIC-G45-HORROR,NO_RELIABLE_MATCH,,,,,,,,,,,,REVIEW,,,无可靠深层匹配或版次年份与 first_publish_year 的 T 区间不稳定,NO_BIRTH,AUTHOR_DATE_MISSING,REVIEW_NO_STRONG_WORK_AUTHOR_DATE
P2_EXTERNAL_MATCH_FRIENDLY,The Assassination of Jesse James.md,WL-WORK-2361,The Assassination of Jesse James...,,罗恩·汉森,Ron Hansen,,,batch6_source_refs,WL-TOPIC-Q15;WL-TOPIC-Q15-WESTERN;WL-TOPIC-Q15-OUTLAW,NO_RELIABLE_MATCH,,,,,,,,,,,,REVIEW,,,无可靠深层匹配或版次年份与 first_publish_year 的 T 区间不稳定,NO_BIRTH,AUTHOR_DATE_MISSING,REVIEW_NO_STRONG_WORK_AUTHOR_DATE
P2_EXTERNAL_MATCH_FRIENDLY,Tell Me I'm Worthless.md,WL-WORK-0523,Tell Me I'm Worthless,,艾莉森·拉姆菲特,Alison Rumfitt,,,batch1_source_refs,WL-TOPIC-G45-HORROR,NO_RELIABLE_MATCH,,,,,,,,,,,,REVIEW,,,无可靠深层匹配或版次年份与 first_publish_year 的 T 区间不稳定,NO_BIRTH,AUTHOR_DATE_MISSING,REVIEW_NO_STRONG_WORK_AUTHOR_DATE
P2_EXTERNAL_MATCH_FRIENDLY,The Buccaneers of America.md,WL-WORK-2368,The Buccaneers of America,,亚历山大·埃斯克梅林,Alexandre Exquemelin,,,batch6_source_refs,WL-TOPIC-Q15;WL-TOPIC-Q15-PIRATE,NO_RELIABLE_MATCH,,,,,,,,,,,,REVIEW,,,无可靠深层匹配或版次年份与 first_publish_year 的 T 区间不稳定,NO_BIRTH,AUTHOR_DATE_MISSING,REVIEW_NO_STRONG_WORK_AUTHOR_DATE
P2_EXTERNAL_MATCH_FRIENDLY,The City Inside.md,WL-WORK-0948,The City Inside,,萨米特·巴苏,Samit Basu,,,batch2_source_refs,WL-TOPIC-G46-DYSTOPIA,NO_RELIABLE_MATCH,,,,,,,,,,,,REVIEW,,,无可靠深层匹配或版次年份与 first_publish_year 的 T 区间不稳定,NO_BIRTH,AUTHOR_DATE_MISSING,REVIEW_NO_STRONG_WORK_AUTHOR_DATE
P2_EXTERNAL_MATCH_FRIENDLY,The Dreaming & Other Essays.md,WL-WORK-1372,The Dreaming & Other Essays,,W.E.H.斯坦纳,W.E.H. Stanner,,,batch3_source_refs,WL-TOPIC-G1-MYTH,NO_RELIABLE_MATCH,,,,,,,,,,,,REVIEW,,,无可靠深层匹配或版次年份与 first_publish_year 的 T 区间不稳定,NO_BIRTH,AUTHOR_DATE_MISSING,REVIEW_NO_STRONG_WORK_AUTHOR_DATE
P2_EXTERNAL_MATCH_FRIENDLY,The Elusive Pimpernel.md,WL-WORK-2378,The Elusive Pimpernel,,奥希兹男爵夫人,Baroness Orczy,,,batch6_source_refs,WL-TOPIC-Q15;WL-TOPIC-Q15-SWASHBUCKLER,NO_RELIABLE_MATCH,,,,,,,,,,,,REVIEW,,,无可靠深层匹配或版次年份与 first_publish_year 的 T 区间不稳定,NO_BIRTH,AUTHOR_DATE_MISSING,REVIEW_NO_STRONG_WORK_AUTHOR_DATE
P2_EXTERNAL_MATCH_FRIENDLY,The House of the Wolf.md,WL-WORK-2384,The House of the Wolf,,斯坦利·韦曼,Stanley Weyman,,,batch6_source_refs,WL-TOPIC-Q15;WL-TOPIC-Q15-SWASHBUCKLER,INTERNAL_CONFLICT,1890,T4,1890,T4,The house of the wolf,Stanley John Weymann,/works/OL6697785W,29,1890,2023,1.824,REVIEW,,,无可靠深层匹配或版次年份与 first_publish_year 的 T 区间不稳定,NO_BIRTH,AUTHOR_DATE_MISSING,REVIEW_NO_STRONG_WORK_AUTHOR_DATE
P2_EXTERNAL_MATCH_FRIENDLY,The Phantom Coach.md,WL-WORK-0543,The Phantom Coach,,阿梅莉亚·B.爱德华兹,Amelia B. Edwards,,,batch1_source_refs,WL-TOPIC-G45-HORROR,NO_RELIABLE_MATCH,,,,,,,,,,,,REVIEW,,,无可靠深层匹配或版次年份与 first_publish_year 的 T 区间不稳定,NO_BIRTH,AUTHOR_DATE_MISSING,REVIEW_NO_STRONG_WORK_AUTHOR_DATE
P2_EXTERNAL_MATCH_FRIENDLY,The Six-Gun Tarot.md,WL-WORK-2407,The Six-Gun Tarot,,R.S.贝尔彻,R.S. Belcher,,,batch6_source_refs,WL-TOPIC-Q15;WL-TOPIC-Q15-WESTERN,NO_RELIABLE_MATCH,,,,,,,,,,,,REVIEW,,,无可靠深层匹配或版次年份与 first_publish_year 的 T 区间不稳定,NO_BIRTH,AUTHOR_DATE_MISSING,REVIEW_NO_STRONG_WORK_AUTHOR_DATE
P2_EXTERNAL_MATCH_FRIENDLY,The Underdogs ／ Los de abajo.md,WL-WORK-2416,The Underdogs / Los de abajo,,马里亚诺·阿苏埃拉,Mariano Azuela,,,batch6_source_refs,WL-TOPIC-Q15;WL-TOPIC-Q15-OUTLAW,NO_RELIABLE_MATCH,,,,,,,,,,,,REVIEW,,,无可靠深层匹配或版次年份与 first_publish_year 的 T 区间不稳定,NO_BIRTH,AUTHOR_DATE_MISSING,REVIEW_NO_STRONG_WORK_AUTHOR_DATE
P2_EXTERNAL_MATCH_FRIENDLY,The Untamed.md,WL-WORK-2417,The Untamed,,马克斯·布兰德,Max Brand,,,batch6_source_refs,WL-TOPIC-Q15;WL-TOPIC-Q15-WESTERN,NO_RELIABLE_MATCH,,,,,,,,,,,,REVIEW,,,无可靠深层匹配或版次年份与 first_publish_year 的 T 区间不稳定,NO_BIRTH,AUTHOR_DATE_MISSING,REVIEW_NO_STRONG_WORK_AUTHOR_DATE
P2_EXTERNAL_MATCH_FRIENDLY,猎人.md,WL-WORK-0255,猎人,The Hunter,理查德·斯塔克,Richard Stark,,,,WL-TOPIC-G45-MYSTERY,NO_RELIABLE_MATCH,,,,,,,,,,,,REVIEW,,,无可靠深层匹配或版次年份与 first_publish_year 的 T 区间不稳定,NO_BIRTH,AUTHOR_DATE_MISSING,REVIEW_NO_STRONG_WORK_AUTHOR_DATE
P2_EXTERNAL_MATCH_FRIENDLY,Tristan.md,WL-WORK-2423,Tristan,,贝鲁尔,Béroul,,,batch6_source_refs,WL-TOPIC-Q15;WL-TOPIC-Q15-KNIGHT,NO_RELIABLE_MATCH,,,,,,,,,,,,REVIEW,,,无可靠深层匹配或版次年份与 first_publish_year 的 T 区间不稳定,NO_BIRTH,AUTHOR_DATE_MISSING,REVIEW_NO_STRONG_WORK_AUTHOR_DATE
P2_EXTERNAL_MATCH_FRIENDLY,致命的宁静.md,WL-WORK-0138,致命的宁静,Still Life,路易丝·佩尼,Louise Penny,,,,WL-TOPIC-G45-MYSTERY,NO_RELIABLE_MATCH,,,,,,,,,,,,REVIEW,,,无可靠深层匹配或版次年份与 first_publish_year 的 T 区间不稳定,NO_BIRTH,AUTHOR_DATE_MISSING,REVIEW_NO_STRONG_WORK_AUTHOR_DATE
P2_EXTERNAL_MATCH_FRIENDLY,苏格兰西部群岛之旅.md,WL-WORK-1500,苏格兰西部群岛之旅,A Journey to the Western Islands of Scotland,塞缪尔·约翰逊,Johnson,,,batch3_source_refs,WL-TOPIC-G7-TRAVEL,NO_RELIABLE_MATCH,,,,,,,,,,,,REVIEW,,,无可靠深层匹配或版次年份与 first_publish_year 的 T 区间不稳定,NO_BIRTH,AUTHOR_DATE_MISSING,REVIEW_NO_STRONG_WORK_AUTHOR_DATE
P2_EXTERNAL_MATCH_FRIENDLY,赫布里底群岛旅行日记.md,WL-WORK-1509,赫布里底群岛旅行日记,The Journal of a Tour to the Hebrides,詹姆斯·鲍斯韦尔,Boswell,,,batch3_source_refs,WL-TOPIC-G7-TRAVEL,NO_RELIABLE_MATCH,,,,,,,,,,,,REVIEW,,,无可靠深层匹配或版次年份与 first_publish_year 的 T 区间不稳定,NO_BIRTH,AUTHOR_DATE_MISSING,REVIEW_NO_STRONG_WORK_AUTHOR_DATE
P2_EXTERNAL_MATCH_FRIENDLY,高卢的阿玛迪斯.md,WL-WORK-2648,高卢的阿玛迪斯,Amadís,加尔西·罗德里格斯·德·蒙塔尔沃,Garci Rodríguez de Montalvo,,,batch6_source_refs,WL-TOPIC-Q15;WL-TOPIC-Q15-KNIGHT,NO_RELIABLE_MATCH,,,,,,,,,,,,REVIEW,,,无可靠深层匹配或版次年份与 first_publish_year 的 T 区间不稳定,NO_BIRTH,AUTHOR_DATE_MISSING,REVIEW_NO_STRONG_WORK_AUTHOR_DATE
