file,proven_t,verified_year,evidence_note,evidence_url_1,evidence_url_2
Ceremony.md,T5,1977,"Publisher states first published by Viking Press in 1977",https://penguinrandomhousehighereducation.com/book/?isbn=9780143137191,https://en.wikipedia.org/wiki/Ceremony_(Silko_novel)
Fools Crow.md,T6,1986,"Penguin Random House states first published to broad acclaim in 1986",https://www.penguinrandomhouse.com/books/323029/fools-crow-by-james-welch/,https://en.wikipedia.org/wiki/Fools_Crow
Monte Walsh.md,T5,1963,"Official publisher page states originally published in 1963; WorldCat records Houghton Mifflin Boston 1963",https://www.simonandschuster.com/books/Monte-Walsh/Jack-Schaefer/9780826358578,https://search.worldcat.org/title/1289952?tab=details
The Shootist.md,T5,1975,"British National Bibliography records original Doubleday/Secker publication in 1975",https://obnb.uk/p12678917-the-shootist,https://openlibrary.org/books/OL5055325M/The_shootist
A Man Called Horse.md,T5,1950,"Story originally published in Collier's magazine on January 7 1950",https://en.wikipedia.org/wiki/A_Man_Called_Horse_(short_story),
Big Rock Candy Mountain.md,T4,1943,"Google Books bibliographic record gives Duell Sloan and Pearce 1943; first-edition record agrees",https://books.google.com/books/about/The_Big_Rock_Candy_Mountain.html?id=IVdbAAAAMAAJ,https://www.abaa.org/book/1501002867
Borderlands ／ La Frontera.md,T6,1987,"Work bibliographic record identifies 1987 publication by Aunt Lute Books",https://en.wikipedia.org/wiki/Borderlands/La_Frontera:_The_New_Mestiza,
Buffalo Wagons.md,T5,1957,"Open Library author bibliography records Buffalo Wagons first published in 1957",https://openlibrary.org/authors/OL24066A/Elmer_Kelton,
Bugles in the Afternoon.md,T4,1943,"Serialized Aug-Oct 1943; first UK book edition 1943, first US book edition 1944",https://gutenberg.net.au/ebooks19/1900621h.html,https://openlibrary.org/authors/OL19281A/Ernest_Haycox
