tier,file,id,title,title_original,author,author_original,canon_id,awards,source_ref_keys,topics,deep_status,deep_earliest_year,deep_earliest_t,deep_first_publish_year,deep_first_publish_t,deep_title,deep_authors,deep_key,deep_year_count,deep_year_min,deep_year_max,deep_match_score,resolution_status,chosen_t,canonical_year_candidate,resolution_reason
P2_EXTERNAL_MATCH_FRIENDLY,A Bollywood Affair.md,WL-WORK-1932,A Bollywood Affair,,索纳利·德夫,Sonali Dev,,,batch5_source_refs,WL-TOPIC-Q2-LOVE,NO_RELIABLE_MATCH,,,,,,,,,,,,REVIEW,,,无可靠深层匹配或版次年份与 first_publish_year 的 T 区间不稳定
P2_EXTERNAL_MATCH_FRIENDLY,A Chegada de Lampião no Inferno.md,WL-WORK-2151,A Chegada de Lampião no Inferno,,何塞·帕切科,José Pacheco,,,batch6_source_refs,WL-TOPIC-Q15;WL-TOPIC-Q15-OUTLAW,NO_RELIABLE_MATCH,,,,,,,,,,,,REVIEW,,,无可靠深层匹配或版次年份与 first_publish_year 的 T 区间不稳定
P2_EXTERNAL_MATCH_FRIENDLY,A General History of the Pyrates.md,WL-WORK-2152,A General History of the Pyrates,,查尔斯·约翰逊船长,Captain Charles Johnson,,,batch6_source_refs,WL-TOPIC-Q15;WL-TOPIC-Q15-PIRATE,NO_RELIABLE_MATCH,,,,,,,,,,,,REVIEW,,,无可靠深层匹配或版次年份与 first_publish_year 的 T 区间不稳定
P2_EXTERNAL_MATCH_FRIENDLY,A Head Full of Ghosts.md,WL-WORK-0489,A Head Full of Ghosts,,保罗·特朗布莱,Paul Tremblay,,,batch1_source_refs,WL-TOPIC-G45-HORROR,NO_RELIABLE_MATCH,,,,,,,,,,,,REVIEW,,,无可靠深层匹配或版次年份与 first_publish_year 的 T 区间不稳定
P2_EXTERNAL_MATCH_FRIENDLY,A Hunger Like No Other.md,WL-WORK-1934,A Hunger Like No Other,,克雷斯莉·科尔,Kresley Cole,,,batch5_source_refs,WL-TOPIC-Q2-LOVE,NO_RELIABLE_MATCH,,,,,,,,,,,,REVIEW,,,无可靠深层匹配或版次年份与 first_publish_year 的 T 区间不稳定
P2_EXTERNAL_MATCH_FRIENDLY,A Knight's Own Book of Chivalry.md,WL-WORK-2155,A Knight's Own Book of Chivalry,,若弗鲁瓦·德·沙尔尼,Geoffroi de Charny,,,batch6_source_refs,WL-TOPIC-Q15;WL-TOPIC-Q15-KNIGHT,NO_RELIABLE_MATCH,,,,,,,,,,,,REVIEW,,,无可靠深层匹配或版次年份与 first_publish_year 的 T 区间不稳定
P2_EXTERNAL_MATCH_FRIENDLY,A Man Called Horse.md,WL-WORK-2156,A Man Called Horse,,多萝西·M.约翰逊,Dorothy M. Johnson,,,batch6_source_refs,WL-TOPIC-Q15;WL-TOPIC-Q15-WESTERN,NO_RELIABLE_MATCH,,,,,,,,,,,,REVIEW,,,无可靠深层匹配或版次年份与 first_publish_year 的 T 区间不稳定
P2_EXTERNAL_MATCH_FRIENDLY,A Small Place.md,WL-WORK-1343,A Small Place,,牙买加·金凯德,Jamaica Kincaid,,,batch3_source_refs,WL-TOPIC-G7-TRAVEL,NO_RELIABLE_MATCH,,,,,,,,,,,,REVIEW,,,无可靠深层匹配或版次年份与 first_publish_year 的 T 区间不稳定
P2_EXTERNAL_MATCH_FRIENDLY,Agents of Dreamland.md,WL-WORK-0491,Agents of Dreamland,,凯特琳·R.基尔南,Kiernan,,,batch1_source_refs,WL-TOPIC-G45-HORROR,NO_RELIABLE_MATCH,,,,,,,,,,,,REVIEW,,,无可靠深层匹配或版次年份与 first_publish_year 的 T 区间不稳定
P2_EXTERNAL_MATCH_FRIENDLY,Ambiguity Machines and Other Stories.md,WL-WORK-0477,Ambiguity Machines and Other Stories,,万达娜·辛格,Vandana Singh,,,,WL-TOPIC-G45-SF,NO_RELIABLE_MATCH,,,,,,,,,,,,REVIEW,,,无可靠深层匹配或版次年份与 first_publish_year 的 T 区间不稳定
P2_EXTERNAL_MATCH_FRIENDLY,An African in Greenland.md,WL-WORK-1347,An African in Greenland,,托戈·科波马西,Kpomassie,,,batch3_source_refs,WL-TOPIC-G7-TRAVEL,NO_RELIABLE_MATCH,,,,,,,,,,,,REVIEW,,,无可靠深层匹配或版次年份与 first_publish_year 的 T 区间不稳定
P2_EXTERNAL_MATCH_FRIENDLY,"Bless Me, Ultima.md",WL-WORK-2174,"Bless Me, Ultima",,鲁道夫·阿纳亚,Rudolfo Anaya,,,batch6_source_refs,WL-TOPIC-Q15;WL-TOPIC-Q15-WESTERN,NO_RELIABLE_MATCH,,,,,,,,,,,,REVIEW,,,无可靠深层匹配或版次年份与 first_publish_year 的 T 区间不稳定
P2_EXTERNAL_MATCH_FRIENDLY,Cangaceiros.md,WL-WORK-2181,Cangaceiros,,若泽·林斯·多雷戈,巴西,,,batch6_source_refs,WL-TOPIC-Q15;WL-TOPIC-Q15-OUTLAW,NO_RELIABLE_MATCH,,,,,,,,,,,,REVIEW,,,无可靠深层匹配或版次年份与 first_publish_year 的 T 区间不稳定
P2_EXTERNAL_MATCH_FRIENDLY,Ceremony.md,WL-WORK-0918,Ceremony,,莱斯利·马蒙·西尔科,Leslie Marmon Silko,,,batch2_source_refs;batch6_source_refs,WL-TOPIC-G44-HISTORICAL;WL-TOPIC-Q15;WL-TOPIC-Q15-WESTERN,NO_RELIABLE_MATCH,,,,,,,,,,,,REVIEW,,,无可靠深层匹配或版次年份与 first_publish_year 的 T 区间不稳定
P2_EXTERNAL_MATCH_FRIENDLY,"Changó, el gran putas.md",WL-WORK-1525,"Changó, el gran putas",,曼努埃尔·萨帕塔·奥利韦利亚,Afro-Latin史诗性书写,,,batch4_source_refs,WL-TOPIC-R6-LATAM,NO_RELIABLE_MATCH,,,,,,,,,,,,REVIEW,,,无可靠深层匹配或版次年份与 first_publish_year 的 T 区间不稳定
P2_EXTERNAL_MATCH_FRIENDLY,Cielitos.md,WL-WORK-2184,Cielitos,,巴托洛梅·伊达尔戈,Hidalgo,,,batch6_source_refs,WL-TOPIC-Q15;WL-TOPIC-Q15-GAUCHO,NO_RELIABLE_MATCH,,,,,,,,,,,,REVIEW,,,无可靠深层匹配或版次年份与 first_publish_year 的 T 区间不稳定
P2_EXTERNAL_MATCH_FRIENDLY,Cockfight.md,WL-WORK-0496,Cockfight,,玛丽亚·费尔南达·安普埃罗,María Fernanda Ampuero,,,batch1_source_refs,WL-TOPIC-G45-HORROR,NO_RELIABLE_MATCH,,,,,,,,,,,,REVIEW,,,无可靠深层匹配或版次年份与 first_publish_year 的 T 区间不稳定
P2_EXTERNAL_MATCH_FRIENDLY,Cogewea.md,WL-WORK-2187,Cogewea,,哀鸽,Mourning Dove,,,batch6_source_refs,WL-TOPIC-Q15;WL-TOPIC-Q15-WESTERN,NO_RELIABLE_MATCH,,,,,,,,,,,,REVIEW,,,无可靠深层匹配或版次年份与 first_publish_year 的 T 区间不稳定
P2_EXTERNAL_MATCH_FRIENDLY,Destry Rides Again.md,WL-WORK-2200,Destry Rides Again,,马克斯·布兰德,Max Brand,,,batch6_source_refs,WL-TOPIC-Q15;WL-TOPIC-Q15-WESTERN,NO_RELIABLE_MATCH,,,,,,,,,,,,REVIEW,,,无可靠深层匹配或版次年份与 first_publish_year 的 T 区间不稳定
P2_EXTERNAL_MATCH_FRIENDLY,Diálogos patrióticos.md,WL-WORK-2201,Diálogos patrióticos,,巴托洛梅·伊达尔戈,Hidalgo,,,batch6_source_refs,WL-TOPIC-Q15;WL-TOPIC-Q15-GAUCHO,NO_RELIABLE_MATCH,,,,,,,,,,,,REVIEW,,,无可靠深层匹配或版次年份与 first_publish_year 的 T 区间不稳定
P2_EXTERNAL_MATCH_FRIENDLY,El guacho Martín Fierro.md,WL-WORK-2206,El guacho Martín Fierro,,法里尼亚,Fariña,,,batch6_source_refs,WL-TOPIC-Q15;WL-TOPIC-Q15-GAUCHO,NO_RELIABLE_MATCH,,,,,,,,,,,,REVIEW,,,无可靠深层匹配或版次年份与 first_publish_year 的 T 区间不稳定
P2_EXTERNAL_MATCH_FRIENDLY,El inglés de los güesos.md,WL-WORK-2207,El inglés de los güesos,,贝尼托·林奇,Lynch,,,batch6_source_refs,WL-TOPIC-Q15;WL-TOPIC-Q15-GAUCHO,NO_RELIABLE_MATCH,,,,,,,,,,,,REVIEW,,,无可靠深层匹配或版次年份与 first_publish_year 的 T 区间不稳定
P2_EXTERNAL_MATCH_FRIENDLY,El payador.md,WL-WORK-2211,El payador,,莱奥波尔多·卢贡内斯,Lugones,,,batch6_source_refs,WL-TOPIC-Q15;WL-TOPIC-Q15-GAUCHO,NO_RELIABLE_MATCH,,,,,,,,,,,,REVIEW,,,无可靠深层匹配或版次年份与 first_publish_year 的 T 区间不稳定
P2_EXTERNAL_MATCH_FRIENDLY,El romance de un gaucho.md,WL-WORK-2212,El romance de un gaucho,,贝尼托·林奇,Lynch,,,batch6_source_refs,WL-TOPIC-Q15;WL-TOPIC-Q15-GAUCHO,NO_RELIABLE_MATCH,,,,,,,,,,,,REVIEW,,,无可靠深层匹配或版次年份与 first_publish_year 的 T 区间不稳定
P2_EXTERNAL_MATCH_FRIENDLY,Eldorado.md,WL-WORK-2215,Eldorado,,奥希兹男爵夫人,Baroness Orczy,,,batch6_source_refs,WL-TOPIC-Q15;WL-TOPIC-Q15-SWASHBUCKLER,NO_RELIABLE_MATCH,,,,,,,,,,,,REVIEW,,,无可靠深层匹配或版次年份与 first_publish_year 的 T 区间不稳定
P2_EXTERNAL_MATCH_FRIENDLY,Facundo／ Civilization and Barbarism.md,WL-WORK-2224,Facundo: Civilization and Barbarism,,萨米恩托,Domingo Faustino Sarmiento,,,batch6_source_refs,WL-TOPIC-Q15;WL-TOPIC-Q15-GAUCHO,NO_RELIABLE_MATCH,,,,,,,,,,,,REVIEW,,,无可靠深层匹配或版次年份与 first_publish_year 的 T 区间不稳定
P2_EXTERNAL_MATCH_FRIENDLY,Fausto.md,WL-WORK-2225,Fausto,,埃斯塔尼斯劳·德尔·坎波,del Campo的,,,batch6_source_refs,WL-TOPIC-Q15;WL-TOPIC-Q15-GAUCHO,NO_RELIABLE_MATCH,,,,,,,,,,,,REVIEW,,,无可靠深层匹配或版次年份与 first_publish_year 的 T 区间不稳定
P2_EXTERNAL_MATCH_FRIENDLY,Flashman.md,WL-WORK-2227,Flashman,,乔治·麦克唐纳·弗雷泽,Flashman系列，从,,,batch6_source_refs,WL-TOPIC-Q15;WL-TOPIC-Q15-SWASHBUCKLER,NO_RELIABLE_MATCH,,,,,,,,,,,,REVIEW,,,无可靠深层匹配或版次年份与 first_publish_year 的 T 区间不稳定
P2_EXTERNAL_MATCH_FRIENDLY,"Get a Life, Chloe Brown.md",WL-WORK-1961,"Get a Life, Chloe Brown",,塔莉娅·希伯特,Talia Hibbert,,,batch5_source_refs,WL-TOPIC-Q2-LOVE,NO_RELIABLE_MATCH,,,,,,,,,,,,REVIEW,,,无可靠深层匹配或版次年份与 first_publish_year 的 T 区间不稳定
P2_EXTERNAL_MATCH_FRIENDLY,Grito de Gloria.md,WL-WORK-2236,Grito de Gloria,,阿塞韦多·迪亚斯,Acevedo Díaz,,,batch6_source_refs,WL-TOPIC-Q15;WL-TOPIC-Q15-GAUCHO,NO_RELIABLE_MATCH,,,,,,,,,,,,REVIEW,,,无可靠深层匹配或版次年份与 first_publish_year 的 T 区间不稳定
P2_EXTERNAL_MATCH_FRIENDLY,Harvest Home.md,WL-WORK-0502,Harvest Home,,托马斯·特赖恩,Thomas Tryon,,,batch1_source_refs,WL-TOPIC-G45-HORROR,NO_RELIABLE_MATCH,,,,,,,,,,,,REVIEW,,,无可靠深层匹配或版次年份与 first_publish_year 的 T 区间不稳定
P2_EXTERNAL_MATCH_FRIENDLY,How the Soldier Repairs the Gramophone.md,WL-WORK-1965,How the Soldier Repairs the Gramophone,,萨沙·斯塔尼希奇,Saša Stanišić,,,batch5_source_refs,WL-TOPIC-Q6-WAR,NO_RELIABLE_MATCH,,,,,,,,,,,,REVIEW,,,无可靠深层匹配或版次年份与 first_publish_year 的 T 区间不稳定
P2_EXTERNAL_MATCH_FRIENDLY,I Will Repay.md,WL-WORK-2246,I Will Repay,,奥希兹男爵夫人,Baroness Orczy,,,batch6_source_refs,WL-TOPIC-Q15;WL-TOPIC-Q15-SWASHBUCKLER,NO_RELIABLE_MATCH,,,,,,,,,,,,REVIEW,,,无可靠深层匹配或版次年份与 first_publish_year 的 T 区间不稳定
P2_EXTERNAL_MATCH_FRIENDLY,Ismael.md,WL-WORK-2249,Ismael,,阿塞韦多·迪亚斯,Acevedo Díaz,,,batch6_source_refs,WL-TOPIC-Q15;WL-TOPIC-Q15-GAUCHO,NO_RELIABLE_MATCH,,,,,,,,,,,,REVIEW,,,无可靠深层匹配或版次年份与 first_publish_year 的 T 区间不稳定
P2_EXTERNAL_MATCH_FRIENDLY,Jerilderie Letter.md,WL-WORK-2251,Jerilderie Letter,,内德·凯利,Ned Kelly,,,batch6_source_refs,WL-TOPIC-Q15;WL-TOPIC-Q15-OUTLAW,NO_RELIABLE_MATCH,,,,,,,,,,,,REVIEW,,,无可靠深层匹配或版次年份与 first_publish_year 的 T 区间不稳定
P2_EXTERNAL_MATCH_FRIENDLY,Joseph d'Arimathie.md,WL-WORK-2253,Joseph d'Arimathie,,罗贝尔·德·博龙,Robert de Boron,,,batch6_source_refs,WL-TOPIC-Q15;WL-TOPIC-Q15-KNIGHT,NO_RELIABLE_MATCH,,,,,,,,,,,,REVIEW,,,无可靠深层匹配或版次年份与 first_publish_year 的 T 区间不稳定
P2_EXTERNAL_MATCH_FRIENDLY,Juan Cuello.md,WL-WORK-2254,Juan Cuello,,爱德华多·古铁雷斯,Eduardo Gutiérrez,,,batch6_source_refs,WL-TOPIC-Q15;WL-TOPIC-Q15-GAUCHO,NO_RELIABLE_MATCH,,,,,,,,,,,,REVIEW,,,无可靠深层匹配或版次年份与 first_publish_year 的 T 区间不稳定
P2_EXTERNAL_MATCH_FRIENDLY,Juan Moreira.md,WL-WORK-2255,Juan Moreira,,爱德华多·古铁雷斯,Gutiérrez,,,batch6_source_refs,WL-TOPIC-Q15;WL-TOPIC-Q15-GAUCHO;WL-TOPIC-Q15-OUTLAW,NO_RELIABLE_MATCH,,,,,,,,,,,,REVIEW,,,无可靠深层匹配或版次年份与 first_publish_year 的 T 区间不稳定
P2_EXTERNAL_MATCH_FRIENDLY,Kalpa Imperial.md,WL-WORK-0472,Kalpa Imperial,,安赫利卡·戈罗迪舍尔,Angélica Gorodischer,,,,WL-TOPIC-G45-SF,NO_RELIABLE_MATCH,,,,,,,,,,,,REVIEW,,,无可靠深层匹配或版次年份与 first_publish_year 的 T 区间不稳定
P2_EXTERNAL_MATCH_FRIENDLY,Kernok the Pirate.md,WL-WORK-2256,Kernok the Pirate,,欧仁·苏,Eugène Sue,,,batch6_source_refs,WL-TOPIC-Q15;WL-TOPIC-Q15-PIRATE,NO_RELIABLE_MATCH,,,,,,,,,,,,REVIEW,,,无可靠深层匹配或版次年份与 first_publish_year 的 T 区间不稳定
P2_EXTERNAL_MATCH_FRIENDLY,Kintu.md,WL-WORK-0932,Kintu,,珍妮弗·南布西·马昆比,与Makumbi,,,batch2_source_refs,WL-TOPIC-G43-FAMILY,NO_RELIABLE_MATCH,,,,,,,,,,,,REVIEW,,,无可靠深层匹配或版次年份与 first_publish_year 的 T 区间不稳定
P2_EXTERNAL_MATCH_FRIENDLY,La cautiva.md,WL-WORK-2258,La cautiva,,埃斯特万·埃切维里亚,Echeverría,,,batch6_source_refs,WL-TOPIC-Q15;WL-TOPIC-Q15-GAUCHO,NO_RELIABLE_MATCH,,,,,,,,,,,,REVIEW,,,无可靠深层匹配或版次年份与 first_publish_year 的 T 区间不稳定
P2_EXTERNAL_MATCH_FRIENDLY,La guerra gaucha.md,WL-WORK-2259,La guerra gaucha,,莱奥波尔多·卢贡内斯,Lugones,,,batch6_source_refs,WL-TOPIC-Q15;WL-TOPIC-Q15-GAUCHO,NO_RELIABLE_MATCH,,,,,,,,,,,,REVIEW,,,无可靠深层匹配或版次年份与 first_publish_year 的 T 区间不稳定
P2_EXTERNAL_MATCH_FRIENDLY,Las aventuras de la China Iron.md,WL-WORK-2267,Las aventuras de la China Iron,,加布里埃拉·卡贝松·卡马拉,Cabezón Cámara,,,batch6_source_refs,WL-TOPIC-Q15;WL-TOPIC-Q15-GAUCHO;WL-TOPIC-Q15-OUTLAW,NO_RELIABLE_MATCH,,,,,,,,,,,,REVIEW,,,无可靠深层匹配或版次年份与 first_publish_year 的 T 区间不稳定
P2_EXTERNAL_MATCH_FRIENDLY,Le Capitan.md,WL-WORK-2269,Le Capitan,,米歇尔·泽瓦科,Le Capitan,,,batch6_source_refs,WL-TOPIC-Q15;WL-TOPIC-Q15-SWASHBUCKLER,NO_RELIABLE_MATCH,,,,,,,,,,,,REVIEW,,,无可靠深层匹配或版次年份与 first_publish_year 的 T 区间不稳定
P2_EXTERNAL_MATCH_FRIENDLY,Little Big Man.md,WL-WORK-2273,Little Big Man,,托马斯·伯杰,Thomas Berger,,,batch6_source_refs,WL-TOPIC-Q15;WL-TOPIC-Q15-WESTERN,NO_RELIABLE_MATCH,,,,,,,,,,,,REVIEW,,,无可靠深层匹配或版次年份与 first_publish_year 的 T 区间不稳定
P2_EXTERNAL_MATCH_FRIENDLY,Los tres gauchos orientales.md,WL-WORK-2278,Los tres gauchos orientales,,安东尼奥·卢西奇,Lussich,,,batch6_source_refs,WL-TOPIC-Q15;WL-TOPIC-Q15-GAUCHO,NO_RELIABLE_MATCH,,,,,,,,,,,,REVIEW,,,无可靠深层匹配或版次年份与 first_publish_year 的 T 区间不稳定
P2_EXTERNAL_MATCH_FRIENDLY,Maid Marian.md,WL-WORK-2279,Maid Marian,,托马斯·洛夫·皮科克,Peacock,,,batch6_source_refs,WL-TOPIC-Q15;WL-TOPIC-Q15-OUTLAW,NO_RELIABLE_MATCH,,,,,,,,,,,,REVIEW,,,无可靠深层匹配或版次年份与 first_publish_year 的 T 区间不稳定
P2_EXTERNAL_MATCH_FRIENDLY,Masterman Ready.md,WL-WORK-0510,Masterman Ready,,弗雷德里克·马里亚特,Marryat,,,batch1_source_refs,WL-TOPIC-G45-ADVENTURE,NO_RELIABLE_MATCH,,,,,,,,,,,,REVIEW,,,无可靠深层匹配或版次年份与 first_publish_year 的 T 区间不稳定
P2_EXTERNAL_MATCH_FRIENDLY,Merlin.md,WL-WORK-2282,Merlin,,T.H.怀特,T.H. White,,,batch6_source_refs,WL-TOPIC-Q15;WL-TOPIC-Q15-KNIGHT,NO_RELIABLE_MATCH,,,,,,,,,,,,REVIEW,,,无可靠深层匹配或版次年份与 first_publish_year 的 T 区间不稳定
P2_EXTERNAL_MATCH_FRIENDLY,Minty Alley.md,WL-WORK-1536,Minty Alley,,C.L.R.詹姆斯,C. L. R. James,,,batch4_source_refs,WL-TOPIC-M3-MODERNISM,NO_RELIABLE_MATCH,,,,,,,,,,,,REVIEW,,,无可靠深层匹配或版次年份与 first_publish_year 的 T 区间不稳定
P2_EXTERNAL_MATCH_FRIENDLY,Nativa.md,WL-WORK-2289,Nativa,,阿塞韦多·迪亚斯,Acevedo Díaz,,,batch6_source_refs,WL-TOPIC-Q15;WL-TOPIC-Q15-GAUCHO,NO_RELIABLE_MATCH,,,,,,,,,,,,REVIEW,,,无可靠深层匹配或版次年份与 first_publish_year 的 T 区间不稳定
P2_EXTERNAL_MATCH_FRIENDLY,Naufragios.md,WL-WORK-0515,Naufragios,,卡贝萨·德·巴卡,Cabeza de Vaca,,,batch1_source_refs;batch3_source_refs;batch6_source_refs,WL-TOPIC-G45-ADVENTURE;WL-TOPIC-G7-TRAVEL;WL-TOPIC-Q15;WL-TOPIC-Q15-WESTERN,NO_RELIABLE_MATCH,,,,,,,,,,,,REVIEW,,,无可靠深层匹配或版次年份与 first_publish_year 的 T 区间不稳定
P2_EXTERNAL_MATCH_FRIENDLY,Palmerín de Inglaterra.md,WL-WORK-2298,Palmerín de Inglaterra,,弗朗西斯科·德·莫拉埃斯,Francisco de Moraes,,,batch6_source_refs,WL-TOPIC-Q15;WL-TOPIC-Q15-KNIGHT,NO_RELIABLE_MATCH,,,,,,,,,,,,REVIEW,,,无可靠深层匹配或版次年份与 first_publish_year 的 T 区间不稳定
P2_EXTERNAL_MATCH_FRIENDLY,Parzival.md,WL-WORK-2301,Parzival,,沃尔夫拉姆·冯·埃申巴赫,Wolfram的,,,batch6_source_refs,WL-TOPIC-Q15;WL-TOPIC-Q15-KNIGHT,NO_RELIABLE_MATCH,,,,,,,,,,,,REVIEW,,,无可靠深层匹配或版次年份与 first_publish_year 的 T 区间不稳定
P2_EXTERNAL_MATCH_FRIENDLY,Paulino Lucero.md,WL-WORK-2302,Paulino Lucero,,阿斯卡苏比,Ascasubi,,,batch6_source_refs,WL-TOPIC-Q15;WL-TOPIC-Q15-GAUCHO,NO_RELIABLE_MATCH,,,,,,,,,,,,REVIEW,,,无可靠深层匹配或版次年份与 first_publish_year 的 T 区间不稳定
P2_EXTERNAL_MATCH_FRIENDLY,Peregrine's Progress.md,WL-WORK-2305,Peregrine's Progress,,杰弗里·法诺尔,Farnol,,,batch6_source_refs,WL-TOPIC-Q15;WL-TOPIC-Q15-SWASHBUCKLER,NO_RELIABLE_MATCH,,,,,,,,,,,,REVIEW,,,无可靠深层匹配或版次年份与 first_publish_year 的 T 区间不稳定
P2_EXTERNAL_MATCH_FRIENDLY,Personal Narrative.md,WL-WORK-1365,Personal Narrative,,亚历山大·冯·洪堡,Humboldt,,,batch3_source_refs,WL-TOPIC-G7-TRAVEL,NO_RELIABLE_MATCH,,,,,,,,,,,,REVIEW,,,无可靠深层匹配或版次年份与 first_publish_year 的 T 区间不稳定
P2_EXTERNAL_MATCH_FRIENDLY,Riders of the Silences.md,WL-WORK-2317,Riders of the Silences,,马克斯·布兰德,Max Brand,,,batch6_source_refs,WL-TOPIC-Q15;WL-TOPIC-Q15-WESTERN,NO_RELIABLE_MATCH,,,,,,,,,,,,REVIEW,,,无可靠深层匹配或版次年份与 first_publish_year 的 T 区间不稳定
P2_EXTERNAL_MATCH_FRIENDLY,"Rinaldo Rinaldini, the Robber Captain.md",WL-WORK-2319,"Rinaldo Rinaldini, the Robber Captain",,克里斯蒂安·奥古斯特·武尔皮乌斯,Christian August Vulpius,,,batch6_source_refs,WL-TOPIC-Q15;WL-TOPIC-Q15-OUTLAW,NO_RELIABLE_MATCH,,,,,,,,,,,,REVIEW,,,无可靠深层匹配或版次年份与 first_publish_year 的 T 区间不稳定
P2_EXTERNAL_MATCH_FRIENDLY,Roman de Brut.md,WL-WORK-2330,Roman de Brut,,瓦斯,Wace,,,batch6_source_refs,WL-TOPIC-Q15;WL-TOPIC-Q15-KNIGHT,NO_RELIABLE_MATCH,,,,,,,,,,,,REVIEW,,,无可靠深层匹配或版次年份与 first_publish_year 的 T 区间不稳定
P2_EXTERNAL_MATCH_FRIENDLY,Roman de Silence.md,WL-WORK-2331,Roman de Silence,,康沃尔的埃尔德里斯,Heldris of Cornwall,,,batch6_source_refs,WL-TOPIC-Q15;WL-TOPIC-Q15-KNIGHT,NO_RELIABLE_MATCH,,,,,,,,,,,,REVIEW,,,无可靠深层匹配或版次年份与 first_publish_year 的 T 区间不稳定
P2_EXTERNAL_MATCH_FRIENDLY,Santos Vega o los mellizos de la Flor.md,WL-WORK-2337,Santos Vega o los mellizos de la Flor,,阿斯卡苏比,Ascasubi,,,batch6_source_refs,WL-TOPIC-Q15;WL-TOPIC-Q15-GAUCHO,NO_RELIABLE_MATCH,,,,,,,,,,,,REVIEW,,,无可靠深层匹配或版次年份与 first_publish_year 的 T 区间不稳定
P2_EXTERNAL_MATCH_FRIENDLY,Santos Vega.md,WL-WORK-2336,Santos Vega,,拉斐尔·奥夫利加多,Obligado,,,batch6_source_refs,WL-TOPIC-Q15;WL-TOPIC-Q15-GAUCHO,NO_RELIABLE_MATCH,,,,,,,,,,,,REVIEW,,,无可靠深层匹配或版次年份与 first_publish_year 的 T 区间不稳定
P2_EXTERNAL_MATCH_FRIENDLY,Segu.md,WL-WORK-0942,Segu,,玛丽斯·孔戴,Maryse Condé,,,batch2_source_refs,WL-TOPIC-G43-FAMILY,NO_RELIABLE_MATCH,,,,,,,,,,,,REVIEW,,,无可靠深层匹配或版次年份与 first_publish_year 的 T 区间不稳定
P2_EXTERNAL_MATCH_FRIENDLY,Seth Jones.md,WL-WORK-2338,Seth Jones,,爱德华·S.埃利斯,Edward S. Ellis,,,batch6_source_refs,WL-TOPIC-Q15;WL-TOPIC-Q15-WESTERN,NO_RELIABLE_MATCH,,,,,,,,,,,,REVIEW,,,无可靠深层匹配或版次年份与 first_publish_year 的 T 区间不稳定
P2_EXTERNAL_MATCH_FRIENDLY,Shadowland.md,WL-WORK-0518,Shadowland,,彼得·斯特劳布,Peter Straub,,,batch1_source_refs,WL-TOPIC-G45-HORROR,INTERNAL_CONFLICT,1980,T6,1980,T6,Shadowland,Peter Straub,/works/OL114303W,11,1980,2003,2.000,REVIEW,,,无可靠深层匹配或版次年份与 first_publish_year 的 T 区间不稳定
P2_EXTERNAL_MATCH_FRIENDLY,Sinophagia／ A Celebration of Chinese Horror.md,WL-WORK-0519,Sinophagia: A Celebration of Chinese Horror,,倪雪婷,Xueting C. Ni,,,batch1_source_refs,WL-TOPIC-G45-HORROR,NO_RELIABLE_MATCH,,,,,,,,,,,,REVIEW,,,无可靠深层匹配或版次年份与 first_publish_year 的 T 区间不稳定
P2_EXTERNAL_MATCH_FRIENDLY,Smoky the Cowhorse.md,WL-WORK-2344,Smoky the Cowhorse,,威尔·詹姆斯,Will James,,,batch6_source_refs,WL-TOPIC-Q15;WL-TOPIC-Q15-WESTERN,NO_RELIABLE_MATCH,,,,,,,,,,,,REVIEW,,,无可靠深层匹配或版次年份与 first_publish_year 的 T 区间不稳定
P2_EXTERNAL_MATCH_FRIENDLY,Teatro Grottesco.md,WL-WORK-0522,Teatro Grottesco,,托马斯·利戈蒂,Ligotti,,,batch1_source_refs,WL-TOPIC-G45-HORROR,NO_RELIABLE_MATCH,,,,,,,,,,,,REVIEW,,,无可靠深层匹配或版次年份与 first_publish_year 的 T 区间不稳定
P2_EXTERNAL_MATCH_FRIENDLY,Tell Me I'm Worthless.md,WL-WORK-0523,Tell Me I'm Worthless,,艾莉森·拉姆菲特,Alison Rumfitt,,,batch1_source_refs,WL-TOPIC-G45-HORROR,NO_RELIABLE_MATCH,,,,,,,,,,,,REVIEW,,,无可靠深层匹配或版次年份与 first_publish_year 的 T 区间不稳定
P2_EXTERNAL_MATCH_FRIENDLY,Thaddeus of Warsaw.md,WL-WORK-0945,Thaddeus of Warsaw,,简·波特,Jane Porter,,,batch2_source_refs,WL-TOPIC-G44-HISTORICAL,INTERNAL_CONFLICT,1800,T3,1800,T3,Thaddeus of Warsaw,Jane Porter,/works/OL4078169W,36,1800,2020,2.000,REVIEW,,,无可靠深层匹配或版次年份与 first_publish_year 的 T 区间不稳定
P2_EXTERNAL_MATCH_FRIENDLY,The Adventures of Col. Daniel Boone.md,WL-WORK-2355,The Adventures of Col. Daniel Boone,,约翰·菲尔森,John Filson,,,batch6_source_refs,WL-TOPIC-Q15;WL-TOPIC-Q15-WESTERN,NO_RELIABLE_MATCH,,,,,,,,,,,,REVIEW,,,无可靠深层匹配或版次年份与 first_publish_year 的 T 区间不稳定
P2_EXTERNAL_MATCH_FRIENDLY,The Assassination of Jesse James.md,WL-WORK-2361,The Assassination of Jesse James...,,罗恩·汉森,Ron Hansen,,,batch6_source_refs,WL-TOPIC-Q15;WL-TOPIC-Q15-WESTERN;WL-TOPIC-Q15-OUTLAW,NO_RELIABLE_MATCH,,,,,,,,,,,,REVIEW,,,无可靠深层匹配或版次年份与 first_publish_year 的 T 区间不稳定
P2_EXTERNAL_MATCH_FRIENDLY,The Ballad of Black Tom.md,WL-WORK-0524,The Ballad of Black Tom,,维克多·拉瓦勒,Victor LaValle,,,batch1_source_refs,WL-TOPIC-G45-HORROR,NO_RELIABLE_MATCH,,,,,,,,,,,,REVIEW,,,无可靠深层匹配或版次年份与 first_publish_year 的 T 区间不稳定
P2_EXTERNAL_MATCH_FRIENDLY,The Brave Cowboy.md,WL-WORK-2367,The Brave Cowboy,,爱德华·艾比,Abbey,,,batch6_source_refs,WL-TOPIC-Q15;WL-TOPIC-Q15-WESTERN;WL-TOPIC-Q15-OUTLAW,NO_RELIABLE_MATCH,,,,,,,,,,,,REVIEW,,,无可靠深层匹配或版次年份与 first_publish_year 的 T 区间不稳定
P2_EXTERNAL_MATCH_FRIENDLY,The Buccaneers of America.md,WL-WORK-2368,The Buccaneers of America,,亚历山大·埃斯克梅林,Alexandre Exquemelin,,,batch6_source_refs,WL-TOPIC-Q15;WL-TOPIC-Q15-PIRATE,NO_RELIABLE_MATCH,,,,,,,,,,,,REVIEW,,,无可靠深层匹配或版次年份与 first_publish_year 的 T 区间不稳定
P2_EXTERNAL_MATCH_FRIENDLY,The City Inside.md,WL-WORK-0948,The City Inside,,萨米特·巴苏,Samit Basu,,,batch2_source_refs,WL-TOPIC-G46-DYSTOPIA,NO_RELIABLE_MATCH,,,,,,,,,,,,REVIEW,,,无可靠深层匹配或版次年份与 first_publish_year 的 T 区间不稳定
P2_EXTERNAL_MATCH_FRIENDLY,The Conjure-Man Dies.md,WL-WORK-1542,The Conjure-Man Dies,,鲁道夫·费希尔,Rudolph Fisher,,,batch4_source_refs,WL-TOPIC-M3-MODERNISM,NO_RELIABLE_MATCH,,,,,,,,,,,,REVIEW,,,无可靠深层匹配或版次年份与 first_publish_year 的 T 区间不稳定
P2_EXTERNAL_MATCH_FRIENDLY,The Corsair.md,WL-WORK-2373,The Corsair,,拜伦,Byron,,,batch6_source_refs,WL-TOPIC-Q15;WL-TOPIC-Q15-PIRATE,NO_RELIABLE_MATCH,,,,,,,,,,,,REVIEW,,,无可靠深层匹配或版次年份与 first_publish_year 的 T 区间不稳定
P2_EXTERNAL_MATCH_FRIENDLY,The Dreaming & Other Essays.md,WL-WORK-1372,The Dreaming & Other Essays,,W.E.H.斯坦纳,W.E.H. Stanner,,,batch3_source_refs,WL-TOPIC-G1-MYTH,NO_RELIABLE_MATCH,,,,,,,,,,,,REVIEW,,,无可靠深层匹配或版次年份与 first_publish_year 的 T 区间不稳定
P2_EXTERNAL_MATCH_FRIENDLY,The Elusive Pimpernel.md,WL-WORK-2378,The Elusive Pimpernel,,奥希兹男爵夫人,Baroness Orczy,,,batch6_source_refs,WL-TOPIC-Q15;WL-TOPIC-Q15-SWASHBUCKLER,NO_RELIABLE_MATCH,,,,,,,,,,,,REVIEW,,,无可靠深层匹配或版次年份与 first_publish_year 的 T 区间不稳定
P2_EXTERNAL_MATCH_FRIENDLY,The Forging of a Rebel.md,WL-WORK-1988,The Forging of a Rebel,,阿图罗·巴雷亚,Arturo Barea,,,batch5_source_refs,WL-TOPIC-Q6-WAR,NO_RELIABLE_MATCH,,,,,,,,,,,,REVIEW,,,无可靠深层匹配或版次年份与 first_publish_year 的 T 区间不稳定
P2_EXTERNAL_MATCH_FRIENDLY,The Headless Horseman.md,WL-WORK-0535,The Headless Horseman,,梅恩·里德,Mayne Reid,,,batch1_source_refs,WL-TOPIC-G45-ADVENTURE,INTERNAL_CONFLICT,1800,T3,1800,T3,The headless horseman,Mayne Reid,/works/OL5305935W,7,1800,2007,2.000,REVIEW,,,无可靠深层匹配或版次年份与 first_publish_year 的 T 区间不稳定
P2_EXTERNAL_MATCH_FRIENDLY,The House of the Wolf.md,WL-WORK-2384,The House of the Wolf,,斯坦利·韦曼,Stanley Weyman,,,batch6_source_refs,WL-TOPIC-Q15;WL-TOPIC-Q15-SWASHBUCKLER,INTERNAL_CONFLICT,1890,T4,1890,T4,The house of the wolf,Stanley John Weymann,/works/OL6697785W,29,1890,2023,1.824,REVIEW,,,无可靠深层匹配或版次年份与 first_publish_year 的 T 区间不稳定
P2_EXTERNAL_MATCH_FRIENDLY,The Imago Sequence.md,WL-WORK-0536,The Imago Sequence,,莱尔德·巴伦,Laird Barron,,,batch1_source_refs,WL-TOPIC-G45-HORROR,NO_RELIABLE_MATCH,,,,,,,,,,,,REVIEW,,,无可靠深层匹配或版次年份与 first_publish_year 的 T 区间不稳定
P2_EXTERNAL_MATCH_FRIENDLY,The New Negro.md,WL-WORK-1543,The New Negro,,阿兰·洛克,Alain Locke 编,,,batch4_source_refs,WL-TOPIC-M3-MODERNISM,NO_RELIABLE_MATCH,,,,,,,,,,,,REVIEW,,,无可靠深层匹配或版次年份与 first_publish_year 的 T 区间不稳定
P2_EXTERNAL_MATCH_FRIENDLY,The Old Patagonian Express.md,WL-WORK-1377,The Old Patagonian Express,,保罗·索鲁,Paul Theroux,,,batch3_source_refs,WL-TOPIC-G7-TRAVEL,NO_RELIABLE_MATCH,,,,,,,,,,,,REVIEW,,,无可靠深层匹配或版次年份与 first_publish_year 的 T 区间不稳定
P2_EXTERNAL_MATCH_FRIENDLY,The Old Ways.md,WL-WORK-1378,The Old Ways,,罗伯特·麦克法伦,Robert Macfarlane,,,batch3_source_refs,WL-TOPIC-G7-TRAVEL,NO_RELIABLE_MATCH,,,,,,,,,,,,REVIEW,,,无可靠深层匹配或版次年份与 first_publish_year 的 T 区间不稳定
P2_EXTERNAL_MATCH_FRIENDLY,The Phantom Coach.md,WL-WORK-0543,The Phantom Coach,,阿梅莉亚·B.爱德华兹,Amelia B. Edwards,,,batch1_source_refs,WL-TOPIC-G45-HORROR,NO_RELIABLE_MATCH,,,,,,,,,,,,REVIEW,,,无可靠深层匹配或版次年份与 first_publish_year 的 T 区间不稳定
P2_EXTERNAL_MATCH_FRIENDLY,The Principal Navigations.md,WL-WORK-1379,The Principal Navigations...,,理查德·哈克卢特,Richard Hakluyt,,,batch3_source_refs,WL-TOPIC-G7-TRAVEL,NO_RELIABLE_MATCH,,,,,,,,,,,,REVIEW,,,无可靠深层匹配或版次年份与 first_publish_year 的 T 区间不稳定
P2_EXTERNAL_MATCH_FRIENDLY,The Purple Land.md,WL-WORK-2399,The Purple Land,,W.H.赫德森,Hudson,,,batch6_source_refs,WL-TOPIC-Q15;WL-TOPIC-Q15-GAUCHO,NO_RELIABLE_MATCH,,,,,,,,,,,,REVIEW,,,无可靠深层匹配或版次年份与 first_publish_year 的 T 区间不稳定
P2_EXTERNAL_MATCH_FRIENDLY,The Pyrates.md,WL-WORK-2400,The Pyrates,,乔治·麦克唐纳·弗雷泽,解构,,,batch6_source_refs,WL-TOPIC-Q15;WL-TOPIC-Q15-SWASHBUCKLER,NO_RELIABLE_MATCH,,,,,,,,,,,,REVIEW,,,无可靠深层匹配或版次年份与 first_publish_year 的 T 区间不稳定
P2_EXTERNAL_MATCH_FRIENDLY,The Six-Gun Tarot.md,WL-WORK-2407,The Six-Gun Tarot,,R.S.贝尔彻,R.S. Belcher,,,batch6_source_refs,WL-TOPIC-Q15;WL-TOPIC-Q15-WESTERN,NO_RELIABLE_MATCH,,,,,,,,,,,,REVIEW,,,无可靠深层匹配或版次年份与 first_publish_year 的 T 区间不稳定
P2_EXTERNAL_MATCH_FRIENDLY,The Squatter and the Don.md,WL-WORK-2408,The Squatter and the Don,,海伦·亨特·杰克逊,Helen Hunt Jackson,,,batch6_source_refs,WL-TOPIC-Q15;WL-TOPIC-Q15-WESTERN,NO_RELIABLE_MATCH,,,,,,,,,,,,REVIEW,,,无可靠深层匹配或版次年份与 first_publish_year 的 T 区间不稳定
P2_EXTERNAL_MATCH_FRIENDLY,The Time It Never Rained.md,WL-WORK-2415,The Time It Never Rained,,埃尔默·凯尔顿,Kelton,,,batch6_source_refs,WL-TOPIC-Q15;WL-TOPIC-Q15-WESTERN,NO_RELIABLE_MATCH,,,,,,,,,,,,REVIEW,,,无可靠深层匹配或版次年份与 first_publish_year 的 T 区间不稳定
P2_EXTERNAL_MATCH_FRIENDLY,The Underdogs ／ Los de abajo.md,WL-WORK-2416,The Underdogs / Los de abajo,,马里亚诺·阿苏埃拉,Mariano Azuela,,,batch6_source_refs,WL-TOPIC-Q15;WL-TOPIC-Q15-OUTLAW,NO_RELIABLE_MATCH,,,,,,,,,,,,REVIEW,,,无可靠深层匹配或版次年份与 first_publish_year 的 T 区间不稳定
P2_EXTERNAL_MATCH_FRIENDLY,The Untamed.md,WL-WORK-2417,The Untamed,,马克斯·布兰德,Max Brand,,,batch6_source_refs,WL-TOPIC-Q15;WL-TOPIC-Q15-WESTERN,NO_RELIABLE_MATCH,,,,,,,,,,,,REVIEW,,,无可靠深层匹配或版次年份与 first_publish_year 的 T 区间不稳定
P2_EXTERNAL_MATCH_FRIENDLY,This One Summer.md,WL-WORK-0954,This One Summer,,玉木真理子 / 吉莉安·玉木,Mariko & Jillian Tamaki,,,batch2_source_refs,WL-TOPIC-G43-BILDUNGSROMAN,NO_RELIABLE_MATCH,,,,,,,,,,,,REVIEW,,,无可靠深层匹配或版次年份与 first_publish_year 的 T 区间不稳定
P2_EXTERNAL_MATCH_FRIENDLY,Torto Arado.md,WL-WORK-1544,Torto Arado,,伊塔马尔·维埃拉·儒尼奥尔,乡村,,,batch4_source_refs,WL-TOPIC-R6-LATAM,NO_RELIABLE_MATCH,,,,,,,,,,,,REVIEW,,,无可靠深层匹配或版次年份与 first_publish_year 的 T 区间不稳定
P2_EXTERNAL_MATCH_FRIENDLY,Tracks.md,WL-WORK-1384,Tracks,,罗宾·戴维森,Robyn Davidson,,,batch3_source_refs,WL-TOPIC-G7-TRAVEL,INTERNAL_CONFLICT,1980,T6,1980,T6,Tracks,Robyn Davidson,/works/OL15857436W,6,1980,1998,2.000,REVIEW,,,无可靠深层匹配或版次年份与 first_publish_year 的 T 区间不稳定
P2_EXTERNAL_MATCH_FRIENDLY,Tristan.md,WL-WORK-2423,Tristan,,贝鲁尔,Béroul,,,batch6_source_refs,WL-TOPIC-Q15;WL-TOPIC-Q15-KNIGHT,NO_RELIABLE_MATCH,,,,,,,,,,,,REVIEW,,,无可靠深层匹配或版次年份与 first_publish_year 的 T 区间不稳定
P2_EXTERNAL_MATCH_FRIENDLY,Uninhabited House.md,WL-WORK-0552,Uninhabited House,,夏洛特·里德尔,Charlotte Riddell,,,batch1_source_refs,WL-TOPIC-G45-HORROR,NO_RELIABLE_MATCH,,,,,,,,,,,,REVIEW,,,无可靠深层匹配或版次年份与 first_publish_year 的 T 区间不稳定
P2_EXTERNAL_MATCH_FRIENDLY,Yoruba Myths.md,WL-WORK-1390,Yoruba Myths,,乌利·拜尔,Ulli Beier,,,batch3_source_refs,WL-TOPIC-G1-MYTH,INTERNAL_CONFLICT,1980,T6,1980,T6,Yoruba myths,Ulli Beier,/works/OL18258014W,1,1980,1980,2.000,REVIEW,,,无可靠深层匹配或版次年份与 first_publish_year 的 T 区间不稳定
P2_EXTERNAL_MATCH_FRIENDLY,国王叙事诗.md,WL-WORK-2484,国王叙事诗,Idylls of the King,丁尼生,解构,,,batch6_source_refs,WL-TOPIC-Q15;WL-TOPIC-Q15-KNIGHT,NO_RELIABLE_MATCH,,,,,,,,,,,,REVIEW,,,无可靠深层匹配或版次年份与 first_publish_year 的 T 区间不稳定
P2_EXTERNAL_MATCH_FRIENDLY,大鼻子情圣.md,WL-WORK-2497,大鼻子情圣,Cyrano de Bergerac,埃德蒙·罗斯丹,Edmond Rostand,,,batch6_source_refs,WL-TOPIC-Q15;WL-TOPIC-Q15-SWASHBUCKLER,INTERNAL_CONFLICT,1800,T3,1800,T3,Cyrano de Bergerac,Edmond Rostand,/works/OL42253444W,11,1800,1988,2.000,REVIEW,,,无可靠深层匹配或版次年份与 first_publish_year 的 T 区间不稳定
P2_EXTERNAL_MATCH_FRIENDLY,强盗.md,WL-WORK-2520,强盗,Die Räuber,席勒,Schiller,,,batch6_source_refs,WL-TOPIC-Q15;WL-TOPIC-Q15-OUTLAW,NO_RELIABLE_MATCH,,,,,,,,,,,,REVIEW,,,无可靠深层匹配或版次年份与 first_publish_year 的 T 区间不稳定
P2_EXTERNAL_MATCH_FRIENDLY,桶子.md,WL-WORK-0053,桶子,The Cask,弗里曼·克罗夫茨,Crofts,,,,WL-TOPIC-G45-MYSTERY,NO_RELIABLE_MATCH,,,,,,,,,,,,REVIEW,,,无可靠深层匹配或版次年份与 first_publish_year 的 T 区间不稳定
P2_EXTERNAL_MATCH_FRIENDLY,永恒者.md,WL-WORK-0471,永恒者,El Eternauta,埃克托尔·赫尔曼·奥斯特尔德,Héctor Germán Oesterheld,,,,WL-TOPIC-G45-SF,NO_RELIABLE_MATCH,,,,,,,,,,,,REVIEW,,,无可靠深层匹配或版次年份与 first_publish_year 的 T 区间不稳定
P2_EXTERNAL_MATCH_FRIENDLY,猎人.md,WL-WORK-0255,猎人,The Hunter,理查德·斯塔克,Richard Stark,,,,WL-TOPIC-G45-MYSTERY,NO_RELIABLE_MATCH,,,,,,,,,,,,REVIEW,,,无可靠深层匹配或版次年份与 first_publish_year 的 T 区间不稳定
P2_EXTERNAL_MATCH_FRIENDLY,穿绿裤子的唐·希尔.md,WL-WORK-2587,穿绿裤子的唐·希尔,Don Gil de las calzas verdes,蒂尔索·德·莫利纳,Tirso de Molina,,,batch6_source_refs,WL-TOPIC-Q15;WL-TOPIC-Q15-SWASHBUCKLER,INTERNAL_CONFLICT,1800,T3,1800,T3,Don Gil de las calzas verdes,Tirso de Molina,/works/OL638605W,13,1800,2009,2.000,REVIEW,,,无可靠深层匹配或版次年份与 first_publish_year 的 T 区间不稳定
P2_EXTERNAL_MATCH_FRIENDLY,米夏埃尔·科尔哈斯.md,WL-WORK-2590,米夏埃尔·科尔哈斯,Michael Kohlhaas,克莱斯特,Kleist,,,batch6_source_refs,WL-TOPIC-Q15;WL-TOPIC-Q15-OUTLAW,NO_RELIABLE_MATCH,,,,,,,,,,,,REVIEW,,,无可靠深层匹配或版次年份与 first_publish_year 的 T 区间不稳定
P2_EXTERNAL_MATCH_FRIENDLY,致命的宁静.md,WL-WORK-0138,致命的宁静,Still Life,路易丝·佩尼,Louise Penny,,,,WL-TOPIC-G45-MYSTERY,NO_RELIABLE_MATCH,,,,,,,,,,,,REVIEW,,,无可靠深层匹配或版次年份与 first_publish_year 的 T 区间不稳定
P2_EXTERNAL_MATCH_FRIENDLY,苏格兰西部群岛之旅.md,WL-WORK-1500,苏格兰西部群岛之旅,A Journey to the Western Islands of Scotland,塞缪尔·约翰逊,Johnson,,,batch3_source_refs,WL-TOPIC-G7-TRAVEL,NO_RELIABLE_MATCH,,,,,,,,,,,,REVIEW,,,无可靠深层匹配或版次年份与 first_publish_year 的 T 区间不稳定
P2_EXTERNAL_MATCH_FRIENDLY,赫布里底群岛旅行日记.md,WL-WORK-1509,赫布里底群岛旅行日记,The Journal of a Tour to the Hebrides,詹姆斯·鲍斯韦尔,Boswell,,,batch3_source_refs,WL-TOPIC-G7-TRAVEL,NO_RELIABLE_MATCH,,,,,,,,,,,,REVIEW,,,无可靠深层匹配或版次年份与 first_publish_year 的 T 区间不稳定
P2_EXTERNAL_MATCH_FRIENDLY,野兽必须死.md,WL-WORK-0066,野兽必须死,The Beast Must Die,尼古拉斯·布莱克,Nicholas Blake,,,,WL-TOPIC-G45-MYSTERY,NO_RELIABLE_MATCH,,,,,,,,,,,,REVIEW,,,无可靠深层匹配或版次年份与 first_publish_year 的 T 区间不稳定
P2_EXTERNAL_MATCH_FRIENDLY,雇员们.md,WL-WORK-0482,雇员们,The Employees,奥尔加·拉夫恩,Olga Ravn,,,,WL-TOPIC-G45-SF,NO_RELIABLE_MATCH,,,,,,,,,,,,REVIEW,,,无可靠深层匹配或版次年份与 first_publish_year 的 T 区间不稳定
P2_EXTERNAL_MATCH_FRIENDLY,青砥稿花红彩画.md,WL-WORK-2639,青砥稿花红彩画,Aoto Zōshi Hana no Nishiki-e,河竹默阿弥,日本,,,batch6_source_refs,WL-TOPIC-Q15;WL-TOPIC-Q15-OUTLAW,NO_RELIABLE_MATCH,,,,,,,,,,,,REVIEW,,,无可靠深层匹配或版次年份与 first_publish_year 的 T 区间不稳定
P2_EXTERNAL_MATCH_FRIENDLY,驼背人.md,WL-WORK-2645,驼背人,Le Bossu,保罗·费瓦尔,复仇,,,batch6_source_refs,WL-TOPIC-Q15;WL-TOPIC-Q15-SWASHBUCKLER,NO_RELIABLE_MATCH,,,,,,,,,,,,REVIEW,,,无可靠深层匹配或版次年份与 first_publish_year 的 T 区间不稳定
P2_EXTERNAL_MATCH_FRIENDLY,高卢的阿玛迪斯.md,WL-WORK-2648,高卢的阿玛迪斯,Amadís,加尔西·罗德里格斯·德·蒙塔尔沃,Garci Rodríguez de Montalvo,,,batch6_source_refs,WL-TOPIC-Q15;WL-TOPIC-Q15-KNIGHT,NO_RELIABLE_MATCH,,,,,,,,,,,,REVIEW,,,无可靠深层匹配或版次年份与 first_publish_year 的 T 区间不稳定
P2_EXTERNAL_MATCH_FRIENDLY,麦地那与麦加朝圣记.md,WL-WORK-1521,麦地那与麦加朝圣记,Personal Narrative of a Pilgrimage to Al-Madinah and Meccah,理查德·伯顿,Burton,,,batch3_source_refs,WL-TOPIC-G7-TRAVEL,NO_RELIABLE_MATCH,,,,,,,,,,,,REVIEW,,,无可靠深层匹配或版次年份与 first_publish_year 的 T 区间不稳定
