file,id,title,title_original,author,author_original,ol_year,ol_title,ol_author,ol_key,suggested_t,publication_year,year_source_1,confidence,review_status,notes
A Princess in Theory.md,WL-WORK-1936,A Princess in Theory,,艾莉莎·科尔,Alyssa Cole,2018,A princess in theory,Alyssa cole,/works/OL19737100W,T6,2018,OpenLibrary:/works/OL19737100W,REVIEW,REPRINT_RISK_REVIEW,OpenLibrary only; reprint contamination risk
A Rumor of War.md,WL-WORK-1937,A Rumor of War,,菲利普·卡普托,Philip Caputo,1977,A rumor of war,Philip Caputo,/works/OL82000W,T5,1977,OpenLibrary:/works/OL82000W,REVIEW,REPRINT_RISK_REVIEW,OpenLibrary only; reprint contamination risk
A Small Place.md,WL-WORK-1343,A Small Place,,牙买加·金凯德,Jamaica Kincaid,1988,A small place,Jamaica Kincaid ; Robin Miles,/works/OL2664685W,T6,1988,OpenLibrary:/works/OL2664685W,REVIEW,REPRINT_RISK_REVIEW,OpenLibrary only; reprint contamination risk
Always Only You.md,WL-WORK-1939,Always Only You,,克洛伊·利泽,Chloe Liese,2020,Always Only You,Chloe Liese,/works/OL27591343W,T6,2020,OpenLibrary:/works/OL27591343W,REVIEW,REPRINT_RISK_REVIEW,OpenLibrary only; reprint contamination risk
Auschwitz and After.md,WL-WORK-1941,Auschwitz and After,,夏洛特·德尔博,Charlotte Delbo,1997,Auschwitz and after,Charlotte Delbo,/works/OL20055779W,T6,1997,OpenLibrary:/works/OL20055779W,REVIEW,REPRINT_RISK_REVIEW,OpenLibrary only; reprint contamination risk
Ayesha at Last.md,WL-WORK-1942,Ayesha at Last,,乌兹玛·贾拉勒丁,Uzma Jalaluddin,2018,Ayesha At Last,Uzma Jalaluddin,/works/OL20163357W,T6,2018,OpenLibrary:/works/OL20163357W,REVIEW,REPRINT_RISK_REVIEW,OpenLibrary only; reprint contamination risk
Banalata Sen.md,WL-WORK-1524,Banalata Sen,,吉巴纳南达·达斯,Jibanananda Das,1962,Banalata Sen,Jibanananda Das,/works/OL333397W,T5,1962,OpenLibrary:/works/OL333397W,REVIEW,REPRINT_RISK_REVIEW,OpenLibrary only; reprint contamination risk
Bar-20.md,WL-WORK-2166,Bar-20,,克拉伦斯·E.马尔福德,Clarence E. Mulford,1907,Bar-20,Clarence Edward Mulford ; Robert Banis,/works/OL3194212W,T4,1907,OpenLibrary:/works/OL3194212W,REVIEW,REPRINT_RISK_REVIEW,OpenLibrary only; reprint contamination risk
Before I Let Go.md,WL-WORK-1945,Before I Let Go,,肯尼迪·瑞安,Kennedy Ryan,2022,Before I Let Go,Kennedy Ryan,/works/OL27850288W,T6,2022,OpenLibrary:/works/OL27850288W,REVIEW,REPRINT_RISK_REVIEW,OpenLibrary only; reprint contamination risk
Before She Sleeps.md,WL-WORK-0916,Before She Sleeps,,比娜·沙阿,Bina Shah,2018,Before she sleeps,Bina Shah,/works/OL19751027W,T6,2018,OpenLibrary:/works/OL19751027W,REVIEW,REPRINT_RISK_REVIEW,OpenLibrary only; reprint contamination risk
Beirut Blues.md,WL-WORK-1946,Beirut Blues,,哈南·谢赫,Hanan al-Shaykh,1995,Beirut blues,Ḥanān Shaykh,/works/OL1865813W,T6,1995,OpenLibrary:/works/OL1865813W,REVIEW,REPRINT_RISK_REVIEW,OpenLibrary only; reprint contamination risk
Bet Me.md,WL-WORK-1947,Bet Me,,珍妮弗·克鲁西,Jennifer Crusie,2004,Bet me,Jennifer Crusie,/works/OL15829432W,T6,2004,OpenLibrary:/works/OL15829432W,REVIEW,REPRINT_RISK_REVIEW,OpenLibrary only; reprint contamination risk
Between the Woods and the Water.md,WL-WORK-1350,Between the Woods and the Water,,帕特里克·利·弗莫尔,Patrick Leigh Fermor,1986,Between the Woods and the Water,Patrick Leigh Fermor,/works/OL3583226W,T6,1986,OpenLibrary:/works/OL3583226W,REVIEW,REPRINT_RISK_REVIEW,OpenLibrary only; reprint contamination risk
"Bless Me, Ultima.md",WL-WORK-2174,"Bless Me, Ultima",,鲁道夫·阿纳亚,Rudolfo Anaya,1972,"Bless Me, Ultima",Rudolfo A. Anaya ; Rudolfo Anaya ; Ruben Anaya ; Rudolfo A Anaya,/works/OL152076W,T5,1972,OpenLibrary:/works/OL152076W,REVIEW,REPRINT_RISK_REVIEW,OpenLibrary only; reprint contamination risk
Bread Givers.md,WL-WORK-0917,Bread Givers,,安齐娅·叶济尔斯卡,Anzia Yezierska,1925,Bread givers,Anzia Yezierska,/works/OL14866180W,T4,1925,OpenLibrary:/works/OL14866180W,REVIEW,REPRINT_RISK_REVIEW,OpenLibrary only; reprint contamination risk
Burnt Offerings.md,WL-WORK-0494,Burnt Offerings,,罗伯特·马拉斯科,Robert Marasco,1973,Burnt offerings,Robert Marasco,/works/OL6562613W,T5,1973,OpenLibrary:/works/OL6562613W,REVIEW,REPRINT_RISK_REVIEW,OpenLibrary only; reprint contamination risk
Butcher's Crossing.md,WL-WORK-2179,Butcher's Crossing,,约翰·威廉斯,John Williams,1960,Butcher's Crossing,John Williams,/works/OL3511457W,T5,1960,OpenLibrary:/works/OL3511457W,REVIEW,REPRINT_RISK_REVIEW,OpenLibrary only; reprint contamination risk
Cancioneiro Guasca.md,WL-WORK-2180,Cancioneiro Guasca,,西蒙斯·洛佩斯·内托,Simões Lopes Neto,1910,Cancioneiro guasca,J. Simões Lopes Neto,/works/OL12155895W,T4,1910,OpenLibrary:/works/OL12155895W,REVIEW,REPRINT_RISK_REVIEW,OpenLibrary only; reprint contamination risk
Casos do Romualdo.md,WL-WORK-2183,Casos do Romualdo,,西蒙斯·洛佩斯·内托,Simões Lopes Neto,1952,Casos do Romualdo,J. Simões Lopes Neto,/works/OL3206193W,T5,1952,OpenLibrary:/works/OL3206193W,REVIEW,REPRINT_RISK_REVIEW,OpenLibrary only; reprint contamination risk
Color.md,WL-WORK-1527,Color,,康蒂·卡伦,Countee Cullen,1969,Color,Countee Cullen,/works/OL25161876W,T5,1969,OpenLibrary:/works/OL25161876W,REVIEW,REPRINT_RISK_REVIEW,OpenLibrary only; reprint contamination risk
Contos Gauchescos.md,WL-WORK-2190,Contos Gauchescos,,西蒙斯·洛佩斯·内托,Simões Lopes Neto,1983,Contos gauchescos,J. Simões Lopes Neto,/works/OL3206195W,T6,1983,OpenLibrary:/works/OL3206195W,REVIEW,REPRINT_RISK_REVIEW,OpenLibrary only; reprint contamination risk
Count Hannibal.md,WL-WORK-2192,Count Hannibal,,斯坦利·韦曼,Stanley Weyman,2016,Count Hannibal,Stanley . Weyman,/works/OL41401873W,T6,2016,OpenLibrary:/works/OL41401873W,REVIEW,REPRINT_RISK_REVIEW,OpenLibrary only; reprint contamination risk
Cowboy Songs and Other Frontier Ballads.md,WL-WORK-2193,Cowboy Songs and Other Frontier Ballads,,约翰·A.洛马克斯,John A. Lomax,1925,Cowboy Songs and other frontier ballads,John A. Lomax,/works/OL43750291W,T4,1925,OpenLibrary:/works/OL43750291W,REVIEW,REPRINT_RISK_REVIEW,OpenLibrary only; reprint contamination risk
Cracking India.md,WL-WORK-0919,Cracking India,,巴普西·西德瓦,Bapsi Sidhwa,1991,Cracking India,Bapsi Sidhwa,/works/OL3935996W,T6,1991,OpenLibrary:/works/OL3935996W,REVIEW,REPRINT_RISK_REVIEW,OpenLibrary only; reprint contamination risk
"Dark Continent, My Black Arse.md",WL-WORK-1353,"Dark Continent, My Black Arse",,西赫勒·库马洛,Sihle Khumalo,2007,"Dark continent, my black arse",Sihle Khumalo,/works/OL13767935W,T6,2007,OpenLibrary:/works/OL13767935W,REVIEW,REPRINT_RISK_REVIEW,OpenLibrary only; reprint contamination risk
Dark Fire.md,WL-WORK-0921,Dark Fire,,C.J.桑瑟姆,C.J. Sansom,2001,Dark fire,C. J. Sansom,/works/OL17719162W,T6,2001,OpenLibrary:/works/OL17719162W,REVIEW,REPRINT_RISK_REVIEW,OpenLibrary only; reprint contamination risk
Dead in the West.md,WL-WORK-2196,Dead in the West,,乔·R.兰斯代尔,Joe R. Lansdale,1986,Dead in the West,Joe R. Lansdale,/works/OL54770W,T6,1986,OpenLibrary:/works/OL54770W,REVIEW,REPRINT_RISK_REVIEW,OpenLibrary only; reprint contamination risk
Delilah Green Doesn't Care.md,WL-WORK-1953,Delilah Green Doesn't Care,,阿什莉·赫林·布莱克,Ashley Herring Blake,2022,Delilah Green Doesn't Care,Ashley Herring Blake,/works/OL25917284W,T6,2022,OpenLibrary:/works/OL25917284W,REVIEW,REPRINT_RISK_REVIEW,OpenLibrary only; reprint contamination risk
Desert Solitaire.md,WL-WORK-2199,Desert Solitaire,,爱德华·艾比,Edward Abbey,1968,Desert solitaire,Edward Abbey,/works/OL2929632W,T5,1968,OpenLibrary:/works/OL2929632W,REVIEW,REPRINT_RISK_REVIEW,OpenLibrary only; reprint contamination risk
Devil in Winter.md,WL-WORK-1955,Devil in Winter,,丽莎·克莱帕斯,Lisa Kleypas,2006,Devil in Winter,Lisa Kleypas,/works/OL4331781W,T6,2006,OpenLibrary:/works/OL4331781W,REVIEW,REPRINT_RISK_REVIEW,OpenLibrary only; reprint contamination risk
Dispatches.md,WL-WORK-1956,Dispatches,,迈克尔·赫尔,Michael Herr,1977,Dispatches,Michael Herr,/works/OL4482600W,T5,1977,OpenLibrary:/works/OL4482600W,REVIEW,REPRINT_RISK_REVIEW,OpenLibrary only; reprint contamination risk
Dreaming in Cuban.md,WL-WORK-0923,Dreaming in Cuban,,克里斯蒂娜·加西亚,Cristina García,1992,Dreaming in Cuban,Cristina García,/works/OL938779W,T6,1992,OpenLibrary:/works/OL938779W,REVIEW,REPRINT_RISK_REVIEW,OpenLibrary only; reprint contamination risk
Dungeon Crawler Carl.md,WL-WORK-0499,Dungeon Crawler Carl,,马特·丁尼曼,Matt Dinniman,2020,Dungeon Crawler Carl,Matt Dinniman,/works/OL24593432W,T6,2020,OpenLibrary:/works/OL24593432W,REVIEW,REPRINT_RISK_REVIEW,OpenLibrary only; reprint contamination risk
El Zarco.md,WL-WORK-2214,El Zarco,,伊格纳西奥·曼努埃尔·阿尔塔米拉诺,Ignacio Manuel Altamirano,1933,El Zarco,Ignacio Manuel Altamirano,/works/OL2100520W,T4,1933,OpenLibrary:/works/OL2100520W,REVIEW,REPRINT_RISK_REVIEW,OpenLibrary only; reprint contamination risk
Erec.md,WL-WORK-2218,Erec,,哈特曼·冯·奥埃,Hartmann von Aue,1900,Erec,Hartmann von Aue ; Ludwig Wolff ; Albert. Leitzmann,/works/OL2783283W,T4,1900,OpenLibrary:/works/OL2783283W,REVIEW,REPRINT_RISK_REVIEW,OpenLibrary only; reprint contamination risk
Facial Justice.md,WL-WORK-0924,Facial Justice,,L.P.哈特利,L.P. Hartley,1960,Facial Justice,L. P. Hartley,/works/OL11882354W,T5,1960,OpenLibrary:/works/OL11882354W,REVIEW,REPRINT_RISK_REVIEW,OpenLibrary only; reprint contamination risk
Forbidden.md,WL-WORK-1958,Forbidden,,贝弗利·詹金斯,Beverly Jenkins,2016,Forbidden,Beverly Jenkins,/works/OL20018773W,T6,2016,OpenLibrary:/works/OL20018773W,REVIEW,REPRINT_RISK_REVIEW,OpenLibrary only; reprint contamination risk
From a Crooked Rib.md,WL-WORK-0927,From a Crooked Rib,,努鲁丁·法拉赫,Nuruddin Farah,1970,From a crooked rib,Nuruddin Farah,/works/OL18692W,T5,1970,OpenLibrary:/works/OL18692W,REVIEW,REPRINT_RISK_REVIEW,OpenLibrary only; reprint contamination risk
Games of Command.md,WL-WORK-1960,Games of Command,,林妮娅·辛克莱,Linnea Sinclair,2007,Games of Command,Linnea Sinclair,/works/OL5887176W,T6,2007,OpenLibrary:/works/OL5887176W,REVIEW,REPRINT_RISK_REVIEW,OpenLibrary only; reprint contamination risk
Gestaltes en diere.md,WL-WORK-1530,Gestaltes en diere,,N.P.范维克·劳,N. P. van Wyk Louw,1958,Gestaltes en diere,N. P. van Wyk Louw,/works/OL44868203W,T5,1958,OpenLibrary:/works/OL44868203W,REVIEW,REPRINT_RISK_REVIEW,OpenLibrary only; reprint contamination risk
"Get a Life, Chloe Brown.md",WL-WORK-1961,"Get a Life, Chloe Brown",,塔莉娅·希伯特,Talia Hibbert,2019,"Get a Life, Chloe Brown",Talia Hibbert ; Adjoa Andoh,/works/OL20422812W,T6,2019,OpenLibrary:/works/OL20422812W,REVIEW,REPRINT_RISK_REVIEW,OpenLibrary only; reprint contamination risk
Gnomon.md,WL-WORK-0928,Gnomon,,尼克·哈卡维,Nick Harkaway,2017,Gnomon,Nick Harkaway,/works/OL20073146W,T6,2017,OpenLibrary:/works/OL20073146W,REVIEW,REPRINT_RISK_REVIEW,OpenLibrary only; reprint contamination risk
Greguerías.md,WL-WORK-1531,Greguerías,,拉蒙·戈麦斯·德拉塞尔纳,Ramón Gómez de la Serna,1930,Greguerías,Ramón Gómez de la Serna,/works/OL1165331W,T4,1930,OpenLibrary:/works/OL1165331W,REVIEW,REPRINT_RISK_REVIEW,OpenLibrary only; reprint contamination risk
Harmonium.md,WL-WORK-1532,Harmonium,,华莱士·史蒂文斯,Wallace Stevens,1923,Harmonium,Wallace Stevens,/works/OL464013W,T4,1923,OpenLibrary:/works/OL464013W,REVIEW,REPRINT_RISK_REVIEW,OpenLibrary only; reprint contamination risk
Hood.md,WL-WORK-2240,Hood,,斯蒂芬·R.劳黑德,Stephen R. Lawhead,2008,Hood,Stephen R. Lawhead,/works/OL44031730W,T6,2008,OpenLibrary:/works/OL44031730W,REVIEW,REPRINT_RISK_REVIEW,OpenLibrary only; reprint contamination risk
In Flanders Fields.md,WL-WORK-1967,In Flanders Fields,,约翰·麦克雷,John McCrae,2013,In Flanders Fields,John McCrae,/works/OL34687237W,T6,2013,OpenLibrary:/works/OL34687237W,REVIEW,REPRINT_RISK_REVIEW,OpenLibrary only; reprint contamination risk
Indigo.md,WL-WORK-1969,Indigo,,贝弗利·詹金斯,Beverly Jenkins,1996,Indigo,Beverly Jenkins,/works/OL553688W,T6,1996,OpenLibrary:/works/OL553688W,REVIEW,REPRINT_RISK_REVIEW,OpenLibrary only; reprint contamination risk
Inland.md,WL-WORK-2248,Inland,,特娅·奥布雷赫特,Téa Obreht,2016,Inland,Téa Obreht,/works/OL24223033W,T6,2016,OpenLibrary:/works/OL24223033W,REVIEW,REPRINT_RISK_REVIEW,OpenLibrary only; reprint contamination risk
Iwein.md,WL-WORK-2250,Iwein,,哈特曼·冯·奥埃,Hartmann,1877,Iwein,Hartmann,/works/OL8102770W,T3,1877,OpenLibrary:/works/OL8102770W,REVIEW,REPRINT_RISK_REVIEW,OpenLibrary only; reprint contamination risk
Jerilderie Letter.md,WL-WORK-2251,Jerilderie Letter,,内德·凯利,Ned Kelly,2001,The Jerilderie Letter,Ned Kelly,/works/OL8386905W,T6,2001,OpenLibrary:/works/OL8386905W,REVIEW,REPRINT_RISK_REVIEW,OpenLibrary only; reprint contamination risk
