work,id,topic,priority,topic_affiliation,genealogy_position,topic_role,role_source
1492：对他者的遮蔽.md,WL-WORK-3238,M5.2,★,去殖民,20世纪后期殖民性与知识体系批判 · 核心形成与典范确立,核心典范与形式确立,priority_core
Afsaneh ／ 传说.md,WL-WORK-1523,M3.1,★,南亚、波斯与阿拉伯现代主义,殖民现代性与多语言文学转型 · 核心形成与典范确立,核心典范与形式确立,priority_core
Banalata Sen.md,WL-WORK-1524,M3.1,◆,南亚、波斯与阿拉伯现代主义,殖民现代性与多语言文学转型 · 传播扩散与跨地域转译,传播扩散与跨地域连接,mechanism_tag
BLAST 第1号.md,WL-WORK-M32-BLAST-u7b2c1-u53f7,M3.2,★,意象主义与漩涡主义,1910年代英语诗歌形式革新 · 理论化与范式确立,理论阐释与范式建构,mechanism_tag
Color.md,WL-WORK-1527,M3.1,◆,美国与Harlem Renaissance,美国现代主义与黑人文化复兴 · 扩展、变体与后续发展,专题扩展与变体生成,priority_focus
Gestaltes en diere.md,WL-WORK-1530,M3.1,◆,殖民与跨国现代主义,全球现代主义的跨国流动与殖民经验 · 传播扩散与跨地域转译,传播扩散与跨地域连接,mechanism_tag
Greguerías.md,WL-WORK-1531,M3.1,◆,伊比利亚与意大利现代主义,南欧现代主义与先锋互动 · 传播扩散与跨地域转译,传播扩散与跨地域连接,mechanism_tag
Harmonium.md,WL-WORK-1532,M3.1,★,美国与Harlem Renaissance,美国现代主义与黑人文化复兴 · 传播扩散与跨地域转译,传播扩散与跨地域连接,mechanism_tag
J. Alfred Prufrock的情歌.md,WL-WORK-1533,M3.1,★,英国—爱尔兰现代主义,英爱高峰现代主义与形式革新 · 传播扩散与跨地域转译,传播扩散与跨地域连接,mechanism_tag
L'Allegria.md,WL-WORK-1534,M3.1,◆,伊比利亚与意大利现代主义,南欧现代主义与先锋互动 · 扩展、变体与后续发展,专题扩展与变体生成,priority_focus
Minty Alley.md,WL-WORK-1536,M3.1,◆,殖民与跨国现代主义,全球现代主义的跨国流动与殖民经验 · 扩展、变体与后续发展,专题扩展与变体生成,priority_focus
Observations.md,WL-WORK-1537,M3.1,◆,美国与Harlem Renaissance,美国现代主义与黑人文化复兴 · 扩展、变体与后续发展,专题扩展与变体生成,priority_focus
Passing.md,WL-WORK-3222,M3.1,★,美国与Harlem Renaissance,美国现代主义与黑人文化复兴 · 核心形成与典范确立,核心典范与形式确立,priority_core
Quicksand.md,WL-WORK-3223,M3.1,◆,美国与Harlem Renaissance,美国现代主义与黑人文化复兴 · 传播扩散与跨地域转译,传播扩散与跨地域连接,mechanism_tag
Spring and All.md,WL-WORK-1538,M3.1,★,美国与Harlem Renaissance,美国现代主义与黑人文化复兴 · 核心形成与典范确立,核心典范与形式确立,priority_core
Tarr.md,WL-WORK-1540,M3.1,◆,英国—爱尔兰现代主义,英爱高峰现代主义与形式革新 · 扩展、变体与后续发展,专题扩展与变体生成,priority_focus
The Conjure-Man Dies.md,WL-WORK-1542,M3.1,◆,美国与Harlem Renaissance,美国现代主义与黑人文化复兴 · 扩展、变体与后续发展,专题扩展与变体生成,priority_focus
The Girl Who Killed to Save.md,WL-WORK-3224,M3.1,★,殖民与跨国现代主义,全球现代主义的跨国流动与殖民经验 · 组织化与集体扩展,文学动员与共同体建构,mechanism_tag
The New Negro.md,WL-WORK-1543,M3.1,★,美国与Harlem Renaissance,美国现代主义与黑人文化复兴 · 理论化与范式确立,理论阐释与范式建构,mechanism_tag
V..md,WL-WORK-M51-7dd56f7890,M5.1,◆,后现代主义,1960年代后文本权威、媒介与历史叙事危机 · 扩展、变体与后续发展,专题扩展与变体生成,priority_focus
Zang Tumb Tuuum.md,WL-WORK-M32-Zang-Tumb-Tuuum,M3.2,★,意大利未来主义,1909后第一波先锋宣言与技术崇拜 · 核心形成与典范确立,核心典范与形式确立,priority_core
一个世纪儿的忏悔.md,WL-WORK-M2-505265B436A1,M2,◆,浪漫主义,革命后浪漫主义形成与扩张 · 扩展、变体与后续发展,专题扩展与变体生成,priority_focus
一个青年艺术家的画像.md,WL-WORK-0961,M3.1,★,英国—爱尔兰现代主义,英爱高峰现代主义与形式革新 · 核心形成与典范确立,核心典范与形式确立,priority_core
一九三〇年春上海.md,WL-WORK-M4-b9d98bf4,M4,★,革命文学,革命动员与集体主体形成 · 组织化与集体扩展,文学动员与共同体建构,mechanism_tag
一亿五千万.md,WL-WORK-M32-u4e00-u4ebf-u4e94-u5343-u4e07,M3.2,◆,俄国未来主义,1910年代革命前后的语言与形式激进化 · 组织化与集体扩展,文学动员与共同体建构,mechanism_tag
一位女士的画像.md,WL-WORK-2003,M2,★,现实主义,19世纪中期现实主义成熟 · 传播扩散与跨地域转译,传播扩散与跨地域连接,mechanism_tag
一粒麦种.md,WL-WORK-0963,M4,★,反殖民文学运动,二战后去殖民与民族解放文学 · 组织化与集体扩展,文学动员与共同体建构,mechanism_tag
一粒麦种.md,WL-WORK-0963,M5.2,★,后殖民,二战后帝国解体与表述政治形成 · 组织化与集体扩展,文学动员与共同体建构,mechanism_tag
一间自己的房间.md,WL-WORK-1548,M3.1,★,英国—爱尔兰现代主义,英爱高峰现代主义与形式革新 · 跨专题连接与转型,跨专题连接与范式转译,cross_membership
一间自己的房间.md,WL-WORK-1548,M5.2,★,女性主义,20世纪女性解放运动与文学批评制度化 · 跨专题连接与转型,跨专题连接与范式转译,cross_membership
七个疯子.md,WL-WORK-1549,M3.1,◆,拉丁美洲先锋与巴西Modernismo,拉美先锋与本土现代主义形成 · 扩展、变体与后续发展,专题扩展与变体生成,priority_focus
七日谈.md,WL-WORK-M1-17057873,M1,◆,人文主义,古典复兴与人文主义奠基 · 扩展、变体与后续发展,专题扩展与变体生成,priority_focus
万有引力之虹.md,WL-WORK-1551,M5.1,★,后现代主义,1960年代后文本权威、媒介与历史叙事危机 · 核心形成与典范确立,核心典范与形式确立,priority_core
三只忧伤的老虎.md,WL-WORK-1554,M4,◆,拉丁美洲Boom,1960—1970年代跨国出版与全球文学网络 · 扩展、变体与后续发展,专题扩展与变体生成,priority_focus
三种生活.md,WL-WORK-1555,M3.1,◆,美国与Harlem Renaissance,美国现代主义与黑人文化复兴 · 传播扩散与跨地域转译,传播扩散与跨地域连接,mechanism_tag
上帝的长号.md,WL-WORK-M4-daf12c74,M4,◆,哈莱姆文艺复兴,1920年代黑人都市文化复兴 · 扩展、变体与后续发展,专题扩展与变体生成,priority_focus
上海.md,WL-WORK-1557,M3.1,★,日本与中国现代主义,东亚现代性与新文学转型 · 核心形成与典范确立,核心典范与形式确立,priority_core
上课.md,WL-WORK-M51-e240d02fab,M5.1,◆,荒诞,1950—1960年代语言与行动失效 · 扩展、变体与后续发展,专题扩展与变体生成,priority_focus
不可接触者.md,WL-WORK-1560,M3.1,★,南亚、波斯与阿拉伯现代主义,殖民现代性与多语言文学转型 · 核心形成与典范确立,核心典范与形式确立,priority_core
与麻烦共处.md,WL-WORK-3269,M5.2,★,生态批评,20世纪后期环境危机与人类中心主义反思 · 核心形成与典范确立,核心典范与形式确立,priority_core
世俗的圣歌及其他诗篇.md,WL-WORK-M2-A7B5FBA017F2,M2,★,拉美 Modernismo,世纪末拉美现代主义前驱 · 核心形成与典范确立,核心典范与形式确立,priority_core
世界的词语是森林.md,WL-WORK-3241,M5.2,★,生态文学,环境危机进入文学世界建构与叙事实践 · 核心形成与典范确立,核心典范与形式确立,priority_core
东方主义.md,WL-WORK-3225,M5.2,★,后殖民,二战后帝国解体与表述政治形成 · 核心形成与典范确立,核心典范与形式确立,priority_core
丰收之歌.md,WL-WORK-M4-143c3865,M4,◆,无产阶级文学,工业资本主义后阶级文学组织化 · 组织化与集体扩展,文学动员与共同体建构,mechanism_tag
为奴隶的母亲.md,WL-WORK-M4-d2a9b13d,M4,★,革命文学,革命动员与集体主体形成 · 核心形成与典范确立,核心典范与形式确立,priority_core
乌托邦.md,WL-WORK-0257,M1,★,人文主义,古典复兴与人文主义奠基 · 核心形成与典范确立,核心典范与形式确立,priority_core
乌贼骨.md,WL-WORK-1567,M3.1,★,伊比利亚与意大利现代主义,南欧现代主义与先锋互动 · 核心形成与典范确立,核心典范与形式确立,priority_core
乔瓦尼的房间.md,WL-WORK-1568,M5.2,★,酷儿,1980—1990年代后性别/性规范解构 · 核心形成与典范确立,核心典范与形式确立,priority_core
九三年.md,WL-WORK-0973,M2,◆,浪漫主义,革命后浪漫主义形成与扩张 · 组织化与集体扩展,文学动员与共同体建构,mechanism_tag
乞丐.md,WL-WORK-M32-u4e5e-u4e10,M3.2,★,德语表现主义,一战前后都市、战争与主体危机 · 核心形成与典范确立,核心典范与形式确立,priority_core
了不起的盖茨比.md,WL-WORK-1569,M3.1,★,美国与Harlem Renaissance,美国现代主义与黑人文化复兴 · 传播扩散与跨地域转译,传播扩散与跨地域连接,mechanism_tag
事实文学.md,WL-WORK-M32-u4e8b-u5b9e-u6587-u5b66,M3.2,★,构成主义、LEF与事实文学,革命后苏俄艺术生产与事实文学 · 核心形成与典范确立,核心典范与形式确立,priority_core
二十首在电车上读的诗.md,WL-WORK-M32-u4e8c-u5341-u9996-u5728-u7535-u8f66-u4e0a-u8bfb-u7684-u8bd7,M3.2,★,伊比利亚与拉美先锋派,1920—1930年代跨大西洋先锋扩散 · 理论化与范式确立,理论阐释与范式建构,mechanism_tag
二月.md,WL-WORK-2684,M4,★,革命文学,革命动员与集体主体形成 · 组织化与集体扩展,文学动员与共同体建构,mechanism_tag
交流的器皿.md,WL-WORK-M32-u4ea4-u6d41-u7684-u5668-u76bf,M3.2,◆,超现实主义,1920年代后无意识、自动书写与革命想象 · 理论化与范式确立,理论阐释与范式建构,mechanism_tag
人民公仆.md,WL-WORK-1574,M4,◆,反殖民文学运动,二战后去殖民与民族解放文学 · 扩展、变体与后续发展,专题扩展与变体生成,priority_focus
人物志.md,WL-WORK-M1-51034912,M1,◆,古典主义,规则、宫廷与公共规范化 · 扩展、变体与后续发展,专题扩展与变体生成,priority_focus
人生如梦.md,WL-WORK-R4-人生如梦,M1,★,巴洛克,秩序危机与巴洛克复杂化 · 核心形成与典范确立,核心典范与形式确立,priority_core
人生拼图版.md,WL-WORK-1576,M5.1,★,后现代主义,1960年代后文本权威、媒介与历史叙事危机 · 核心形成与典范确立,核心典范与形式确立,priority_core
人的境况.md,WL-WORK-M51-7a0e590cfa,M5.1,◆,存在主义,1940—1950年代主体、自由与责任危机 · 扩展、变体与后续发展,专题扩展与变体生成,priority_focus
人类的黄昏.md,WL-WORK-M32-u4eba-u7c7b-u7684-u9ec4-u660f,M3.2,★,德语表现主义,一战前后都市、战争与主体危机 · 核心形成与典范确立,核心典范与形式确立,priority_core
人都是要死的.md,WL-WORK-M51-b8f5007c17,M5.1,◆,存在主义,1940—1950年代主体、自由与责任危机 · 扩展、变体与后续发展,专题扩展与变体生成,priority_focus
人间王国.md,WL-WORK-0979,M5.1,★,魔幻现实主义,1940年代后现实层级重组与全球扩展 · 核心形成与典范确立,核心典范与形式确立,priority_core
从早晨到午夜.md,WL-WORK-M32-u4ece-u65e9-u6668-u5230-u5348-u591c,M3.2,★,德语表现主义,一战前后都市、战争与主体危机 · 核心形成与典范确立,核心典范与形式确立,priority_core
他人的血.md,WL-WORK-M51-53bc83870c,M5.1,◆,存在主义,1940—1950年代主体、自由与责任危机 · 扩展、变体与后续发展,专题扩展与变体生成,priority_focus
他们眼望上苍.md,WL-WORK-1581,M3.1,★,美国与Harlem Renaissance,美国现代主义与黑人文化复兴 · 跨专题连接与转型,跨专题连接与范式转译,cross_membership
他们眼望上苍.md,WL-WORK-1581,M4,★,哈莱姆文艺复兴,1920年代黑人都市文化复兴 · 跨专题连接与转型,跨专题连接与范式转译,cross_membership
仙后.md,WL-WORK-M1-76541979,M1,★,文艺复兴,文艺复兴展开与世俗主体形成 · 组织化与集体扩展,文学动员与共同体建构,mechanism_tag
伊斯梅利略.md,WL-WORK-M2-7A6E3BA9D5E1,M2,◆,拉美 Modernismo,世纪末拉美现代主义前驱 · 扩展、变体与后续发展,专题扩展与变体生成,priority_focus
休·赛尔温·毛伯利.md,WL-WORK-1584,M3.1,◆,英国—爱尔兰现代主义,英爱高峰现代主义与形式革新 · 传播扩散与跨地域转译,传播扩散与跨地域连接,mechanism_tag
伪君子.md,WL-WORK-2830,M1,★,古典主义,规则、宫廷与公共规范化 · 核心形成与典范确立,核心典范与形式确立,priority_core
伪币制造者.md,WL-WORK-1586,M3.1,★,法国现代主义,法国都市现代性与文学实验 · 核心形成与典范确立,核心典范与形式确立,priority_core
佩利亚斯与梅丽桑德.md,WL-WORK-M2-3C2840501067,M2,★,象征主义,世纪末象征主义与现代主义前夜 · 核心形成与典范确立,核心典范与形式确立,priority_core
佩德罗·巴拉莫.md,WL-WORK-0987,M5.1,★,魔幻现实主义,1940年代后现实层级重组与全球扩展 · 核心形成与典范确立,核心典范与形式确立,priority_core
使命.md,WL-WORK-1587,M3.1,◆,伊比利亚与意大利现代主义,南欧现代主义与先锋互动 · 传播扩散与跨地域转译,传播扩散与跨地域连接,mechanism_tag
使女的故事.md,WL-WORK-0363,M5.2,★,女性主义,20世纪女性解放运动与文学批评制度化 · 核心形成与典范确立,核心典范与形式确立,priority_core
保尔和维吉妮.md,WL-WORK-M1-51815892,M1,◆,感伤主义,情感转向与浪漫主义前夜 · 扩展、变体与后续发展,专题扩展与变体生成,priority_focus
倒着的世界.md,WL-WORK-M32-u5012-u7740-u7684-u4e16-u754c,M3.2,◆,俄国未来主义,1910年代革命前后的语言与形式激进化 · 扩展、变体与后续发展,专题扩展与变体生成,priority_focus
倾城之恋.md,WL-WORK-1590,M3.1,★,日本与中国现代主义,东亚现代性与新文学转型 · 核心形成与典范确立,核心典范与形式确立,priority_core
傅科摆.md,WL-WORK-M51-5ae21b4678,M5.1,◆,后现代主义,1960年代后文本权威、媒介与历史叙事危机 · 扩展、变体与后续发展,专题扩展与变体生成,priority_focus
儿子.md,WL-WORK-M32-u513f-u5b50,M3.2,★,德语表现主义,一战前后都市、战争与主体危机 · 核心形成与典范确立,核心典范与形式确立,priority_core
儿子与情人.md,WL-WORK-0993,M3.1,◆,英国—爱尔兰现代主义,英爱高峰现代主义与形式革新 · 传播扩散与跨地域转译,传播扩散与跨地域连接,mechanism_tag
先人祭.md,WL-WORK-M4-81b4b0df,M4,★,民族主义文学,19世纪民族建构与语言文化共同体形成 · 组织化与集体扩展,文学动员与共同体建构,mechanism_tag
克拉丽莎.md,WL-WORK-2020,M1,★,感伤主义,情感转向与浪漫主义前夜 · 核心形成与典范确立,核心典范与形式确立,priority_core
克拉普的最后一盘磁带.md,WL-WORK-M51-7bd506aa85,M5.1,◆,荒诞,1950—1960年代语言与行动失效 · 扩展、变体与后续发展,专题扩展与变体生成,priority_focus
克林比耶.md,WL-WORK-M4-4648633c,M4,◆,Négritude,1930—1950年代法语黑人国际主义与文化解放 · 扩展、变体与后续发展,专题扩展与变体生成,priority_focus
克莱芙王妃.md,WL-WORK-0995,M1,★,古典主义,规则、宫廷与公共规范化 · 核心形成与典范确立,核心典范与形式确立,priority_core
党生活者.md,WL-WORK-M4-de605d48,M4,◆,无产阶级文学,工业资本主义后阶级文学组织化 · 组织化与集体扩展,文学动员与共同体建构,mechanism_tag
六个寻找作者的剧中人.md,WL-WORK-1592,M3.1,★,伊比利亚与意大利现代主义,南欧现代主义与先锋互动 · 核心形成与典范确立,核心典范与形式确立,priority_core
关于这个.md,WL-WORK-M32-u5173-u4e8e-u8fd9-u4e2a,M3.2,◆,构成主义、LEF与事实文学,革命后苏俄艺术生产与事实文学 · 扩展、变体与后续发展,专题扩展与变体生成,priority_focus
典仪.md,WL-WORK-3274,M5.2,★,去殖民,20世纪后期殖民性与知识体系批判 · 核心形成与典范确立,核心典范与形式确立,priority_core
内在脚手架.md,WL-WORK-M32-u5185-u5728-u811a-u624b-u67b6,M3.2,★,伊比利亚与拉美先锋派,1920—1930年代跨大西洋先锋扩散 · 核心形成与典范确立,核心典范与形式确立,priority_core
凯尔特曙光.md,WL-WORK-M4-65b086d0,M4,◆,民族主义文学,19世纪民族建构与语言文化共同体形成 · 扩展、变体与后续发展,专题扩展与变体生成,priority_focus
到灯塔去.md,WL-WORK-1006,M3.1,★,英国—爱尔兰现代主义,英爱高峰现代主义与形式革新 · 核心形成与典范确立,核心典范与形式确立,priority_core
前进，达达.md,WL-WORK-M32-u524d-u8fdb-uff0c-u8fbe-u8fbe,M3.2,◆,达达主义,一战时期反艺术与制度否定 · 反拨、转型与再阐释,批判反拨与范式转型,mechanism_tag
加莱市民.md,WL-WORK-M32-u52a0-u83b1-u5e02-u6c11,M3.2,◆,德语表现主义,一战前后都市、战争与主体危机 · 扩展、变体与后续发展,专题扩展与变体生成,priority_focus
动物园故事.md,WL-WORK-M51-68459d5ec8,M5.1,◆,荒诞,1950—1960年代语言与行动失效 · 扩展、变体与后续发展,专题扩展与变体生成,priority_focus
勒内.md,WL-WORK-M2-62EF7614199C,M2,◆,浪漫主义,革命后浪漫主义形成与扩张 · 扩展、变体与后续发展,专题扩展与变体生成,priority_focus
包法利夫人.md,WL-WORK-2028,M2,★,现实主义,19世纪中期现实主义成熟 · 核心形成与典范确立,核心典范与形式确立,priority_core
包身工.md,WL-WORK-M4-14bf6440,M4,★,革命文学,革命动员与集体主体形成 · 核心形成与典范确立,核心典范与形式确立,priority_core
十日谈.md,WL-WORK-2813,M1,★,文艺复兴,文艺复兴展开与世俗主体形成 · 核心形成与典范确立,核心典范与形式确立,priority_core
午夜之子.md,WL-WORK-0611,M5.1,★,魔幻现实主义,1940年代后现实层级重组与全球扩展 · 跨专题连接与转型,跨专题连接与范式转译,cross_membership
午夜之子.md,WL-WORK-0611,M5.2,★,后殖民,二战后帝国解体与表述政治形成 · 跨专题连接与转型,跨专题连接与范式转译,cross_membership
半轮黄日.md,WL-WORK-1009,M5.2,★,后殖民,二战后帝国解体与表述政治形成 · 核心形成与典范确立,核心典范与形式确立,priority_core
华夏集.md,WL-WORK-1605,M3.1,★,英国—爱尔兰现代主义,英爱高峰现代主义与形式革新 · 传播扩散与跨地域转译,传播扩散与跨地域连接,mechanism_tag
南方认识论.md,WL-WORK-3239,M5.2,◆,去殖民,20世纪后期殖民性与知识体系批判 · 扩展、变体与后续发展,专题扩展与变体生成,priority_focus
卡勒瓦拉.md,WL-WORK-0613,M4,★,民族主义文学,19世纪民族建构与语言文化共同体形成 · 组织化与集体扩展,文学动员与共同体建构,mechanism_tag
卡彭塔利亚湾.md,WL-WORK-R9-007,M5.2,◆,去殖民,20世纪后期殖民性与知识体系批判 · 扩展、变体与后续发展,专题扩展与变体生成,priority_focus
卡拉瓦内.md,WL-WORK-M32-u5361-u62c9-u74e6-u5185,M3.2,★,达达主义,一战时期反艺术与制度否定 · 核心形成与典范确立,核心典范与形式确立,priority_core
卡拉马佐夫兄弟.md,WL-WORK-2842,M2,★,现实主义,19世纪中期现实主义成熟 · 核心形成与典范确立,核心典范与形式确立,priority_core
卡迪什.md,WL-WORK-M4-22ef503c,M4,◆,垮掉的一代,1950年代反文化文学共同体 · 扩展、变体与后续发展,专题扩展与变体生成,priority_focus
卢济塔尼亚人之歌.md,WL-WORK-3168,M1,★,文艺复兴,文艺复兴展开与世俗主体形成 · 核心形成与典范确立,核心典范与形式确立,priority_core
印度之行.md,WL-WORK-1607,M3.1,★,英国—爱尔兰现代主义,英爱高峰现代主义与形式革新 · 跨专题连接与转型,跨专题连接与范式转译,cross_membership
印度之行.md,WL-WORK-1607,M4,◆,反殖民文学运动,二战后去殖民与民族解放文学 · 跨专题连接与转型,跨专题连接与范式转译,cross_membership
印度之行.md,WL-WORK-1607,M5.2,◆,后殖民,二战后帝国解体与表述政治形成 · 跨专题连接与转型,跨专题连接与范式转译,cross_membership
危险关系.md,WL-WORK-2031,M1,★,启蒙主义,启蒙公共领域与理性批判成熟 · 核心形成与典范确立,核心典范与形式确立,priority_core
去斯万家那边.md,WL-WORK-1610,M3.1,★,法国现代主义,法国都市现代性与文学实验 · 核心形成与典范确立,核心典范与形式确立,priority_core
去殖民化心灵.md,WL-WORK-3233,M5.2,★,去殖民,20世纪后期殖民性与知识体系批判 · 核心形成与典范确立,核心典范与形式确立,priority_core
去殖民化方法论.md,WL-WORK-3234,M5.2,★,去殖民,20世纪后期殖民性与知识体系批判 · 核心形成与典范确立,核心典范与形式确立,priority_core
反击.md,WL-WORK-M32-u53cd-u51fb,M3.2,★,意象主义与漩涡主义,1910年代英语诗歌形式革新 · 核心形成与典范确立,核心典范与形式确立,priority_core
变.md,WL-WORK-1611,M5.1,★,法国新小说,1950—1970年代再现与人物危机 · 核心形成与典范确立,核心典范与形式确立,priority_core
变形记（卡夫卡）.md,WL-WORK-2845,M3.1,★,德语—奥地利—中欧现代主义,中欧帝国危机与现代主义形成 · 核心形成与典范确立,核心典范与形式确立,priority_core
古斯特少尉.md,WL-WORK-1613,M3.1,★,德语—奥地利—中欧现代主义,中欧帝国危机与现代主义形成 · 核心形成与典范确立,核心典范与形式确立,priority_core
古舟子咏.md,WL-WORK-M2-6E4EC00F3A93,M2,★,浪漫主义,革命后浪漫主义形成与扩张 · 核心形成与典范确立,核心典范与形式确立,priority_core
可怜的丽莎.md,WL-WORK-M1-05136802,M1,★,感伤主义,情感转向与浪漫主义前夜 · 核心形成与典范确立,核心典范与形式确立,priority_core
可溶的鱼.md,WL-WORK-M32-u53ef-u6eb6-u7684-u9c7c,M3.2,◆,超现实主义,1920年代后无意识、自动书写与革命想象 · 扩展、变体与后续发展,专题扩展与变体生成,priority_focus
叶之屋.md,WL-WORK-0621,M5.1,★,后现代主义,1960年代后文本权威、媒介与历史叙事危机 · 核心形成与典范确立,核心典范与形式确立,priority_core
叶甫盖尼·奥涅金.md,WL-WORK-M2-0FD416E4AD62,M2,★,浪漫主义,革命后浪漫主义形成与扩张 · 核心形成与典范确立,核心典范与形式确立,priority_core
名利场.md,WL-WORK-2035,M2,★,现实主义,19世纪中期现实主义成熟 · 核心形成与典范确立,核心典范与形式确立,priority_core
名士风流.md,WL-WORK-M51-db2a646265,M5.1,★,存在主义,1940—1950年代主体、自由与责任危机 · 核心形成与典范确立,核心典范与形式确立,priority_core
向性.md,WL-WORK-M51-d1aa5e850f,M5.1,★,法国新小说,1950—1970年代再现与人物危机 · 核心形成与典范确立,核心典范与形式确立,priority_core
君主论.md,WL-WORK-M1-55613473,M1,★,人文主义,古典复兴与人文主义奠基 · 核心形成与典范确立,核心典范与形式确立,priority_core
呐喊.md,WL-WORK-1619,M3.1,★,日本与中国现代主义,东亚现代性与新文学转型 · 反拨、转型与再阐释,批判反拨与范式转型,mechanism_tag
咆哮了的土地.md,WL-WORK-M4-869ce19a,M4,★,革命文学,革命动员与集体主体形成 · 组织化与集体扩展,文学动员与共同体建构,mechanism_tag
哈克贝利·费恩历险记.md,WL-WORK-0625,M2,★,现实主义,19世纪中期现实主义成熟 · 核心形成与典范确立,核心典范与形式确立,priority_core
哈姆雷特.md,WL-WORK-2825,M1,★,文艺复兴,文艺复兴展开与世俗主体形成 · 组织化与集体扩展,文学动员与共同体建构,mechanism_tag
哈莱姆之家.md,WL-WORK-1620,M3.1,★,美国与Harlem Renaissance,美国现代主义与黑人文化复兴 · 跨专题连接与转型,跨专题连接与范式转译,cross_membership
哈莱姆之家.md,WL-WORK-1620,M4,★,哈莱姆文艺复兴,1920年代黑人都市文化复兴 · 跨专题连接与转型,跨专题连接与范式转译,cross_membership
哲学通信.md,WL-WORK-M1-47240802,M1,◆,启蒙主义,启蒙公共领域与理性批判成熟 · 传播扩散与跨地域转译,传播扩散与跨地域连接,mechanism_tag
唐璜.md,WL-WORK-M2-0910E69A00DB,M2,★,浪漫主义,革命后浪漫主义形成与扩张 · 核心形成与典范确立,核心典范与形式确立,priority_core
喧哗与骚动.md,WL-WORK-1025,M3.1,★,美国与Harlem Renaissance,美国现代主义与黑人文化复兴 · 核心形成与典范确立,核心典范与形式确立,priority_core
嘉尔西拉索诗集.md,WL-WORK-M1-68876650,M1,◆,文艺复兴,文艺复兴展开与世俗主体形成 · 传播扩散与跨地域转译,传播扩散与跨地域连接,mechanism_tag
嘉莉妹妹.md,WL-WORK-R5-015,M2,★,自然主义,19世纪后期科学化与社会决定论 · 核心形成与典范确立,核心典范与形式确立,priority_core
嚎叫.md,WL-WORK-1622,M4,★,垮掉的一代,1950年代反文化文学共同体 · 核心形成与典范确立,核心典范与形式确立,priority_core
四个四重奏.md,WL-WORK-1623,M3.1,★,英国—爱尔兰现代主义,英爱高峰现代主义与形式革新 · 传播扩散与跨地域转译,传播扩散与跨地域连接,mechanism_tag
回归故里.md,WL-WORK-M4-c7948779,M4,★,反殖民文学运动,二战后去殖民与民族解放文学 · 核心形成与典范确立,核心典范与形式确立,priority_core
图像诗.md,WL-WORK-1625,M3.1,◆,法国现代主义,法国都市现代性与文学实验 · 扩展、变体与后续发展,专题扩展与变体生成,priority_focus
土生子.md,WL-WORK-1626,M3.1,★,美国与Harlem Renaissance,美国现代主义与黑人文化复兴 · 核心形成与典范确立,核心典范与形式确立,priority_core
圣殿.md,WL-WORK-M1-40482591,M1,◆,巴洛克,秩序危机与巴洛克复杂化 · 扩展、变体与后续发展,专题扩展与变体生成,priority_focus
在我们的时代里.md,WL-WORK-1628,M3.1,◆,美国与Harlem Renaissance,美国现代主义与黑人文化复兴 · 传播扩散与跨地域转译,传播扩散与跨地域连接,mechanism_tag
在路上.md,WL-WORK-1630,M4,★,垮掉的一代,1950年代反文化文学共同体 · 核心形成与典范确立,核心典范与形式确立,priority_core
在迷宫中.md,WL-WORK-M51-419cc98e93,M5.1,◆,法国新小说,1950—1970年代再现与人物危机 · 扩展、变体与后续发展,专题扩展与变体生成,priority_focus
地下世界.md,WL-WORK-M51-5f68b153c6,M5.1,◆,后现代主义,1960年代后文本权威、媒介与历史叙事危机 · 扩展、变体与后续发展,专题扩展与变体生成,priority_focus
地下室手记.md,WL-WORK-1631,M3.1,★,19世纪前史,世纪末现代主义前史与形式酝酿 · 核心形成与典范确立,核心典范与形式确立,priority_core
地方历史／全球设计.md,WL-WORK-3236,M5.2,◆,去殖民,20世纪后期殖民性与知识体系批判 · 扩展、变体与后续发展,专题扩展与变体生成,priority_focus
坎塔普拉.md,WL-WORK-1632,M3.1,★,南亚、波斯与阿拉伯现代主义,殖民现代性与多语言文学转型 · 组织化与集体扩展,文学动员与共同体建构,mechanism_tag
埃塞俄比亚颂.md,WL-WORK-M4-93bf1c16,M4,◆,Négritude,1930—1950年代法语黑人国际主义与文化解放 · 扩展、变体与后续发展,专题扩展与变体生成,priority_focus
城堡.md,WL-WORK-1635,M3.1,◆,德语—奥地利—中欧现代主义,中欧帝国危机与现代主义形成 · 扩展、变体与后续发展,专题扩展与变体生成,priority_focus
城市与狗.md,WL-WORK-1039,M4,★,拉丁美洲Boom,1960—1970年代跨国出版与全球文学网络 · 核心形成与典范确立,核心典范与形式确立,priority_core
城市（马普莱斯·阿尔塞）.md,WL-WORK-M32-URBE-MAPLES-ARCE,M3.2,★,伊比利亚与拉美先锋派,1920—1930年代跨大西洋先锋扩散 · 组织化与集体扩展,文学动员与共同体建构,mechanism_tag
堂吉诃德.md,WL-WORK-1042,M1,★,文艺复兴,文艺复兴展开与世俗主体形成 · 反拨、转型与再阐释,批判反拨与范式转型,mechanism_tag
堕落.md,WL-WORK-M51-29e9705bd6,M5.1,★,存在主义,1940—1950年代主体、自由与责任危机 · 核心形成与典范确立,核心典范与形式确立,priority_core
塔尔.md,WL-WORK-M32-u5854-u5c14,M3.2,◆,意象主义与漩涡主义,1910年代英语诗歌形式革新 · 扩展、变体与后续发展,专题扩展与变体生成,priority_focus
塔杜施先生.md,WL-WORK-R4-塔杜施先生,M2,◆,浪漫主义,革命后浪漫主义形成与扩张 · 组织化与集体扩展,文学动员与共同体建构,mechanism_tag
塞维利亚理发师.md,WL-WORK-M1-83829513,M1,◆,启蒙主义,启蒙公共领域与理性批判成熟 · 扩展、变体与后续发展,专题扩展与变体生成,priority_focus
塞莱斯蒂娜.md,WL-WORK-M1-47269789,M1,◆,文艺复兴,文艺复兴展开与世俗主体形成 · 扩展、变体与后续发展,专题扩展与变体生成,priority_focus
墙（让-保罗·萨特）.md,WL-WORK-M51-9b50e3dd20,M5.1,◆,存在主义,1940—1950年代主体、自由与责任危机 · 扩展、变体与后续发展,专题扩展与变体生成,priority_focus
壁橱认识论.md,WL-WORK-3255,M5.2,★,酷儿,1980—1990年代后性别/性规范解构 · 核心形成与典范确立,核心典范与形式确立,priority_core
夜总会里的五个人.md,WL-WORK-1644,M3.1,★,日本与中国现代主义,东亚现代性与新文学转型 · 核心形成与典范确立,核心典范与形式确立,priority_core
夜林.md,WL-WORK-1645,M3.1,★,美国与Harlem Renaissance,美国现代主义与黑人文化复兴 · 核心形成与典范确立,核心典范与形式确立,priority_core
夜颂.md,WL-WORK-M2-FFD645560805,M2,◆,浪漫主义,革命后浪漫主义形成与扩张 · 扩展、变体与后续发展,专题扩展与变体生成,priority_focus
夜鸟.md,WL-WORK-M4-f5d3eb69,M4,◆,拉丁美洲Boom,1960—1970年代跨国出版与全球文学网络 · 扩展、变体与后续发展,专题扩展与变体生成,priority_focus
大地上的受苦者.md,WL-WORK-3228,M5.2,★,后殖民,二战后帝国解体与表述政治形成 · 组织化与集体扩展,文学动员与共同体建构,mechanism_tag
大地上的居所.md,WL-WORK-1646,M3.1,★,拉丁美洲先锋与巴西Modernismo,拉美先锋与本土现代主义形成 · 核心形成与典范确立,核心典范与形式确立,priority_core
大地之女.md,WL-WORK-M4-c5728f90,M4,◆,无产阶级文学,工业资本主义后阶级文学组织化 · 扩展、变体与后续发展,专题扩展与变体生成,priority_focus
大师与玛格丽特.md,WL-WORK-M51-4b1b8bbe48,M5.1,★,魔幻现实主义,1940年代后现实层级重组与全球扩展 · 核心形成与典范确立,核心典范与形式确立,priority_core
大师和玛格丽特.md,WL-WORK-1647,M3.1,★,俄罗斯与东欧现代主义,革命、帝国解体与东欧现代主义 · 核心形成与典范确立,核心典范与形式确立,priority_core
大教堂爆炸.md,WL-WORK-M4-fefb46d3,M4,★,拉丁美洲Boom,1960—1970年代跨国出版与全球文学网络 · 组织化与集体扩展,文学动员与共同体建构,mechanism_tag
大瑟尔.md,WL-WORK-M4-da00f078,M4,◆,垮掉的一代,1950年代反文化文学共同体 · 扩展、变体与后续发展,专题扩展与变体生成,priority_focus
天堂.md,WL-WORK-1051,M4,◆,拉丁美洲Boom,1960—1970年代跨国出版与全球文学网络 · 扩展、变体与后续发展,专题扩展与变体生成,priority_focus
天真与经验之歌.md,WL-WORK-M2-5D055DDB13AE,M2,★,浪漫主义,革命后浪漫主义形成与扩张 · 核心形成与典范确立,核心典范与形式确立,priority_core
天象馆.md,WL-WORK-M51-dc403b2ea2,M5.1,◆,法国新小说,1950—1970年代再现与人物危机 · 扩展、变体与后续发展,专题扩展与变体生成,priority_focus
天赋寓言.md,WL-WORK-3272,M5.2,◆,生态文学,环境危机进入文学世界建构与叙事实践 · 扩展、变体与后续发展,专题扩展与变体生成,priority_focus
太阳照在桑干河上.md,WL-WORK-M4-71a70ad1,M4,★,社会主义现实主义,革命后制度化文学与国家文化政策 · 核心形成与典范确立,核心典范与形式确立,priority_core
太阳照常升起.md,WL-WORK-1648,M3.1,★,美国与Harlem Renaissance,美国现代主义与黑人文化复兴 · 传播扩散与跨地域转译,传播扩散与跨地域连接,mechanism_tag
太阳的胜利.md,WL-WORK-M32-u592a-u9633-u7684-u80dc-u5229,M3.2,★,俄国未来主义,1910年代革命前后的语言与形式激进化 · 核心形成与典范确立,核心典范与形式确立,priority_core
失乐园（弥尔顿）.md,WL-WORK-T2-PARADISE-LOST,M1,★,巴洛克,秩序危机与巴洛克复杂化 · 核心形成与典范确立,核心典范与形式确立,priority_core
奥兰多.md,WL-WORK-3258,M5.2,★,酷儿,1980—1990年代后性别/性规范解构 · 核心形成与典范确立,核心典范与形式确立,priority_core
奥勃洛莫夫.md,WL-WORK-1055,M2,◆,现实主义,19世纪中期现实主义成熟 · 扩展、变体与后续发展,专题扩展与变体生成,priority_focus
女宾.md,WL-WORK-M51-6f0d7486f4,M5.1,◆,存在主义,1940—1950年代主体、自由与责任危机 · 扩展、变体与后续发展,专题扩展与变体生成,priority_focus
女性、种族与阶级.md,WL-WORK-3245,M5.2,★,女性主义,20世纪女性解放运动与文学批评制度化 · 核心形成与典范确立,核心典范与形式确立,priority_core
女性主义理论：从边缘到中心.md,WL-WORK-3246,M5.2,★,女性主义,20世纪女性解放运动与文学批评制度化 · 核心形成与典范确立,核心典范与形式确立,priority_core
女性的奥秘.md,WL-WORK-3244,M5.2,◆,女性主义,20世纪女性解放运动与文学批评制度化 · 扩展、变体与后续发展,专题扩展与变体生成,priority_focus
女战士.md,WL-WORK-3251,M5.2,◆,女性主义,20世纪女性解放运动与文学批评制度化 · 扩展、变体与后续发展,专题扩展与变体生成,priority_focus
她们眼望上苍.md,WL-WORK-3249,M5.2,★,女性主义,20世纪女性解放运动与文学批评制度化 · 核心形成与典范确立,核心典范与形式确立,priority_core
好兵.md,WL-WORK-1661,M3.1,★,英国—爱尔兰现代主义,英爱高峰现代主义与形式革新 · 传播扩散与跨地域转译,传播扩散与跨地域连接,mechanism_tag
姐妹，局外人.md,WL-WORK-3248,M5.2,★,女性主义,20世纪女性解放运动与文学批评制度化 · 核心形成与典范确立,核心典范与形式确立,priority_core
威克菲尔德的牧师.md,WL-WORK-M1-00265350,M1,◆,感伤主义,情感转向与浪漫主义前夜 · 扩展、变体与后续发展,专题扩展与变体生成,priority_focus
威尼斯之死.md,WL-WORK-1665,M3.1,★,德语—奥地利—中欧现代主义,中欧帝国危机与现代主义形成 · 传播扩散与跨地域转译,传播扩散与跨地域连接,mechanism_tag
娜嘉.md,WL-WORK-M32-u5a1c-u5609,M3.2,★,超现实主义,1920年代后无意识、自动书写与革命想象 · 核心形成与典范确立,核心典范与形式确立,priority_core
娜娜.md,WL-WORK-1063,M2,★,自然主义,19世纪后期科学化与社会决定论 · 核心形成与典范确立,核心典范与形式确立,priority_core
婚约.md,WL-WORK-M4-9113a11d,M4,★,民族主义文学,19世纪民族建构与语言文化共同体形成 · 组织化与集体扩展,文学动员与共同体建构,mechanism_tag
嫉妒.md,WL-WORK-1666,M5.1,★,法国新小说,1950—1970年代再现与人物危机 · 核心形成与典范确立,核心典范与形式确立,priority_core
子夜.md,WL-WORK-2817,M4,★,革命文学,革命动员与集体主体形成 · 核心形成与典范确立,核心典范与形式确立,priority_core
孤独集.md,WL-WORK-M1-95873266,M1,★,巴洛克,秩序危机与巴洛克复杂化 · 核心形成与典范确立,核心典范与形式确立,priority_core
孩子，你别哭.md,WL-WORK-1064,M4,★,反殖民文学运动,二战后去殖民与民族解放文学 · 核心形成与典范确立,核心典范与形式确立,priority_core
宇宙奇趣.md,WL-WORK-M51-4b8d14d312,M5.1,◆,后现代主义,1960年代后文本权威、媒介与历史叙事危机 · 扩展、变体与后续发展,专题扩展与变体生成,priority_focus
安娜·卡列尼娜.md,WL-WORK-1067,M2,★,现实主义,19世纪中期现实主义成熟 · 核心形成与典范确立,核心典范与形式确立,priority_core
安德洛玛刻.md,WL-WORK-M1-11624270,M1,★,古典主义,规则、宫廷与公共规范化 · 核心形成与典范确立,核心典范与形式确立,priority_core
安提皮林先生的第一次天国冒险.md,WL-WORK-M32-u5b89-u63d0-u76ae-u6797-u5148-u751f-u7684-u7b2c-u4e00-u6b21-u5929-u56fd-,M3.2,◆,达达主义,一战时期反艺术与制度否定 · 扩展、变体与后续发展,专题扩展与变体生成,priority_focus
安魂曲.md,WL-WORK-1670,M3.1,★,俄罗斯与东欧现代主义,革命、帝国解体与东欧现代主义 · 核心形成与典范确立,核心典范与形式确立,priority_core
宠儿.md,WL-WORK-0666,M5.1,★,魔幻现实主义,1940年代后现实层级重组与全球扩展 · 跨专题连接与转型,跨专题连接与范式转译,cross_membership
宠儿.md,WL-WORK-0666,M5.2,★,女性主义,20世纪女性解放运动与文学批评制度化 · 跨专题连接与转型,跨专题连接与范式转译,cross_membership
审判.md,WL-WORK-1671,M3.1,★,德语—奥地利—中欧现代主义,中欧帝国危机与现代主义形成 · 核心形成与典范确立,核心典范与形式确立,priority_core
宫殿.md,WL-WORK-M51-9619b245ad,M5.1,◆,法国新小说,1950—1970年代再现与人物危机 · 扩展、变体与后续发展,专题扩展与变体生成,priority_focus
家丁.md,WL-WORK-M4-150b4d1d,M4,◆,反殖民文学运动,二战后去殖民与民族解放文学 · 扩展、变体与后续发展,专题扩展与变体生成,priority_focus
家庭与世界.md,WL-WORK-1672,M3.1,★,南亚、波斯与阿拉伯现代主义,殖民现代性与多语言文学转型 · 组织化与集体扩展,文学动员与共同体建构,mechanism_tag
家庭与世界.md,WL-WORK-1672,M4,★,民族主义文学,19世纪民族建构与语言文化共同体形成 · 组织化与集体扩展,文学动员与共同体建构,mechanism_tag
宿命论者雅克.md,WL-WORK-M1-15544523,M1,★,启蒙主义,启蒙公共领域与理性批判成熟 · 核心形成与典范确立,核心典范与形式确立,priority_core
寂寞芳心小姐.md,WL-WORK-1674,M3.1,◆,美国与Harlem Renaissance,美国现代主义与黑人文化复兴 · 扩展、变体与后续发展,专题扩展与变体生成,priority_focus
寂静的春天.md,WL-WORK-3262,M5.2,★,生态批评,20世纪后期环境危机与人类中心主义反思 · 反拨、转型与再阐释,批判反拨与范式转型,mechanism_tag
寒冬夜行人.md,WL-WORK-M51-5207564d3f,M5.1,★,后现代主义,1960年代后文本权威、媒介与历史叙事危机 · 核心形成与典范确立,核心典范与形式确立,priority_core
寓言诗.md,WL-WORK-M1-33850830,M1,★,古典主义,规则、宫廷与公共规范化 · 核心形成与典范确立,核心典范与形式确立,priority_core
将军底头.md,WL-WORK-1676,M3.1,◆,日本与中国现代主义,东亚现代性与新文学转型 · 传播扩散与跨地域转译,传播扩散与跨地域连接,mechanism_tag
小癞子.md,WL-WORK-R4-小癞子,M1,★,文艺复兴,文艺复兴展开与世俗主体形成 · 核心形成与典范确立,核心典范与形式确立,priority_core
小酒店.md,WL-WORK-1076,M2,★,自然主义,19世纪后期科学化与社会决定论 · 核心形成与典范确立,核心典范与形式确立,priority_core
少年维特的烦恼.md,WL-WORK-2055,M1,★,感伤主义,情感转向与浪漫主义前夜 · 核心形成与典范确立,核心典范与形式确立,priority_core
尤利西斯.md,WL-WORK-1678,M3.1,★,英国—爱尔兰现代主义,英爱高峰现代主义与形式革新 · 核心形成与典范确立,核心典范与形式确立,priority_core
局外人.md,WL-WORK-1083,M3.1,◆,法国现代主义,法国都市现代性与文学实验 · 跨专题连接与转型,跨专题连接与范式转译,cross_membership
局外人.md,WL-WORK-1083,M5.1,★,存在主义,1940—1950年代主体、自由与责任危机 · 跨专题连接与转型,跨专题连接与范式转译,cross_membership
屠场（厄普顿·辛克莱）.md,WL-WORK-M4-47fc135a,M4,★,无产阶级文学,工业资本主义后阶级文学组织化 · 核心形成与典范确立,核心典范与形式确立,priority_core
巨人传.md,WL-WORK-3164,M1,★,人文主义,古典复兴与人文主义奠基 · 核心形成与典范确立,核心典范与形式确立,priority_core
已故的帕斯卡尔.md,WL-WORK-1681,M3.1,◆,伊比利亚与意大利现代主义,南欧现代主义与先锋互动 · 传播扩散与跨地域转译,传播扩散与跨地域连接,mechanism_tag
巴西木诗集.md,WL-WORK-M32-u5df4-u897f-u6728-u8bd7-u96c6,M3.2,★,伊比利亚与拉美先锋派,1920—1930年代跨大西洋先锋扩散 · 核心形成与典范确立,核心典范与形式确立,priority_core
巴黎圣母院.md,WL-WORK-1086,M2,★,浪漫主义,革命后浪漫主义形成与扩张 · 核心形成与典范确立,核心典范与形式确立,priority_core
巴黎的农民.md,WL-WORK-M32-u5df4-u9ece-u7684-u519c-u6c11,M3.2,★,超现实主义,1920年代后无意识、自动书写与革命想象 · 核心形成与典范确立,核心典范与形式确立,priority_core
巴黎蜃景.md,WL-WORK-M4-e98212fb,M4,◆,Négritude,1930—1950年代法语黑人国际主义与文化解放 · 扩展、变体与后续发展,专题扩展与变体生成,priority_focus
帕梅拉.md,WL-WORK-2061,M1,★,感伤主义,情感转向与浪漫主义前夜 · 核心形成与典范确立,核心典范与形式确立,priority_core
帝国反写.md,WL-WORK-3230,M5.2,★,后殖民,二战后帝国解体与表述政治形成 · 核心形成与典范确立,核心典范与形式确立,priority_core
年轻的命运女神.md,WL-WORK-1688,M3.1,◆,法国现代主义,法国都市现代性与文学实验 · 扩展、变体与后续发展,专题扩展与变体生成,priority_focus
并非没有笑声.md,WL-WORK-M4-bb076d39,M4,◆,哈莱姆文艺复兴,1920年代黑人都市文化复兴 · 扩展、变体与后续发展,专题扩展与变体生成,priority_focus
幻灭.md,WL-WORK-1093,M2,★,现实主义,19世纪中期现实主义成熟 · 核心形成与典范确立,核心典范与形式确立,priority_core
幽灵之家.md,WL-WORK-1094,M5.1,★,魔幻现实主义,1940年代后现实层级重组与全球扩展 · 核心形成与典范确立,核心典范与形式确立,priority_core
序曲.md,WL-WORK-M2-89D3E895D396,M2,★,浪漫主义,革命后浪漫主义形成与扩张 · 核心形成与典范确立,核心典范与形式确立,priority_core
康尼岛的心灵.md,WL-WORK-M4-0ad581de,M4,★,垮掉的一代,1950年代反文化文学共同体 · 核心形成与典范确立,核心典范与形式确立,priority_core
廷臣论.md,WL-WORK-M1-28776668,M1,◆,人文主义,古典复兴与人文主义奠基 · 扩展、变体与后续发展,专题扩展与变体生成,priority_focus
弗兰德公路.md,WL-WORK-1692,M5.1,★,法国新小说,1950—1970年代再现与人物危机 · 核心形成与典范确立,核心典范与形式确立,priority_core
弗兰肯斯坦.md,WL-WORK-0262,M2,★,浪漫主义,革命后浪漫主义形成与扩张 · 核心形成与典范确立,核心典范与形式确立,priority_core
当代英雄.md,WL-WORK-R4-当代英雄,M2,★,浪漫主义,革命后浪漫主义形成与扩张 · 核心形成与典范确立,核心典范与形式确立,priority_core
彩画集.md,WL-WORK-1694,M2,★,象征主义,世纪末象征主义与现代主义前夜 · 跨专题连接与转型,跨专题连接与范式转译,cross_membership
彩画集.md,WL-WORK-1694,M3.1,★,19世纪前史,世纪末现代主义前史与形式酝酿 · 跨专题连接与转型,跨专题连接与范式转译,cross_membership
彷徨.md,WL-WORK-1695,M3.1,◆,日本与中国现代主义,东亚现代性与新文学转型 · 传播扩散与跨地域转译,传播扩散与跨地域连接,mechanism_tag
彼得堡.md,WL-WORK-1696,M3.1,★,俄罗斯与东欧现代主义,革命、帝国解体与东欧现代主义 · 核心形成与典范确立,核心典范与形式确立,priority_core
微暗的火.md,WL-WORK-2068,M5.1,★,后现代主义,1960年代后文本权威、媒介与历史叙事危机 · 核心形成与典范确立,核心典范与形式确立,priority_core
微物之神.md,WL-WORK-1103,M5.2,★,后殖民,二战后帝国解体与表述政治形成 · 核心形成与典范确立,核心典范与形式确立,priority_core
德里黄昏.md,WL-WORK-1698,M3.1,◆,南亚、波斯与阿拉伯现代主义,殖民现代性与多语言文学转型 · 扩展、变体与后续发展,专题扩展与变体生成,priority_focus
忏悔录.md,WL-WORK-M1-33284735,M1,★,感伤主义,情感转向与浪漫主义前夜 · 核心形成与典范确立,核心典范与形式确立,priority_core
快乐之家.md,WL-WORK-3261,M5.2,★,酷儿,1980—1990年代后性别/性规范解构 · 核心形成与典范确立,核心典范与形式确立,priority_core
快乐时光.md,WL-WORK-M51-675a7b43fa,M5.1,◆,荒诞,1950—1960年代语言与行动失效 · 扩展、变体与后续发展,专题扩展与变体生成,priority_focus
怎样做诗.md,WL-WORK-M32-u600e-u6837-u505a-u8bd7,M3.2,★,构成主义、LEF与事实文学,革命后苏俄艺术生产与事实文学 · 传播扩散与跨地域转译,传播扩散与跨地域连接,mechanism_tag
性别麻烦.md,WL-WORK-3253,M5.2,★,酷儿,1980—1990年代后性别/性规范解构 · 核心形成与典范确立,核心典范与形式确立,priority_core
性史第一卷：认知的意志.md,WL-WORK-3252,M5.2,★,酷儿,1980—1990年代后性别/性规范解构 · 核心形成与典范确立,核心典范与形式确立,priority_core
性政治.md,WL-WORK-3243,M5.2,★,女性主义,20世纪女性解放运动与文学批评制度化 · 理论化与范式确立,理论阐释与范式建构,mechanism_tag
恋爱中的女人.md,WL-WORK-1110,M3.1,★,英国—爱尔兰现代主义,英爱高峰现代主义与形式革新 · 传播扩散与跨地域转译,传播扩散与跨地域连接,mechanism_tag
恨世者.md,WL-WORK-M1-34034104,M1,★,古典主义,规则、宫廷与公共规范化 · 核心形成与典范确立,核心典范与形式确立,priority_core
恰似水之于巧克力.md,WL-WORK-1111,M5.1,◆,魔幻现实主义,1940年代后现实层级重组与全球扩展 · 扩展、变体与后续发展,专题扩展与变体生成,priority_focus
恰尔德·哈洛尔德游记.md,WL-WORK-M2-711289AC2296,M2,◆,浪漫主义,革命后浪漫主义形成与扩张 · 扩展、变体与后续发展,专题扩展与变体生成,priority_focus
恰巴耶夫.md,WL-WORK-M4-a6be5662,M4,★,社会主义现实主义,革命后制度化文学与国家文化政策 · 组织化与集体扩展,文学动员与共同体建构,mechanism_tag
恶之花.md,WL-WORK-1701,M2,★,象征主义,世纪末象征主义与现代主义前夜 · 跨专题连接与转型,跨专题连接与范式转译,cross_membership
恶之花.md,WL-WORK-1701,M3.1,★,19世纪前史,世纪末现代主义前史与形式酝酿 · 组织化与集体扩展,文学动员与共同体建构,mechanism_tag
恶心.md,WL-WORK-1702,M5.1,★,存在主义,1940—1950年代主体、自由与责任危机 · 核心形成与典范确立,核心典范与形式确立,priority_core
恶魔们.md,WL-WORK-M2-9D4C48CE34C6,M2,◆,颓废主义,世纪末颓废意识与文化危机 · 扩展、变体与后续发展,专题扩展与变体生成,priority_focus
情感教育.md,WL-WORK-1113,M2,★,现实主义,19世纪中期现实主义成熟 · 核心形成与典范确立,核心典范与形式确立,priority_core
想象力无线电与自由词语.md,WL-WORK-M32-u60f3-u8c61-u529b-u65e0-u7ebf-u7535-u4e0e-u81ea-u7531-u8bcd-u8bed,M3.2,◆,意大利未来主义,1909后第一波先锋宣言与技术崇拜 · 扩展、变体与后续发展,专题扩展与变体生成,priority_focus
惶然录.md,WL-WORK-1705,M3.1,★,伊比利亚与意大利现代主义,南欧现代主义与先锋互动 · 核心形成与典范确立,核心典范与形式确立,priority_core
意图集.md,WL-WORK-M2-78D9745342E8,M2,◆,唯美主义,世纪末审美自主与艺术至上 · 理论化与范式确立,理论阐释与范式建构,mechanism_tag
意象派诗人集 1915.md,WL-WORK-M32-u610f-u8c61-u6d3e-u8bd7-u4eba-u96c6-1915,M3.2,★,意象主义与漩涡主义,1910年代英语诗歌形式革新 · 组织化与集体扩展,文学动员与共同体建构,mechanism_tag
意象派诗人集 1916.md,WL-WORK-M32-u610f-u8c61-u6d3e-u8bd7-u4eba-u96c6-1916,M3.2,◆,意象主义与漩涡主义,1910年代英语诗歌形式革新 · 组织化与集体扩展,文学动员与共同体建构,mechanism_tag
意象派诗选.md,WL-WORK-M32-u610f-u8c61-u6d3e-u8bd7-u9009,M3.2,★,意象主义与漩涡主义,1910年代英语诗歌形式革新 · 传播扩散与跨地域转译,传播扩散与跨地域连接,mechanism_tag
愚人颂.md,WL-WORK-M1-40670511,M1,★,人文主义,古典复兴与人文主义奠基 · 反拨、转型与再阐释,批判反拨与范式转型,mechanism_tag
感伤旅行.md,WL-WORK-1462,M1,★,感伤主义,情感转向与浪漫主义前夜 · 核心形成与典范确立,核心典范与形式确立,priority_core
慢暴力与穷人的环境主义.md,WL-WORK-3268,M5.2,★,生态批评,20世纪后期环境危机与人类中心主义反思 · 核心形成与典范确立,核心典范与形式确立,priority_core
戈拉.md,WL-WORK-M4-2c696947,M4,★,民族主义文学,19世纪民族建构与语言文化共同体形成 · 组织化与集体扩展,文学动员与共同体建构,mechanism_tag
我们.md,WL-WORK-0283,M3.1,★,俄罗斯与东欧现代主义,革命、帝国解体与东欧现代主义 · 核心形成与典范确立,核心典范与形式确立,priority_core
我们从未现代过.md,WL-WORK-3270,M5.2,◆,生态批评,20世纪后期环境危机与人类中心主义反思 · 反拨、转型与再阐释,批判反拨与范式转型,mechanism_tag
我弥留之际.md,WL-WORK-1711,M3.1,★,美国与Harlem Renaissance,美国现代主义与黑人文化复兴 · 核心形成与典范确立,核心典范与形式确立,priority_core
战争.md,WL-WORK-1714,M3.1,◆,日本与中国现代主义,东亚现代性与新文学转型 · 扩展、变体与后续发展,专题扩展与变体生成,priority_focus
战争与和平.md,WL-WORK-1118,M2,★,现实主义,19世纪中期现实主义成熟 · 核心形成与典范确立,核心典范与形式确立,priority_core
所罗门之歌.md,WL-WORK-1122,M5.1,★,魔幻现实主义,1940年代后现实层级重组与全球扩展 · 核心形成与典范确立,核心典范与形式确立,priority_core
批评家.md,WL-WORK-M1-05507229,M1,◆,巴洛克,秩序危机与巴洛克复杂化 · 理论化与范式确立,理论阐释与范式建构,mechanism_tag
抒情歌谣集.md,WL-WORK-M2-8235CD5AE924,M2,★,浪漫主义,革命后浪漫主义形成与扩张 · 核心形成与典范确立,核心典范与形式确立,priority_core
押沙龙，押沙龙！.md,WL-WORK-1123,M3.1,★,美国与Harlem Renaissance,美国现代主义与黑人文化复兴 · 核心形成与典范确立,核心典范与形式确立,priority_core
拉摩的侄儿.md,WL-WORK-M1-22614670,M1,★,启蒙主义,启蒙公共领域与理性批判成熟 · 核心形成与典范确立,核心典范与形式确立,priority_core
拍卖第四十九批.md,WL-WORK-1718,M5.1,★,后现代主义,1960年代后文本权威、媒介与历史叙事危机 · 核心形成与典范确立,核心典范与形式确立,priority_core
播种者寓言.md,WL-WORK-0362,M5.2,★,生态文学,环境危机进入文学世界建构与叙事实践 · 核心形成与典范确立,核心典范与形式确立,priority_core
文化与帝国主义.md,WL-WORK-3226,M5.2,★,后殖民,二战后帝国解体与表述政治形成 · 核心形成与典范确立,核心典范与形式确立,priority_core
文艺复兴史研究.md,WL-WORK-M2-0E26901E8DC0,M2,★,唯美主义,世纪末审美自主与艺术至上 · 核心形成与典范确立,核心典范与形式确立,priority_core
新儿女英雄传.md,WL-WORK-M4-f4d30c4c,M4,◆,革命文学,革命动员与集体主体形成 · 组织化与集体扩展,文学动员与共同体建构,mechanism_tag
新爱洛绮丝.md,WL-WORK-M1-72423498,M1,★,感伤主义,情感转向与浪漫主义前夜 · 组织化与集体扩展,文学动员与共同体建构,mechanism_tag
施疗室里.md,WL-WORK-1724,M3.1,◆,日本与中国现代主义,东亚现代性与新文学转型 · 扩展、变体与后续发展,专题扩展与变体生成,priority_focus
族长的秋天.md,WL-WORK-1725,M5.1,★,魔幻现实主义,1940年代后现实层级重组与全球扩展 · 核心形成与典范确立,核心典范与形式确立,priority_core
无名的裘德.md,WL-WORK-1135,M2,★,自然主义,19世纪后期科学化与社会决定论 · 核心形成与典范确立,核心典范与形式确立,priority_core
无尽的玩笑.md,WL-WORK-M51-b5ee09cd21,M5.1,★,后现代主义,1960年代后文本权威、媒介与历史叙事危机 · 核心形成与典范确立,核心典范与形式确立,priority_core
无玷的受孕.md,WL-WORK-M32-u65e0-u73b7-u7684-u53d7-u5b55,M3.2,◆,超现实主义,1920年代后无意识、自动书写与革命想象 · 扩展、变体与后续发展,专题扩展与变体生成,priority_focus
无自然的生态学.md,WL-WORK-3266,M5.2,★,生态批评,20世纪后期环境危机与人类中心主义反思 · 理论化与范式确立,理论阐释与范式建构,mechanism_tag
无言浪漫曲.md,WL-WORK-M2-EBEE0B19F3AC,M2,★,象征主义,世纪末象征主义与现代主义前夜 · 核心形成与典范确立,核心典范与形式确立,priority_core
日子.md,WL-WORK-1729,M3.1,◆,南亚、波斯与阿拉伯现代主义,殖民现代性与多语言文学转型 · 扩展、变体与后续发展,专题扩展与变体生成,priority_focus
早安，午夜.md,WL-WORK-1731,M3.1,★,殖民与跨国现代主义,全球现代主义的跨国流动与殖民经验 · 核心形成与典范确立,核心典范与形式确立,priority_core
春蚕.md,WL-WORK-M4-ee52b405,M4,◆,革命文学,革命动员与集体主体形成 · 扩展、变体与后续发展,专题扩展与变体生成,priority_focus
智者纳坦.md,WL-WORK-M1-32741460,M1,★,启蒙主义,启蒙公共领域与理性批判成熟 · 核心形成与典范确立,核心典范与形式确立,priority_core
暴风雨.md,WL-WORK-2829,M1,★,文艺复兴,文艺复兴展开与世俗主体形成 · 核心形成与典范确立,核心典范与形式确立,priority_core
暴风骤雨.md,WL-WORK-M4-86613dcd,M4,★,社会主义现实主义,革命后制度化文学与国家文化政策 · 组织化与集体扩展,文学动员与共同体建构,mechanism_tag
曼哈顿中转站.md,WL-WORK-1735,M3.1,★,美国与Harlem Renaissance,美国现代主义与黑人文化复兴 · 核心形成与典范确立,核心典范与形式确立,priority_core
最后的松弛.md,WL-WORK-M32-u6700-u540e-u7684-u677e-u5f1b,M3.2,◆,达达主义,一战时期反艺术与制度否定 · 扩展、变体与后续发展,专题扩展与变体生成,priority_focus
有感情的人.md,WL-WORK-M1-60037943,M1,◆,感伤主义,情感转向与浪漫主义前夜 · 扩展、变体与后续发展,专题扩展与变体生成,priority_focus
朝圣.md,WL-WORK-1739,M3.1,◆,英国—爱尔兰现代主义,英爱高峰现代主义与形式革新 · 扩展、变体与后续发展,专题扩展与变体生成,priority_focus
未来主义宣言.md,WL-WORK-M32-u672a-u6765-u4e3b-u4e49-u5ba3-u8a00,M3.2,★,意大利未来主义,1909后第一波先锋宣言与技术崇拜 · 理论化与范式确立,理论阐释与范式建构,mechanism_tag
未来主义戏剧综合.md,WL-WORK-M32-u672a-u6765-u4e3b-u4e49-u620f-u5267-u7efc-u5408,M3.2,◆,意大利未来主义,1909后第一波先锋宣言与技术崇拜 · 组织化与集体扩展,文学动员与共同体建构,mechanism_tag
未来主义文学技术宣言.md,WL-WORK-M32-u672a-u6765-u4e3b-u4e49-u6587-u5b66-u6280-u672f-u5ba3-u8a00,M3.2,★,意大利未来主义,1909后第一波先锋宣言与技术崇拜 · 核心形成与典范确立,核心典范与形式确立,priority_core
未来主义者马法尔卡.md,WL-WORK-M32-u672a-u6765-u4e3b-u4e49-u8005-u9a6c-u6cd5-u5c14-u5361,M3.2,◆,意大利未来主义,1909后第一波先锋宣言与技术崇拜 · 扩展、变体与后续发展,专题扩展与变体生成,priority_focus
朱莉小姐.md,WL-WORK-1741,M2,★,自然主义,19世纪后期科学化与社会决定论 · 跨专题连接与转型,跨专题连接与范式转译,cross_membership
朱莉小姐.md,WL-WORK-1741,M3.1,◆,19世纪前史,世纪末现代主义前史与形式酝酿 · 跨专题连接与转型,跨专题连接与范式转译,cross_membership
朴素的诗.md,WL-WORK-M2-036D05D7F635,M2,★,拉美 Modernismo,世纪末拉美现代主义前驱 · 核心形成与典范确立,核心典范与形式确立,priority_core
机械.md,WL-WORK-1742,M3.1,★,日本与中国现代主义,东亚现代性与新文学转型 · 组织化与集体扩展,文学动员与共同体建构,mechanism_tag
杀人者，女人们的希望.md,WL-WORK-M32-u6740-u4eba-u8005-uff0c-u5973-u4eba-u4eec-u7684-u5e0c-u671b,M3.2,★,德语表现主义,一战前后都市、战争与主体危机 · 核心形成与典范确立,核心典范与形式确立,priority_core
权力的殖民性、欧洲中心主义与拉丁美洲.md,WL-WORK-3237,M5.2,★,去殖民,20世纪后期殖民性与知识体系批判 · 核心形成与典范确立,核心典范与形式确立,priority_core
李尔王.md,WL-WORK-2827,M1,★,文艺复兴,文艺复兴展开与世俗主体形成 · 核心形成与典范确立,核心典范与形式确立,priority_core
杜伊诺哀歌.md,WL-WORK-1743,M3.1,★,德语—奥地利—中欧现代主义,中欧帝国危机与现代主义形成 · 传播扩散与跨地域转译,传播扩散与跨地域连接,mechanism_tag
杰米妮·拉瑟都.md,WL-WORK-M2-AD2374EACD38,M2,◆,自然主义,19世纪后期科学化与社会决定论 · 扩展、变体与后续发展,专题扩展与变体生成,priority_focus
林海雪原.md,WL-WORK-1745,M4,◆,社会主义现实主义,革命后制度化文学与国家文化政策 · 组织化与集体扩展,文学动员与共同体建构,mechanism_tag
柏林亚历山大广场.md,WL-WORK-1746,M3.1,★,德语—奥地利—中欧现代主义,中欧帝国危机与现代主义形成 · 核心形成与典范确立,核心典范与形式确立,priority_core
格列佛游记.md,WL-WORK-0260,M1,★,启蒙主义,启蒙公共领域与理性批判成熟 · 反拨、转型与再阐释,批判反拨与范式转型,mechanism_tag
桥.md,WL-WORK-1748,M3.1,★,美国与Harlem Renaissance,美国现代主义与黑人文化复兴 · 核心形成与典范确立,核心典范与形式确立,priority_core
梅子包.md,WL-WORK-M4-7db1b5f7,M4,◆,哈莱姆文艺复兴,1920年代黑人都市文化复兴 · 扩展、变体与后续发展,专题扩展与变体生成,priority_focus
梅雨之夕.md,WL-WORK-1749,M3.1,★,日本与中国现代主义,东亚现代性与新文学转型 · 核心形成与典范确立,核心典范与形式确立,priority_core
梦游之地.md,WL-WORK-3203,M5.1,★,魔幻现实主义,1940年代后现实层级重组与全球扩展 · 核心形成与典范确立,核心典范与形式确立,priority_core
梦游者.md,WL-WORK-1752,M3.1,★,德语—奥地利—中欧现代主义,中欧帝国危机与现代主义形成 · 核心形成与典范确立,核心典范与形式确立,priority_core
梦的故事.md,WL-WORK-1753,M3.1,◆,德语—奥地利—中欧现代主义,中欧帝国危机与现代主义形成 · 传播扩散与跨地域转译,传播扩散与跨地域连接,mechanism_tag
梦集.md,WL-WORK-M1-54303373,M1,◆,巴洛克,秩序危机与巴洛克复杂化 · 理论化与范式确立,理论阐释与范式建构,mechanism_tag
椅子.md,WL-WORK-M51-c0f9415283,M5.1,◆,荒诞,1950—1960年代语言与行动失效 · 扩展、变体与后续发展,专题扩展与变体生成,priority_focus
橡皮.md,WL-WORK-M51-5fdfd61a3b,M5.1,★,法国新小说,1950—1970年代再现与人物危机 · 反拨、转型与再阐释,批判反拨与范式转型,mechanism_tag
欧那尼.md,WL-WORK-2555,M2,★,浪漫主义,革命后浪漫主义形成与扩张 · 核心形成与典范确立,核心典范与形式确立,priority_core
歌与十四行诗.md,WL-WORK-M1-40141849,M1,◆,巴洛克,秩序危机与巴洛克复杂化 · 扩展、变体与后续发展,专题扩展与变体生成,priority_focus
歌集.md,WL-WORK-2086,M1,★,文艺复兴,文艺复兴展开与世俗主体形成 · 核心形成与典范确立,核心典范与形式确立,priority_core
死魂灵.md,WL-WORK-2838,M2,★,现实主义,19世纪中期现实主义成熟 · 核心形成与典范确立,核心典范与形式确立,priority_core
殖民者与被殖民者.md,WL-WORK-3229,M5.2,◆,后殖民,二战后帝国解体与表述政治形成 · 扩展、变体与后续发展,专题扩展与变体生成,priority_focus
毁灭.md,WL-WORK-M4-bc29e774,M4,◆,革命文学,革命动员与集体主体形成 · 组织化与集体扩展,文学动员与共同体建构,mechanism_tag
毁灭（法捷耶夫）.md,WL-WORK-M4-34f61be4,M4,★,社会主义现实主义,革命后制度化文学与国家文化政策 · 组织化与集体扩展,文学动员与共同体建构,mechanism_tag
母亲.md,WL-WORK-M4-c97899a3,M4,★,无产阶级文学,工业资本主义后阶级文学组织化 · 组织化与集体扩展,文学动员与共同体建构,mechanism_tag
毒木圣经.md,WL-WORK-0747,M5.2,◆,生态文学,环境危机进入文学世界建构与叙事实践 · 扩展、变体与后续发展,专题扩展与变体生成,priority_focus
毛猿.md,WL-WORK-1760,M3.1,★,美国与Harlem Renaissance,美国现代主义与黑人文化复兴 · 核心形成与典范确立,核心典范与形式确立,priority_core
民族之歌.md,WL-WORK-M4-285fc553,M4,★,民族主义文学,19世纪民族建构与语言文化共同体形成 · 组织化与集体扩展,文学动员与共同体建构,mechanism_tag
水泥.md,WL-WORK-M4-28ff2cac,M4,★,社会主义现实主义,革命后制度化文学与国家文化政策 · 组织化与集体扩展,文学动员与共同体建构,mechanism_tag
水镜.md,WL-WORK-M32-u6c34-u955c,M3.2,◆,伊比利亚与拉美先锋派,1920—1930年代跨大西洋先锋扩散 · 扩展、变体与后续发展,专题扩展与变体生成,priority_focus
汉堡剧评.md,WL-WORK-M1-19505670,M1,◆,启蒙主义,启蒙公共领域与理性批判成熟 · 理论化与范式确立,理论阐释与范式建构,mechanism_tag
汤姆·琼斯.md,WL-WORK-1178,M1,★,启蒙主义,启蒙公共领域与理性批判成熟 · 核心形成与典范确立,核心典范与形式确立,priority_core
汽油.md,WL-WORK-M4-fd629b27,M4,◆,垮掉的一代,1950年代反文化文学共同体 · 理论化与范式确立,理论阐释与范式建构,mechanism_tag
沙乡年鉴.md,WL-WORK-3263,M5.2,★,生态批评,20世纪后期环境危机与人类中心主义反思 · 组织化与集体扩展,文学动员与共同体建构,mechanism_tag
沙人.md,WL-WORK-0754,M2,★,浪漫主义,革命后浪漫主义形成与扩张 · 核心形成与典范确立,核心典范与形式确立,priority_core
没有个性的人.md,WL-WORK-1761,M3.1,★,德语—奥地利—中欧现代主义,中欧帝国危机与现代主义形成 · 核心形成与典范确立,核心典范与形式确立,priority_core
没有钱的犹太人.md,WL-WORK-M4-76df334e,M4,★,无产阶级文学,工业资本主义后阶级文学组织化 · 核心形成与典范确立,核心典范与形式确立,priority_core
河湾.md,WL-WORK-M4-aa0ce696,M4,◆,反殖民文学运动,二战后去殖民与民族解放文学 · 跨专题连接与转型,跨专题连接与范式转译,cross_membership
河湾.md,WL-WORK-M4-aa0ce696,M5.2,◆,后殖民,二战后帝国解体与表述政治形成 · 跨专题连接与转型,跨专题连接与范式转译,cross_membership
法国中尉的女人.md,WL-WORK-1183,M5.1,★,后现代主义,1960年代后文本权威、媒介与历史叙事危机 · 核心形成与典范确立,核心典范与形式确立,priority_core
波希米亚之光.md,WL-WORK-1766,M3.1,★,伊比利亚与意大利现代主义,南欧现代主义与先锋互动 · 核心形成与典范确立,核心典范与形式确立,priority_core
波斯人信札.md,WL-WORK-M1-86074587,M1,★,启蒙主义,启蒙公共领域与理性批判成熟 · 反拨、转型与再阐释,批判反拨与范式转型,mechanism_tag
泰蕾丝·拉甘.md,WL-WORK-M2-BEFE973B35DC,M2,◆,自然主义,19世纪后期科学化与社会决定论 · 扩展、变体与后续发展,专题扩展与变体生成,priority_focus
泽诺的意识.md,WL-WORK-1767,M3.1,★,伊比利亚与意大利现代主义,南欧现代主义与先锋互动 · 核心形成与典范确立,核心典范与形式确立,priority_core
洞中人.md,WL-WORK-1768,M3.1,◆,南亚、波斯与阿拉伯现代主义,殖民现代性与多语言文学转型 · 扩展、变体与后续发展,专题扩展与变体生成,priority_focus
洪水之年.md,WL-WORK-1185,M5.2,★,生态文学,环境危机进入文学世界建构与叙事实践 · 核心形成与典范确立,核心典范与形式确立,priority_core
流沙.md,WL-WORK-M4-ff70412e,M4,★,哈莱姆文艺复兴,1920年代黑人都市文化复兴 · 传播扩散与跨地域转译,传播扩散与跨地域连接,mechanism_tag
浅草红团.md,WL-WORK-1769,M3.1,★,日本与中国现代主义,东亚现代性与新文学转型 · 核心形成与典范确立,核心典范与形式确立,priority_core
浮云.md,WL-WORK-T3-UKIGUMO,M2,★,现实主义,19世纪中期现实主义成熟 · 核心形成与典范确立,核心典范与形式确立,priority_core
浮士德.md,WL-WORK-2834,M2,★,浪漫主义,革命后浪漫主义形成与扩张 · 核心形成与典范确立,核心典范与形式确立,priority_core
浮士德博士.md,WL-WORK-M1-66790275,M1,★,文艺复兴,文艺复兴展开与世俗主体形成 · 组织化与集体扩展,文学动员与共同体建构,mechanism_tag
海园.md,WL-WORK-1771,M3.1,◆,英国—爱尔兰现代主义,英爱高峰现代主义与形式革新 · 跨专题连接与转型,跨专题连接与范式转译,cross_membership
海园.md,WL-WORK-1771,M3.2,★,意象主义与漩涡主义,1910年代英语诗歌形式革新 · 跨专题连接与转型,跨专题连接与范式转译,cross_membership
海浪.md,WL-WORK-1773,M3.1,◆,英国—爱尔兰现代主义,英爱高峰现代主义与形式革新 · 扩展、变体与后续发展,专题扩展与变体生成,priority_focus
海风下.md,WL-WORK-3271,M5.2,◆,生态文学,环境危机进入文学世界建构与叙事实践 · 扩展、变体与后续发展,专题扩展与变体生成,priority_focus
海鸥.md,WL-WORK-1774,M3.1,★,19世纪前史,世纪末现代主义前史与形式酝酿 · 核心形成与典范确立,核心典范与形式确立,priority_core
消逝的足迹.md,WL-WORK-1776,M5.1,◆,魔幻现实主义,1940年代后现实层级重组与全球扩展 · 扩展、变体与后续发展,专题扩展与变体生成,priority_focus
淹没的世界.md,WL-WORK-0342,M5.2,★,生态文学,环境危机进入文学世界建构与叙事实践 · 核心形成与典范确立,核心典范与形式确立,priority_core
温柔的纽扣.md,WL-WORK-1779,M3.1,★,美国与Harlem Renaissance,美国现代主义与黑人文化复兴 · 核心形成与典范确立,核心典范与形式确立,priority_core
潘塔德乌什.md,WL-WORK-M4-e949a31c,M4,★,民族主义文学,19世纪民族建构与语言文化共同体形成 · 组织化与集体扩展,文学动员与共同体建构,mechanism_tag
澡堂.md,WL-WORK-M32-u6fa1-u5802,M3.2,★,构成主义、LEF与事实文学,革命后苏俄艺术生产与事实文学 · 反拨、转型与再阐释,批判反拨与范式转型,mechanism_tag
烟草经纪人.md,WL-WORK-M51-4b365a2f5c,M5.1,◆,后现代主义,1960年代后文本权威、媒介与历史叙事危机 · 扩展、变体与后续发展,专题扩展与变体生成,priority_focus
煤气.md,WL-WORK-M32-u7164-u6c14,M3.2,◆,德语表现主义,一战前后都市、战争与主体危机 · 组织化与集体扩展,文学动员与共同体建构,mechanism_tag
熙德.md,WL-WORK-M1-91482024,M1,★,古典主义,规则、宫廷与公共规范化 · 核心形成与典范确立,核心典范与形式确立,priority_core
爱米丽雅·迦洛蒂.md,WL-WORK-M1-65206800,M1,◆,启蒙主义,启蒙公共领域与理性批判成熟 · 反拨、转型与再阐释,批判反拨与范式转型,mechanism_tag
父与子.md,WL-WORK-1209,M2,★,现实主义,19世纪中期现实主义成熟 · 核心形成与典范确立,核心典范与形式确立,priority_core
特里尔塞.md,WL-WORK-1791,M3.1,★,拉丁美洲先锋与巴西Modernismo,拉美先锋与本土现代主义形成 · 跨专题连接与转型,跨专题连接与范式转译,cross_membership
特里尔塞.md,WL-WORK-1791,M3.2,★,伊比利亚与拉美先锋派,1920—1930年代跨大西洋先锋扩散 · 跨专题连接与转型,跨专题连接与范式转译,cross_membership
犀牛.md,WL-WORK-M51-80582334aa,M5.1,★,荒诞,1950—1960年代语言与行动失效 · 核心形成与典范确立,核心典范与形式确立,priority_core
玉米人.md,WL-WORK-1795,M5.1,★,魔幻现实主义,1940年代后现实层级重组与全球扩展 · 核心形成与典范确立,核心典范与形式确立,priority_core
玫瑰的名字.md,WL-WORK-0132,M5.1,★,后现代主义,1960年代后文本权威、媒介与历史叙事危机 · 核心形成与典范确立,核心典范与形式确立,priority_core
环境想象.md,WL-WORK-3264,M5.2,★,生态批评,20世纪后期环境危机与人类中心主义反思 · 核心形成与典范确立,核心典范与形式确立,priority_core
瓦尔登湖.md,WL-WORK-R5-013,M2,★,超验主义,19世纪中期美国精神独立与自然观重构 · 跨专题连接与转型,跨专题连接与范式转译,cross_membership
瓦尔登湖.md,WL-WORK-R5-013,M5.2,◆,生态批评,20世纪后期环境危机与人类中心主义反思 · 跨专题连接与转型,跨专题连接与范式转译,cross_membership
瓦解.md,WL-WORK-1215,M4,★,反殖民文学运动,二战后去殖民与民族解放文学 · 跨专题连接与转型,跨专题连接与范式转译,cross_membership
瓦解.md,WL-WORK-1215,M5.2,★,后殖民,二战后帝国解体与表述政治形成 · 跨专题连接与转型,跨专题连接与范式转译,cross_membership
甘蔗.md,WL-WORK-1801,M3.1,★,美国与Harlem Renaissance,美国现代主义与黑人文化复兴 · 跨专题连接与转型,跨专题连接与范式转译,cross_membership
甘蔗.md,WL-WORK-1801,M4,★,哈莱姆文艺复兴,1920年代黑人都市文化复兴 · 跨专题连接与转型,跨专题连接与范式转译,cross_membership
生命与希望之歌.md,WL-WORK-1802,M2,★,拉美 Modernismo,世纪末拉美现代主义前驱 · 反拨、转型与再阐释,批判反拨与范式转型,mechanism_tag
生态批评.md,WL-WORK-3265,M5.2,★,生态批评,20世纪后期环境危机与人类中心主义反思 · 理论化与范式确立,理论阐释与范式建构,mechanism_tag
生日晚会.md,WL-WORK-M51-19d917ba53,M5.1,◆,荒诞,1950—1960年代语言与行动失效 · 扩展、变体与后续发展,专题扩展与变体生成,priority_focus
生活是我的姐妹.md,WL-WORK-1804,M3.1,◆,俄罗斯与东欧现代主义,革命、帝国解体与东欧现代主义 · 组织化与集体扩展,文学动员与共同体建构,mechanism_tag
男性之间.md,WL-WORK-3256,M5.2,◆,酷儿,1980—1990年代后性别/性规范解构 · 扩展、变体与后续发展,专题扩展与变体生成,priority_focus
疯爱.md,WL-WORK-M32-u75af-u7231,M3.2,★,超现实主义,1920年代后无意识、自动书写与革命想象 · 核心形成与典范确立,核心典范与形式确立,priority_core
疯狂的奥兰多.md,WL-WORK-2578,M1,★,文艺复兴,文艺复兴展开与世俗主体形成 · 核心形成与典范确立,核心典范与形式确立,priority_core
疯癫亚当.md,WL-WORK-1220,M5.2,◆,生态文学,环境危机进入文学世界建构与叙事实践 · 扩展、变体与后续发展,专题扩展与变体生成,priority_focus
疲倦的布鲁斯.md,WL-WORK-1806,M3.1,★,美国与Harlem Renaissance,美国现代主义与黑人文化复兴 · 核心形成与典范确立,核心典范与形式确立,priority_core
疲惫的布鲁斯.md,WL-WORK-M4-37d1b0bf,M4,★,哈莱姆文艺复兴,1920年代黑人都市文化复兴 · 理论化与范式确立,理论阐释与范式建构,mechanism_tag
痛苦之都.md,WL-WORK-M32-u75db-u82e6-u4e4b-u90fd,M3.2,★,超现实主义,1920年代后无意识、自动书写与革命想象 · 核心形成与典范确立,核心典范与形式确立,priority_core
痴人之爱.md,WL-WORK-1807,M3.1,★,日本与中国现代主义,东亚现代性与新文学转型 · 传播扩散与跨地域转译,传播扩散与跨地域连接,mechanism_tag
痴儿西木传.md,WL-WORK-2105,M1,★,巴洛克,秩序危机与巴洛克复杂化 · 核心形成与典范确立,核心典范与形式确立,priority_core
瘾君子.md,WL-WORK-M4-02930f49,M4,◆,垮掉的一代,1950年代反文化文学共同体 · 扩展、变体与后续发展,专题扩展与变体生成,priority_focus
白噪音.md,WL-WORK-M51-33a628cd0c,M5.1,★,后现代主义,1960年代后文本权威、媒介与历史叙事危机 · 核心形成与典范确立,核心典范与形式确立,priority_core
白雪公主.md,WL-WORK-M51-6cd69c518c,M5.1,◆,后现代主义,1960年代后文本权威、媒介与历史叙事危机 · 扩展、变体与后续发展,专题扩展与变体生成,priority_focus
白鲸.md,WL-WORK-T3-MOBY-DICK,M2,★,超验主义,19世纪中期美国精神独立与自然观重构 · 跨专题连接与转型,跨专题连接与范式转译,cross_membership
白鲸.md,WL-WORK-T3-MOBY-DICK,M5.2,◆,生态文学,环境危机进入文学世界建构与叙事实践 · 跨专题连接与转型,跨专题连接与范式转译,cross_membership
百头女.md,WL-WORK-M32-u767e-u5934-u5973,M3.2,◆,超现实主义,1920年代后无意识、自动书写与革命想象 · 扩展、变体与后续发展,专题扩展与变体生成,priority_focus
百年孤独.md,WL-WORK-1225,M4,★,拉丁美洲Boom,1960—1970年代跨国出版与全球文学网络 · 传播扩散与跨地域转译,传播扩散与跨地域连接,mechanism_tag
百年孤独.md,WL-WORK-1225,M5.1,★,魔幻现实主义,1940年代后现实层级重组与全球扩展 · 跨专题连接与转型,跨专题连接与范式转译,cross_membership
百科全书.md,WL-WORK-M1-25849766,M1,★,启蒙主义,启蒙公共领域与理性批判成熟 · 传播扩散与跨地域转译,传播扩散与跨地域连接,mechanism_tag
盐的代价.md,WL-WORK-2106,M5.2,★,酷儿,1980—1990年代后性别/性规范解构 · 核心形成与典范确立,核心典范与形式确立,priority_core
盲枭.md,WL-WORK-1812,M3.1,★,南亚、波斯与阿拉伯现代主义,殖民现代性与多语言文学转型 · 核心形成与典范确立,核心典范与形式确立,priority_core
短裤党.md,WL-WORK-M4-fb739dbf,M4,◆,革命文学,革命动员与集体主体形成 · 组织化与集体扩展,文学动员与共同体建构,mechanism_tag
石油！.md,WL-WORK-M4-3f6ddb21,M4,◆,无产阶级文学,工业资本主义后阶级文学组织化 · 扩展、变体与后续发展,专题扩展与变体生成,priority_focus
矿井.md,WL-WORK-M4-4f9272b9,M4,◆,无产阶级文学,工业资本主义后阶级文学组织化 · 扩展、变体与后续发展,专题扩展与变体生成,priority_focus
磁场.md,WL-WORK-M32-u78c1-u573a,M3.2,★,超现实主义,1920年代后无意识、自动书写与革命想象 · 核心形成与典范确立,核心典范与形式确立,priority_core
社会契约论.md,WL-WORK-M1-82629482,M1,★,启蒙主义,启蒙公共领域与理性批判成熟 · 核心形成与典范确立,核心典范与形式确立,priority_core
神圣十四行诗.md,WL-WORK-M1-72346801,M1,★,巴洛克,秩序危机与巴洛克复杂化 · 核心形成与典范确立,核心典范与形式确立,priority_core
神的木片.md,WL-WORK-1816,M4,★,反殖民文学运动,二战后去殖民与民族解放文学 · 组织化与集体扩展,文学动员与共同体建构,mechanism_tag
神箭.md,WL-WORK-1817,M4,★,反殖民文学运动,二战后去殖民与民族解放文学 · 跨专题连接与转型,跨专题连接与范式转译,cross_membership
神箭.md,WL-WORK-1817,M5.2,◆,后殖民,二战后帝国解体与表述政治形成 · 跨专题连接与转型,跨专题连接与范式转译,cross_membership
禁闭.md,WL-WORK-1818,M5.1,★,存在主义,1940—1950年代主体、自由与责任危机 · 核心形成与典范确立,核心典范与形式确立,priority_core
福尔图娜塔和哈辛塔.md,WL-WORK-M2-F5E4543D5D1C,M2,◆,现实主义,19世纪中期现实主义成熟 · 扩展、变体与后续发展,专题扩展与变体生成,priority_focus
秃头歌女.md,WL-WORK-1820,M5.1,★,荒诞,1950—1960年代语言与行动失效 · 核心形成与典范确立,核心典范与形式确立,priority_core
穷人的基督.md,WL-WORK-M4-fa1182a9,M4,★,反殖民文学运动,二战后去殖民与民族解放文学 · 核心形成与典范确立,核心典范与形式确立,priority_core
窥视者.md,WL-WORK-M51-5c01fd3d83,M5.1,◆,法国新小说,1950—1970年代再现与人物危机 · 扩展、变体与后续发展,专题扩展与变体生成,priority_focus
章鱼.md,WL-WORK-M2-A53123CA7A84,M2,◆,自然主义,19世纪后期科学化与社会决定论 · 扩展、变体与后续发展,专题扩展与变体生成,priority_focus
笑的咒语.md,WL-WORK-M32-u7b11-u7684-u5492-u8bed,M3.2,◆,俄国未来主义,1910年代革命前后的语言与形式激进化 · 扩展、变体与后续发展,专题扩展与变体生成,priority_focus
第一梦（索尔·胡安娜）.md,WL-WORK-T2-PRIMERO-SUENO,M1,★,巴洛克,秩序危机与巴洛克复杂化 · 核心形成与典范确立,核心典范与形式确立,priority_core
第二性.md,WL-WORK-3242,M5.2,★,女性主义,20世纪女性解放运动与文学批评制度化 · 核心形成与典范确立,核心典范与形式确立,priority_core
第五号屠宰场.md,WL-WORK-M51-88303479fc,M5.1,★,后现代主义,1960年代后文本权威、媒介与历史叙事危机 · 核心形成与典范确立,核心典范与形式确立,priority_core
第五季.md,WL-WORK-0481,M5.2,★,生态文学,环境危机进入文学世界建构与叙事实践 · 核心形成与典范确立,核心典范与形式确立,priority_core
等待戈多.md,WL-WORK-1825,M5.1,★,荒诞,1950—1960年代语言与行动失效 · 核心形成与典范确立,核心典范与形式确立,priority_core
答索尔·菲洛泰亚修女.md,WL-WORK-M1-83519191,M1,★,巴洛克,秩序危机与巴洛克复杂化 · 核心形成与典范确立,核心典范与形式确立,priority_core
米德尔马契.md,WL-WORK-1244,M2,★,现实主义,19世纪中期现实主义成熟 · 传播扩散与跨地域转译,传播扩散与跨地域连接,mechanism_tag
紫色.md,WL-WORK-3250,M5.2,★,女性主义,20世纪女性解放运动与文学批评制度化 · 核心形成与典范确立,核心典范与形式确立,priority_core
红与黑.md,WL-WORK-1250,M2,★,现实主义,19世纪中期现实主义成熟 · 核心形成与典范确立,核心典范与形式确立,priority_core
红字.md,WL-WORK-1251,M2,◆,超验主义,19世纪中期美国精神独立与自然观重构 · 扩展、变体与后续发展,专题扩展与变体生成,priority_focus
红岩.md,WL-WORK-M4-476e5494,M4,◆,社会主义现实主义,革命后制度化文学与国家文化政策 · 组织化与集体扩展,文学动员与共同体建构,mechanism_tag
红高粱家族.md,WL-WORK-1255,M5.1,★,魔幻现实主义,1940年代后现实层级重组与全球扩展 · 核心形成与典范确立,核心典范与形式确立,priority_core
纽约2140.md,WL-WORK-0429,M5.2,◆,生态文学,环境危机进入文学世界建构与叙事实践 · 扩展、变体与后续发展,专题扩展与变体生成,priority_focus
纽约三部曲.md,WL-WORK-M51-d7d1a6e0b0,M5.1,★,后现代主义,1960年代后文本权威、媒介与历史叙事危机 · 反拨、转型与再阐释,批判反拨与范式转型,mechanism_tag
纽约诗人.md,WL-WORK-1829,M3.1,★,伊比利亚与意大利现代主义,南欧现代主义与先锋互动 · 传播扩散与跨地域转译,传播扩散与跨地域连接,mechanism_tag
织工.md,WL-WORK-0801,M2,★,自然主义,19世纪后期科学化与社会决定论 · 核心形成与典范确立,核心典范与形式确立,priority_core
终局.md,WL-WORK-M51-4702c8fb5b,M5.1,★,荒诞,1950—1960年代语言与行动失效 · 核心形成与典范确立,核心典范与形式确立,priority_core
给公众趣味一记耳光.md,WL-WORK-M32-u7ed9-u516c-u4f17-u8da3-u5473-u4e00-u8bb0-u8033-u5149,M3.2,★,俄国未来主义,1910年代革命前后的语言与形式激进化 · 理论化与范式确立,理论阐释与范式建构,mechanism_tag
维吉尔之死.md,WL-WORK-1832,M3.1,◆,德语—奥地利—中欧现代主义,中欧帝国危机与现代主义形成 · 扩展、变体与后续发展,专题扩展与变体生成,priority_focus
维纳斯先生.md,WL-WORK-M2-F68585117B0F,M2,◆,颓废主义,世纪末颓废意识与文化危机 · 扩展、变体与后续发展,专题扩展与变体生成,priority_focus
绿房子.md,WL-WORK-1833,M4,◆,拉丁美洲Boom,1960—1970年代跨国出版与全球文学网络 · 扩展、变体与后续发展,专题扩展与变体生成,priority_focus
罗森格兰兹与吉尔登斯吞死了.md,WL-WORK-M51-797919bb65,M5.1,★,荒诞,1950—1960年代语言与行动失效 · 核心形成与典范确立,核心典范与形式确立,priority_core
罪与罚.md,WL-WORK-2839,M2,★,现实主义,19世纪中期现实主义成熟 · 核心形成与典范确立,核心典范与形式确立,priority_core
羊泉村.md,WL-WORK-R4-羊泉村,M1,◆,文艺复兴,文艺复兴展开与世俗主体形成 · 组织化与集体扩展,文学动员与共同体建构,mechanism_tag
美国通用棒球协会.md,WL-WORK-M51-e08ec5b6ba,M5.1,◆,后现代主义,1960年代后文本权威、媒介与历史叙事危机 · 扩展、变体与后续发展,专题扩展与变体生成,priority_focus
羚羊与秧鸡.md,WL-WORK-0364,M5.2,★,生态文学,环境危机进入文学世界建构与叙事实践 · 核心形成与典范确立,核心典范与形式确立,priority_core
羞耻.md,WL-WORK-M51-94134b29b7,M5.1,◆,魔幻现实主义,1940年代后现实层级重组与全球扩展 · 扩展、变体与后续发展,专题扩展与变体生成,priority_focus
群众与人.md,WL-WORK-M32-u7fa4-u4f17-u4e0e-u4eba,M3.2,★,德语表现主义,一战前后都市、战争与主体危机 · 组织化与集体扩展,文学动员与共同体建构,mechanism_tag
老实人.md,WL-WORK-2122,M1,★,启蒙主义,启蒙公共领域与理性批判成熟 · 反拨、转型与再阐释,批判反拨与范式转型,mechanism_tag
肮脏的手.md,WL-WORK-M51-04d22152ad,M5.1,◆,存在主义,1940—1950年代主体、自由与责任危机 · 扩展、变体与后续发展,专题扩展与变体生成,priority_focus
胡里痕的凯瑟琳.md,WL-WORK-M4-d1f7cc26,M4,◆,民族主义文学,19世纪民族建构与语言文化共同体形成 · 组织化与集体扩展,文学动员与共同体建构,mechanism_tag
脊椎笛.md,WL-WORK-M32-u810a-u690e-u7b1b,M3.2,◆,俄国未来主义,1910年代革命前后的语言与形式激进化 · 扩展、变体与后续发展,专题扩展与变体生成,priority_focus
自然.md,WL-WORK-M2-D63F619942B9,M2,★,超验主义,19世纪中期美国精神独立与自然观重构 · 核心形成与典范确立,核心典范与形式确立,priority_core
自由之路.md,WL-WORK-M51-22f7f3a179,M5.1,◆,存在主义,1940—1950年代主体、自由与责任危机 · 扩展、变体与后续发展,专题扩展与变体生成,priority_focus
自由或爱情.md,WL-WORK-M32-u81ea-u7531-u6216-u7231-u60c5,M3.2,★,超现实主义,1920年代后无意识、自动书写与革命想象 · 核心形成与典范确立,核心典范与形式确立,priority_core
臭虫.md,WL-WORK-M32-u81ed-u866b,M3.2,★,构成主义、LEF与事实文学,革命后苏俄艺术生产与事实文学 · 组织化与集体扩展,文学动员与共同体建构,mechanism_tag
致安娜·布鲁姆.md,WL-WORK-M32-u81f4-u5b89-u5a1c-xb7-u5e03-u9c81-u59c6,M3.2,★,达达主义,一战时期反艺术与制度否定 · 核心形成与典范确立,核心典范与形式确立,priority_core
艺术的非人化.md,WL-WORK-1840,M3.1,◆,伊比利亚与意大利现代主义,南欧现代主义与先锋互动 · 扩展、变体与后续发展,专题扩展与变体生成,priority_focus
艾凡赫.md,WL-WORK-0818,M2,★,浪漫主义,革命后浪漫主义形成与扩张 · 组织化与集体扩展,文学动员与共同体建构,mechanism_tag
芒博琼博.md,WL-WORK-M51-4ed979b46f,M5.1,◆,后现代主义,1960年代后文本权威、媒介与历史叙事危机 · 扩展、变体与后续发展,专题扩展与变体生成,priority_focus
芬尼根的守灵夜.md,WL-WORK-1841,M3.1,◆,英国—爱尔兰现代主义,英爱高峰现代主义与形式革新 · 传播扩散与跨地域转译,传播扩散与跨地域连接,mechanism_tag
花园茶会.md,WL-WORK-1842,M3.1,★,英国—爱尔兰现代主义,英爱高峰现代主义与形式革新 · 核心形成与典范确立,核心典范与形式确立,priority_core
苔丝.md,WL-WORK-M2-BC0CFCDA33D7,M2,★,自然主义,19世纪后期科学化与社会决定论 · 核心形成与典范确立,核心典范与形式确立,priority_core
苦力.md,WL-WORK-1843,M3.1,★,南亚、波斯与阿拉伯现代主义,殖民现代性与多语言文学转型 · 核心形成与典范确立,核心典范与形式确立,priority_core
茫茫黑夜漫游.md,WL-WORK-1844,M3.1,★,法国现代主义,法国都市现代性与文学实验 · 传播扩散与跨地域转译,传播扩散与跨地域连接,mechanism_tag
草叶集.md,WL-WORK-3167,M2,★,超验主义,19世纪中期美国精神独立与自然观重构 · 核心形成与典范确立,核心典范与形式确立,priority_core
荒凉山庄.md,WL-WORK-2835,M2,★,现实主义,19世纪中期现实主义成熟 · 核心形成与典范确立,核心典范与形式确立,priority_core
荒原.md,WL-WORK-1845,M3.1,★,英国—爱尔兰现代主义,英爱高峰现代主义与形式革新 · 核心形成与典范确立,核心典范与形式确立,priority_core
莎乐美.md,WL-WORK-M2-C96C61511958,M2,★,颓废主义,世纪末颓废意识与文化危机 · 核心形成与典范确立,核心典范与形式确立,priority_core
莎士比亚十四行诗.md,WL-WORK-2126,M1,◆,文艺复兴,文艺复兴展开与世俗主体形成 · 扩展、变体与后续发展,专题扩展与变体生成,priority_focus
莫雷尔的发明.md,WL-WORK-0469,M5.1,◆,魔幻现实主义,1940年代后现实层级重组与全球扩展 · 扩展、变体与后续发展,专题扩展与变体生成,priority_focus
萌芽.md,WL-WORK-1279,M2,★,自然主义,19世纪后期科学化与社会决定论 · 核心形成与典范确立,核心典范与形式确立,priority_core
蓝.md,WL-WORK-1854,M2,★,拉美 Modernismo,世纪末拉美现代主义前驱 · 传播扩散与跨地域转译,传播扩散与跨地域连接,mechanism_tag
蓼喰虫.md,WL-WORK-1855,M3.1,◆,日本与中国现代主义,东亚现代性与新文学转型 · 传播扩散与跨地域转译,传播扩散与跨地域连接,mechanism_tag
虚构集.md,WL-WORK-0470,M3.1,★,拉丁美洲先锋与巴西Modernismo,拉美先锋与本土现代主义形成 · 跨专题连接与转型,跨专题连接与范式转译,cross_membership
虚构集.md,WL-WORK-0470,M5.1,★,后现代主义,1960年代后文本权威、媒介与历史叙事危机 · 跨专题连接与转型,跨专题连接与范式转译,cross_membership
虹.md,WL-WORK-1283,M3.1,◆,英国—爱尔兰现代主义,英爱高峰现代主义与形式革新 · 传播扩散与跨地域转译,传播扩散与跨地域连接,mechanism_tag
螺丝在拧紧.md,WL-WORK-0833,M3.1,◆,19世纪前史,世纪末现代主义前史与形式酝酿 · 传播扩散与跨地域转译,传播扩散与跨地域连接,mechanism_tag
螺旋桨.md,WL-WORK-M32-u87ba-u65cb-u6868,M3.2,★,伊比利亚与拉美先锋派,1920—1930年代跨大西洋先锋扩散 · 核心形成与典范确立,核心典范与形式确立,priority_core
蟹工船.md,WL-WORK-M4-77a665b0,M4,★,无产阶级文学,工业资本主义后阶级文学组织化 · 组织化与集体扩展,文学动员与共同体建构,mechanism_tag
血婚.md,WL-WORK-1860,M3.1,★,伊比利亚与意大利现代主义,南欧现代主义与先锋互动 · 核心形成与典范确立,核心典范与形式确立,priority_core
血色花瓣.md,WL-WORK-1861,M4,◆,反殖民文学运动,二战后去殖民与民族解放文学 · 扩展、变体与后续发展,专题扩展与变体生成,priority_focus
被剥夺的人们.md,WL-WORK-M4-37bc5bf8,M4,◆,无产阶级文学,工业资本主义后阶级文学组织化 · 组织化与集体扩展,文学动员与共同体建构,mechanism_tag
被压迫者教育学.md,WL-WORK-3240,M5.2,★,去殖民,20世纪后期殖民性与知识体系批判 · 核心形成与典范确立,核心典范与形式确立,priority_core
被子.md,WL-WORK-1862,M3.1,★,南亚、波斯与阿拉伯现代主义,殖民现代性与多语言文学转型 · 核心形成与典范确立,核心典范与形式确立,priority_core
被开垦的处女地.md,WL-WORK-M4-67af3fd1,M4,★,社会主义现实主义,革命后制度化文学与国家文化政策 · 组织化与集体扩展,文学动员与共同体建构,mechanism_tag
被解放的耶路撒冷.md,WL-WORK-M1-20522661,M1,◆,文艺复兴,文艺复兴展开与世俗主体形成 · 扩展、变体与后续发展,专题扩展与变体生成,priority_focus
裤中云.md,WL-WORK-M32-u88e4-u4e2d-u4e91,M3.2,★,俄国未来主义,1910年代革命前后的语言与形式激进化 · 组织化与集体扩展,文学动员与共同体建构,mechanism_tag
裸体午餐.md,WL-WORK-1864,M4,★,垮掉的一代,1950年代反文化文学共同体 · 核心形成与典范确立,核心典范与形式确立,priority_core
西伯利亚大铁路和小让娜的法兰西散文诗.md,WL-WORK-1866,M3.1,★,法国现代主义,法国都市现代性与文学实验 · 核心形成与典范确立,核心典范与形式确立,priority_core
西方现代性的黑暗面.md,WL-WORK-3235,M5.2,★,去殖民,20世纪后期殖民性与知识体系批判 · 核心形成与典范确立,核心典范与形式确立,priority_core
西西弗神话.md,WL-WORK-M51-80c9326ae6,M5.1,★,存在主义,1940—1950年代主体、自由与责任危机 · 核心形成与典范确立,核心典范与形式确立,priority_core
西里西亚天使.md,WL-WORK-M1-13231696,M1,◆,巴洛克,秩序危机与巴洛克复杂化 · 扩展、变体与后续发展,专题扩展与变体生成,priority_focus
解放了的普罗米修斯.md,WL-WORK-M2-863500B70957,M2,◆,浪漫主义,革命后浪漫主义形成与扩张 · 组织化与集体扩展,文学动员与共同体建构,mechanism_tag
论人的尊严.md,WL-WORK-M1-64340312,M1,★,人文主义,古典复兴与人文主义奠基 · 核心形成与典范确立,核心典范与形式确立,priority_core
论公民的不服从.md,WL-WORK-M2-704A2B38283C,M2,★,超验主义,19世纪中期美国精神独立与自然观重构 · 核心形成与典范确立,核心典范与形式确立,priority_core
论学问的进步.md,WL-WORK-M1-98483965,M1,◆,人文主义,古典复兴与人文主义奠基 · 扩展、变体与后续发展,专题扩展与变体生成,priority_focus
论科学与艺术.md,WL-WORK-M1-86850080,M1,◆,启蒙主义,启蒙公共领域与理性批判成熟 · 反拨、转型与再阐释,批判反拨与范式转型,mechanism_tag
论自助.md,WL-WORK-M2-447AE02E286F,M2,★,超验主义,19世纪中期美国精神独立与自然观重构 · 核心形成与典范确立,核心典范与形式确立,priority_core
词本身宣言.md,WL-WORK-M32-u8bcd-u672c-u8eab-u5ba3-u8a00,M3.2,★,俄国未来主义,1910年代革命前后的语言与形式激进化 · 理论化与范式确立,理论阐释与范式建构,mechanism_tag
诗与歌谣.md,WL-WORK-M2-9920C8DE9A4D,M2,◆,唯美主义,世纪末审美自主与艺术至上 · 扩展、变体与后续发展,专题扩展与变体生成,priority_focus
诗章.md,WL-WORK-1871,M3.1,◆,英国—爱尔兰现代主义,英爱高峰现代主义与形式革新 · 传播扩散与跨地域转译,传播扩散与跨地域连接,mechanism_tag
诗艺.md,WL-WORK-M1-30389564,M1,★,古典主义,规则、宫廷与公共规范化 · 核心形成与典范确立,核心典范与形式确立,priority_core
谢里.md,WL-WORK-1873,M3.1,◆,法国现代主义,法国都市现代性与文学实验 · 扩展、变体与后续发展,专题扩展与变体生成,priority_focus
贪得无厌.md,WL-WORK-1874,M3.1,◆,俄罗斯与东欧现代主义,革命、帝国解体与东欧现代主义 · 扩展、变体与后续发展,专题扩展与变体生成,priority_focus
贴花.md,WL-WORK-M32-u8d34-u82b1,M3.2,◆,伊比利亚与拉美先锋派,1920—1930年代跨大西洋先锋扩散 · 理论化与范式确立,理论阐释与范式建构,mechanism_tag
费加罗的婚礼.md,WL-WORK-M1-65186280,M1,★,启蒙主义,启蒙公共领域与理性批判成熟 · 组织化与集体扩展,文学动员与共同体建构,mechanism_tag
费尔迪杜凯.md,WL-WORK-1876,M3.1,★,俄罗斯与东欧现代主义,革命、帝国解体与东欧现代主义 · 组织化与集体扩展,文学动员与共同体建构,mechanism_tag
费德尔.md,WL-WORK-2832,M1,★,古典主义,规则、宫廷与公共规范化 · 核心形成与典范确立,核心典范与形式确立,priority_core
贺拉斯.md,WL-WORK-M1-13735026,M1,◆,古典主义,规则、宫廷与公共规范化 · 扩展、变体与后续发展,专题扩展与变体生成,priority_focus
赞格齐.md,WL-WORK-M32-u8d5e-u683c-u9f50,M3.2,★,俄国未来主义,1910年代革命前后的语言与形式激进化 · 核心形成与典范确立,核心典范与形式确立,priority_core
超现实主义宣言.md,WL-WORK-M32-u8d85-u73b0-u5b9e-u4e3b-u4e49-u5ba3-u8a00,M3.2,★,超现实主义,1920年代后无意识、自动书写与革命想象 · 理论化与范式确立,理论阐释与范式建构,mechanism_tag
超现实主义第二宣言.md,WL-WORK-M32-u8d85-u73b0-u5b9e-u4e3b-u4e49-u7b2c-u4e8c-u5ba3-u8a00,M3.2,◆,超现实主义,1920年代后无意识、自动书写与革命想象 · 组织化与集体扩展,文学动员与共同体建构,mechanism_tag
越界.md,WL-WORK-M4-f3374fa3,M4,★,哈莱姆文艺复兴,1920年代黑人都市文化复兴 · 核心形成与典范确立,核心典范与形式确立,priority_core
路.md,WL-WORK-0435,M5.2,★,生态文学,环境危机进入文学世界建构与叙事实践 · 核心形成与典范确立,核心典范与形式确立,priority_core
跳房子.md,WL-WORK-1877,M4,★,拉丁美洲Boom,1960—1970年代跨国出版与全球文学网络 · 传播扩散与跨地域转译,传播扩散与跨地域连接,mechanism_tag
跳房子.md,WL-WORK-1877,M5.1,★,后现代主义,1960年代后文本权威、媒介与历史叙事危机 · 跨专题连接与转型,跨专题连接与范式转译,cross_membership
身体之重.md,WL-WORK-3254,M5.2,◆,酷儿,1980—1990年代后性别/性规范解构 · 扩展、变体与后续发展,专题扩展与变体生成,priority_focus
转变.md,WL-WORK-M32-u8f6c-u53d8,M3.2,◆,德语表现主义,一战前后都市、战争与主体危机 · 组织化与集体扩展,文学动员与共同体建构,mechanism_tag
达摩流浪者.md,WL-WORK-M4-6399ac2a,M4,★,垮掉的一代,1950年代反文化文学共同体 · 核心形成与典范确立,核心典范与形式确立,priority_core
达洛维夫人.md,WL-WORK-1878,M3.1,★,英国—爱尔兰现代主义,英爱高峰现代主义与形式革新 · 核心形成与典范确立,核心典范与形式确立,priority_core
达达七篇宣言与杂灯.md,WL-WORK-M32-u8fbe-u8fbe-u4e03-u7bc7-u5ba3-u8a00-u4e0e-u6742-u706f,M3.2,★,达达主义,一战时期反艺术与制度否定 · 反拨、转型与再阐释,批判反拨与范式转型,mechanism_tag
达达宣言 1918.md,WL-WORK-M32-u8fbe-u8fbe-u5ba3-u8a00-1918,M3.2,★,达达主义,一战时期反艺术与制度否定 · 理论化与范式确立,理论阐释与范式建构,mechanism_tag
达达年鉴.md,WL-WORK-M32-u8fbe-u8fbe-u5e74-u9274,M3.2,★,达达主义,一战时期反艺术与制度否定 · 理论化与范式确立,理论阐释与范式建构,mechanism_tag
返乡笔记.md,WL-WORK-M32-u8fd4-u4e61-u7b14-u8bb0,M3.2,★,超现实主义,1920年代后无意识、自动书写与革命想象 · 反拨、转型与再阐释,批判反拨与范式转型,mechanism_tag
返乡笔记.md,WL-WORK-M32-u8fd4-u4e61-u7b14-u8bb0,M4,★,Négritude,1930—1950年代法语黑人国际主义与文化解放 · 跨专题连接与转型,跨专题连接与范式转译,cross_membership
远大前程.md,WL-WORK-1300,M2,★,现实主义,19世纪中期现实主义成熟 · 核心形成与典范确立,核心典范与形式确立,priority_core
远征.md,WL-WORK-1880,M3.1,◆,法国现代主义,法国都市现代性与文学实验 · 扩展、变体与后续发展,专题扩展与变体生成,priority_focus
迷失在游乐园.md,WL-WORK-M51-edd5739689,M5.1,★,后现代主义,1960年代后文本权威、媒介与历史叙事危机 · 核心形成与典范确立,核心典范与形式确立,priority_core
迷惘.md,WL-WORK-1882,M3.1,◆,德语—奥地利—中欧现代主义,中欧帝国危机与现代主义形成 · 扩展、变体与后续发展,专题扩展与变体生成,priority_focus
送菜升降机.md,WL-WORK-M51-3b5325b63a,M5.1,◆,荒诞,1950—1960年代语言与行动失效 · 扩展、变体与后续发展,专题扩展与变体生成,priority_focus
逆流.md,WL-WORK-1883,M2,★,颓废主义,世纪末颓废意识与文化危机 · 跨专题连接与转型,跨专题连接与范式转译,cross_membership
逆流.md,WL-WORK-1883,M3.1,◆,19世纪前史,世纪末现代主义前史与形式酝酿 · 跨专题连接与转型,跨专题连接与范式转译,cross_membership
逸乐.md,WL-WORK-M2-AEC6B8C0BADF,M2,★,颓废主义,世纪末颓废意识与文化危机 · 核心形成与典范确立,核心典范与形式确立,priority_core
道林·格雷的画像.md,WL-WORK-0852,M2,★,唯美主义,世纪末审美自主与艺术至上 · 核心形成与典范确立,核心典范与形式确立,priority_core
都市风景线.md,WL-WORK-1885,M3.1,◆,日本与中国现代主义,东亚现代性与新文学转型 · 扩展、变体与后续发展,专题扩展与变体生成,priority_focus
都柏林人.md,WL-WORK-1886,M3.1,★,英国—爱尔兰现代主义,英爱高峰现代主义与形式革新 · 核心形成与典范确立,核心典范与形式确立,priority_core
酒吧长谈.md,WL-WORK-1887,M4,★,拉丁美洲Boom,1960—1970年代跨国出版与全球文学网络 · 核心形成与典范确立,核心典范与形式确立,priority_core
酷儿.md,WL-WORK-M4-2f6fbd03,M4,◆,垮掉的一代,1950年代反文化文学共同体 · 跨专题连接与转型,跨专题连接与范式转译,cross_membership
酷儿.md,WL-WORK-M4-2f6fbd03,M5.2,◆,酷儿,1980—1990年代后性别/性规范解构 · 跨专题连接与转型,跨专题连接与范式转译,cross_membership
酷儿理论导论.md,WL-WORK-3257,M5.2,◆,酷儿,1980—1990年代后性别/性规范解构 · 扩展、变体与后续发展,专题扩展与变体生成,priority_focus
醇酒集.md,WL-WORK-1888,M3.1,★,法国现代主义,法国都市现代性与文学实验 · 传播扩散与跨地域转译,传播扩散与跨地域连接,mechanism_tag
重现的时光.md,WL-WORK-1889,M3.1,★,法国现代主义,法国都市现代性与文学实验 · 核心形成与典范确立,核心典范与形式确立,priority_core
野草.md,WL-WORK-1890,M3.1,★,日本与中国现代主义,东亚现代性与新文学转型 · 核心形成与典范确立,核心典范与形式确立,priority_core
金山.md,WL-WORK-M2-02EDC379E702,M2,◆,拉美 Modernismo,世纪末拉美现代主义前驱 · 扩展、变体与后续发展,专题扩展与变体生成,priority_focus
金锁记.md,WL-WORK-1893,M3.1,★,日本与中国现代主义,东亚现代性与新文学转型 · 核心形成与典范确立,核心典范与形式确立,priority_core
钢铁是怎样炼成的.md,WL-WORK-1312,M4,★,社会主义现实主义,革命后制度化文学与国家文化政策 · 组织化与集体扩展,文学动员与共同体建构,mechanism_tag
钱多斯勋爵的信.md,WL-WORK-1895,M3.1,★,德语—奥地利—中欧现代主义,中欧帝国危机与现代主义形成 · 核心形成与典范确立,核心典范与形式确立,priority_core
铁皮鼓.md,WL-WORK-2143,M5.1,★,魔幻现实主义,1940年代后现实层级重组与全球扩展 · 核心形成与典范确立,核心典范与形式确立,priority_core
阴影之歌.md,WL-WORK-M4-69d079e4,M4,★,Négritude,1930—1950年代法语黑人国际主义与文化解放 · 组织化与集体扩展,文学动员与共同体建构,mechanism_tag
阿克塞尔.md,WL-WORK-M2-8E745F2BC670,M2,◆,象征主义,世纪末象征主义与现代主义前夜 · 扩展、变体与后续发展,专题扩展与变体生成,priority_focus
阿尔塔索尔.md,WL-WORK-1900,M3.1,★,拉丁美洲先锋与巴西Modernismo,拉美先锋与本土现代主义形成 · 跨专题连接与转型,跨专题连接与范式转译,cross_membership
阿尔塔索尔.md,WL-WORK-1900,M3.2,★,伊比利亚与拉美先锋派,1920—1930年代跨大西洋先锋扩散 · 跨专题连接与转型,跨专题连接与范式转译,cross_membership
阿尔戈号.md,WL-WORK-3260,M5.2,★,酷儿,1980—1990年代后性别/性规范解构 · 核心形成与典范确立,核心典范与形式确立,priority_core
阿尔特米奥·克罗斯之死.md,WL-WORK-1318,M4,★,拉丁美洲Boom,1960—1970年代跨国出版与全球文学网络 · 组织化与集体扩展,文学动员与共同体建构,mechanism_tag
阿斯特洛菲尔与斯黛拉.md,WL-WORK-M1-90232500,M1,◆,文艺复兴,文艺复兴展开与世俗主体形成 · 反拨、转型与再阐释,批判反拨与范式转型,mechanism_tag
阿莱夫.md,WL-WORK-1902,M5.1,★,后现代主义,1960年代后文本权威、媒介与历史叙事危机 · 核心形成与典范确立,核心典范与形式确立,priority_core
阿里埃尔.md,WL-WORK-1903,M2,★,拉美 Modernismo,世纪末拉美现代主义前驱 · 反拨、转型与再阐释,批判反拨与范式转型,mechanism_tag
阿难陀寺.md,WL-WORK-R3-37264822,M4,★,民族主义文学,19世纪民族建构与语言文化共同体形成 · 组织化与集体扩展,文学动员与共同体建构,mechanism_tag
随笔集.md,WL-WORK-M1-71878183,M1,★,人文主义,古典复兴与人文主义奠基 · 核心形成与典范确立,核心典范与形式确立,priority_core
雅各布·冯·贡腾.md,WL-WORK-1905,M3.1,◆,德语—奥地利—中欧现代主义,中欧帝国危机与现代主义形成 · 扩展、变体与后续发展,专题扩展与变体生成,priority_focus
雪.md,WL-WORK-M2-7D742A7F9F36,M2,◆,拉美 Modernismo,世纪末拉美现代主义前驱 · 扩展、变体与后续发展,专题扩展与变体生成,priority_focus
雪国.md,WL-WORK-1906,M3.1,★,日本与中国现代主义,东亚现代性与新文学转型 · 传播扩散与跨地域转译,传播扩散与跨地域连接,mechanism_tag
雾.md,WL-WORK-1907,M3.1,★,伊比利亚与意大利现代主义,南欧现代主义与先锋互动 · 核心形成与典范确立,核心典范与形式确立,priority_core
青年近卫军.md,WL-WORK-M4-36ab0835,M4,★,社会主义现实主义,革命后制度化文学与国家文化政策 · 组织化与集体扩展,文学动员与共同体建构,mechanism_tag
非仆从.md,WL-WORK-M32-u975e-u4ec6-u4ece,M3.2,★,伊比利亚与拉美先锋派,1920—1930年代跨大西洋先锋扩散 · 理论化与范式确立,理论阐释与范式建构,mechanism_tag
靠近野心的心.md,WL-WORK-1909,M3.1,★,拉丁美洲先锋与巴西Modernismo,拉美先锋与本土现代主义形成 · 核心形成与典范确立,核心典范与形式确立,priority_core
项狄传.md,WL-WORK-2833,M1,★,启蒙主义,启蒙公共领域与理性批判成熟 · 核心形成与典范确立,核心典范与形式确立,priority_core
颜料.md,WL-WORK-M4-a9aed1a2,M4,★,Négritude,1930—1950年代法语黑人国际主义与文化解放 · 核心形成与典范确立,核心典范与形式确立,priority_core
飞行行为.md,WL-WORK-3273,M5.2,★,生态文学,环境危机进入文学世界建构与叙事实践 · 核心形成与典范确立,核心典范与形式确立,priority_core
食人主义宣言.md,WL-WORK-M32-u98df-u4eba-u4e3b-u4e49-u5ba3-u8a00,M3.2,★,伊比利亚与拉美先锋派,1920—1930年代跨大西洋先锋扩散 · 理论化与范式确立,理论阐释与范式建构,mechanism_tag
食人宣言.md,WL-WORK-1911,M3.1,★,拉丁美洲先锋与巴西Modernismo,拉美先锋与本土现代主义形成 · 理论化与范式确立,理论阐释与范式建构,mechanism_tag
饥饿.md,WL-WORK-1913,M3.1,★,19世纪前史,世纪末现代主义前史与形式酝酿 · 核心形成与典范确立,核心典范与形式确立,priority_core
饥饿之路.md,WL-WORK-M51-a29f063657,M5.1,★,魔幻现实主义,1940年代后现实层级重组与全球扩展 · 核心形成与典范确立,核心典范与形式确立,priority_core
马亚一家.md,WL-WORK-3169,M2,◆,现实主义,19世纪中期现实主义成熟 · 反拨、转型与再阐释,批判反拨与范式转型,mechanism_tag
马尔特手记.md,WL-WORK-1917,M3.1,★,德语—奥地利—中欧现代主义,中欧帝国危机与现代主义形成 · 传播扩散与跨地域转译,传播扩散与跨地域连接,mechanism_tag
马库纳伊玛.md,WL-WORK-1919,M3.1,★,拉丁美洲先锋与巴西Modernismo,拉美先锋与本土现代主义形成 · 组织化与集体扩展,文学动员与共同体建构,mechanism_tag
马戏团之夜.md,WL-WORK-M51-d4086a919b,M5.1,◆,魔幻现实主义,1940年代后现实层级重组与全球扩展 · 扩展、变体与后续发展,专题扩展与变体生成,priority_focus
马特罗.md,WL-WORK-M51-45e3b5d025,M5.1,◆,法国新小说,1950—1970年代再现与人物危机 · 扩展、变体与后续发展,专题扩展与变体生成,priority_focus
骰子一掷永远取消不了偶然.md,WL-WORK-1921,M2,★,象征主义,世纪末象征主义与现代主义前夜 · 跨专题连接与转型,跨专题连接与范式转译,cross_membership
骰子一掷永远取消不了偶然.md,WL-WORK-1921,M3.1,★,19世纪前史,世纪末现代主义前史与形式酝酿 · 跨专题连接与转型,跨专题连接与范式转译,cross_membership
高中生的血与勇气.md,WL-WORK-M51-c014cfa734,M5.1,◆,后现代主义,1960年代后文本权威、媒介与历史叙事危机 · 扩展、变体与后续发展,专题扩展与变体生成,priority_focus
高老头.md,WL-WORK-1333,M2,★,现实主义,19世纪中期现实主义成熟 · 核心形成与典范确立,核心典范与形式确立,priority_core
魔山.md,WL-WORK-1334,M3.1,★,德语—奥地利—中欧现代主义,中欧帝国危机与现代主义形成 · 核心形成与典范确立,核心典范与形式确立,priority_core
鱼目集.md,WL-WORK-1922,M3.1,◆,日本与中国现代主义,东亚现代性与新文学转型 · 扩展、变体与后续发展,专题扩展与变体生成,priority_focus
鲁滨逊漂流记.md,WL-WORK-0889,M1,★,启蒙主义,启蒙公共领域与理性批判成熟 · 核心形成与典范确立,核心典范与形式确立,priority_core
鳄鱼街.md,WL-WORK-1924,M3.1,★,俄罗斯与东欧现代主义,革命、帝国解体与东欧现代主义 · 核心形成与典范确立,核心典范与形式确立,priority_core
麦克梯格.md,WL-WORK-M2-1F595071EBD7,M2,◆,自然主义,19世纪后期科学化与社会决定论 · 扩展、变体与后续发展,专题扩展与变体生成,priority_focus
麦琪姑娘.md,WL-WORK-M2-CDA212861CD7,M2,★,自然主义,19世纪后期科学化与社会决定论 · 核心形成与典范确立,核心典范与形式确立,priority_core
黄色墙纸.md,WL-WORK-0894,M5.2,★,女性主义,20世纪女性解放运动与文学批评制度化 · 核心形成与典范确立,核心典范与形式确立,priority_core
黑人女性主义思想.md,WL-WORK-3247,M5.2,◆,女性主义,20世纪女性解放运动与文学批评制度化 · 扩展、变体与后续发展,专题扩展与变体生成,priority_focus
黑暗生态学.md,WL-WORK-3267,M5.2,◆,生态批评,20世纪后期环境危机与人类中心主义反思 · 扩展、变体与后续发展,专题扩展与变体生成,priority_focus
黑暗的心.md,WL-WORK-0903,M3.1,★,19世纪前史,世纪末现代主义前史与形式酝酿 · 核心形成与典范确立,核心典范与形式确立,priority_core
黑珍珠.md,WL-WORK-M2-4738F239713C,M2,◆,拉美 Modernismo,世纪末拉美现代主义前驱 · 扩展、变体与后续发展,专题扩展与变体生成,priority_focus
黑皮肤，白面具.md,WL-WORK-3227,M5.2,★,后殖民,二战后帝国解体与表述政治形成 · 核心形成与典范确立,核心典范与形式确立,priority_core
黑色标签.md,WL-WORK-M4-41877ba2,M4,◆,Négritude,1930—1950年代法语黑人国际主义与文化解放 · 扩展、变体与后续发展,专题扩展与变体生成,priority_focus
黑色祭品.md,WL-WORK-M4-8d39fba8,M4,★,Négritude,1930—1950年代法语黑人国际主义与文化解放 · 核心形成与典范确立,核心典范与形式确立,priority_core
黑莓.md,WL-WORK-M4-cec6776f,M4,◆,哈莱姆文艺复兴,1920年代黑人都市文化复兴 · 扩展、变体与后续发展,专题扩展与变体生成,priority_focus
鼠疫.md,WL-WORK-1929,M5.1,★,存在主义,1940—1950年代主体、自由与责任危机 · 组织化与集体扩展,文学动员与共同体建构,mechanism_tag
齿轮.md,WL-WORK-1930,M3.1,★,日本与中国现代主义,东亚现代性与新文学转型 · 核心形成与典范确立,核心典范与形式确立,priority_core
