file,title,author,year,current_t,current_axis_t,suggested_t_by_year,status,reason,verification_status,id
1984.md,1984,乔治·奥威尔,,T5,T5 二战后多极文学,,REVIEW,缺少可机器读取的 year；需要按成书/定稿/首次发表史人工核验,自动通过,WL-WORK-0488
2001：太空漫游.md,2001：太空漫游,阿瑟·克拉克,,T5,T5 二战后多极文学,,REVIEW,缺少可机器读取的 year；需要按成书/定稿/首次发表史人工核验,自动通过,WL-WORK-0309
A Man Called Horse.md,A Man Called Horse,多萝西·M.约翰逊,,T5,T5 二战后多极文学,,REVIEW,缺少可机器读取的 year；需要按成书/定稿/首次发表史人工核验,自动通过,WL-WORK-2156
A Rumor of War.md,A Rumor of War,菲利普·卡普托,1977,T5,T5 二战后多极文学,T5,PASS,按 year 与正式 T 轴范围一致,自动通过,WL-WORK-1937
A Time of Gifts.md,A Time of Gifts,帕特里克·利·弗莫尔,,T5,T5 二战后多极文学,,REVIEW,缺少可机器读取的 year；需要按成书/定稿/首次发表史人工核验,自动通过,WL-WORK-1344
America Is in the Heart.md,America Is in the Heart,卡洛斯·布洛桑,,T5,T5 二战后多极文学,,REVIEW,缺少可机器读取的 year；需要按成书/定稿/首次发表史人工核验,自动通过,WL-WORK-0914
An Area of Darkness.md,An Area of Darkness,V.S.奈保尔,,T5,T5 二战后多极文学,,REVIEW,缺少可机器读取的 year；需要按成书/定稿/首次发表史人工核验,自动通过,WL-WORK-1348
Arabella.md,Arabella,乔吉特·海耶,,T5,T5 二战后多极文学,,REVIEW,缺少可机器读取的 year；需要按成书/定稿/首次发表史人工核验,自动通过,WL-WORK-1940
Arabian Sands.md,Arabian Sands,威尔弗雷德·塞西格,,T5,T5 二战后多极文学,,REVIEW,缺少可机器读取的 year；需要按成书/定稿/首次发表史人工核验,自动通过,WL-WORK-1349
Auschwitz and After.md,Auschwitz and After,夏洛特·德尔博,1971,T5,T5 二战后多极文学,T5,PASS,按 year 与正式 T 轴范围一致,自动通过,WL-WORK-1941
Bandits.md,Bandits,艾瑞克·霍布斯鲍姆,,T5,T5 二战后多极文学,,REVIEW,缺少可机器读取的 year；需要按成书/定稿/首次发表史人工核验,自动通过,WL-WORK-2165
"Bless Me, Ultima.md","Bless Me, Ultima",鲁道夫·阿纳亚,1972,T5,T5 二战后多极文学,T5,PASS,按 year 与正式 T 轴范围一致,自动通过,WL-WORK-2174
Buffalo Wagons.md,Buffalo Wagons,埃尔默·凯尔顿,,T5,T5 二战后多极文学,,REVIEW,缺少可机器读取的 year；需要按成书/定稿/首次发表史人工核验,自动通过,WL-WORK-2177
Burnt Offerings.md,Burnt Offerings,罗伯特·马拉斯科,1973,T5,T5 二战后多极文学,T5,PASS,按 year 与正式 T 轴范围一致,自动通过,WL-WORK-0494
Butcher's Crossing.md,Butcher's Crossing,约翰·威廉斯,1960,T5,T5 二战后多极文学,T5,PASS,按 year 与正式 T 轴范围一致,自动通过,WL-WORK-2179
Ceremony.md,Ceremony,莱斯利·马蒙·西尔科,,T5,T5 二战后多极文学,,REVIEW,缺少可机器读取的 year；需要按成书/定稿/首次发表史人工核验,自动通过,WL-WORK-0918
Chemmeen.md,Chemmeen,Thakazhi Sivasankara Pillai,1956,T5,T5 二战后多极文学,T5,PASS,按 year 与正式 T 轴范围一致,手工核验,WL-WORK-R3-18224226
Cotillion.md,Cotillion,乔吉特·海耶,,T5,T5 二战后多极文学,,REVIEW,缺少可机器读取的 year；需要按成书/定稿/首次发表史人工核验,自动通过,WL-WORK-1951
"Crick Crack, Monkey.md","Crick Crack, Monkey",默尔·霍奇,,T5,T5 二战后多极文学,,REVIEW,缺少可机器读取的 year；需要按成书/定稿/首次发表史人工核验,自动通过,WL-WORK-1528
Dance Hall of the Dead.md,Dance Hall of the Dead,托尼·希勒曼,1973,T5,T5 二战后多极文学,T5,PASS,按 year 与正式 T 轴范围一致,自动通过,WL-WORK-2195
Desert Solitaire.md,Desert Solitaire,爱德华·艾比,1968,T5,T5 二战后多极文学,T5,PASS,按 year 与正式 T 轴范围一致,自动通过,WL-WORK-2199
Dispatches.md,Dispatches,迈克尔·赫尔,1977,T5,T5 二战后多极文学,T5,PASS,按 year 与正式 T 轴范围一致,自动通过,WL-WORK-1956
El escritor argentino y la tradición.md,El escritor argentino y la tradición,博尔赫斯,,T5,T5 二战后多极文学,,REVIEW,缺少可机器读取的 year；需要按成书/定稿/首次发表史人工核验,自动通过,WL-WORK-2203
El muerto.md,El muerto,博尔赫斯,,T5,T5 二战后多极文学,,REVIEW,缺少可机器读取的 year；需要按成书/定稿/首次发表史人工核验,自动通过,WL-WORK-2210
Facial Justice.md,Facial Justice,L.P.哈特利,1960,T5,T5 二战后多极文学,T5,PASS,按 year 与正式 T 轴范围一致,自动通过,WL-WORK-0924
Flint.md,Flint,路易斯·拉穆尔,,T5,T5 二战后多极文学,,REVIEW,缺少可机器读取的 year；需要按成书/定稿/首次发表史人工核验,自动通过,WL-WORK-2228
Forfeit.md,Forfeit,迪克·弗朗西斯,,T5,T5 二战后多极文学,,REVIEW,缺少可机器读取的 year；需要按成书/定稿/首次发表史人工核验,需复核,WL-WORK-3097
From a Crooked Rib.md,From a Crooked Rib,努鲁丁·法拉赫,1970,T5,T5 二战后多极文学,T5,PASS,按 year 与正式 T 轴范围一致,自动通过,WL-WORK-0927
G.H.受难记.md,G.H.受难记,克拉丽丝·利斯佩克托,,T5,T5 二战后多极文学,,REVIEW,缺少可机器读取的 year；需要按成书/定稿/首次发表史人工核验,自动通过,WL-WORK-1529
G.（伯杰）.md,G.,约翰·伯杰,,T5,T5 二战后多极文学,,REVIEW,缺少可机器读取的 year；需要按成书/定稿/首次发表史人工核验,需复核,WL-WORK-3038
Girls at War.md,Girls at War,钦努阿·阿契贝,,T5,T5 二战后多极文学,,REVIEW,缺少可机器读取的 year；需要按成书/定稿/首次发表史人工核验,自动通过,WL-WORK-1962
Grande Sertão／ Veredas.md,Grande Sertão: Veredas,吉马朗埃斯·罗萨,,T5,T5 二战后多极文学,,REVIEW,缺少可机器读取的 year；需要按成书/定稿/首次发表史人工核验,自动通过,WL-WORK-2235
Holiday.md,Holiday,斯坦利·米德尔顿,,T5,T5 二战后多极文学,,REVIEW,缺少可机器读取的 year；需要按成书/定稿/首次发表史人工核验,需复核,WL-WORK-3041
Hondo.md,Hondo,路易斯·拉穆尔,,T5,T5 二战后多极文学,,REVIEW,缺少可机器读取的 year；需要按成书/定稿/首次发表史人工核验,自动通过,WL-WORK-2239
Hopscotch.md,Hopscotch,布赖恩·加菲尔德,,T5,T5 二战后多极文学,,REVIEW,缺少可机器读取的 year；需要按成书/定稿/首次发表史人工核验,需复核,WL-WORK-3102
"Horseman, Pass By.md","Horseman, Pass By",拉里·麦克默特里,,T5,T5 二战后多极文学,,REVIEW,缺少可机器读取的 year；需要按成书/定稿/首次发表史人工核验,自动通过,WL-WORK-2242
House Made of Dawn.md,House Made of Dawn,N.斯科特·莫马迪,1968,T5,T5 二战后多极文学,T5,PASS,按 year 与正式 T 轴范围一致,自动通过,WL-WORK-2243
In Patagonia.md,In Patagonia,布鲁斯·查特文,,T5,T5 二战后多极文学,,REVIEW,缺少可机器读取的 year；需要按成书/定稿/首次发表史人工核验,自动通过,WL-WORK-1356
In the Castle of My Skin.md,In the Castle of My Skin,乔治·拉明,,T5,T5 二战后多极文学,,REVIEW,缺少可机器读取的 year；需要按成书/定稿/首次发表史人工核验,自动通过,WL-WORK-0930
India／ A Wounded Civilization.md,India: A Wounded Civilization,V.S.奈保尔,,T5,T5 二战后多极文学,,REVIEW,缺少可机器读取的 year；需要按成书/定稿/首次发表史人工核验,自动通过,WL-WORK-1357
La noche de los dones.md,La noche de los dones,博尔赫斯,,T5,T5 二战后多极文学,,REVIEW,缺少可机器读取的 year；需要按成书/定稿/首次发表史人工核验,自动通过,WL-WORK-2261
Leaving Cheyenne.md,Leaving Cheyenne,拉里·麦克默特里,,T5,T5 二战后多极文学,,REVIEW,缺少可机器读取的 year；需要按成书/定稿/首次发表史人工核验,自动通过,WL-WORK-2270
Monte Walsh.md,Monte Walsh,杰克·谢弗,,T5,T5 二战后多极文学,,REVIEW,缺少可机器读取的 year；需要按成书/定稿/首次发表史人工核验,自动通过,WL-WORK-2286
Nine Coaches Waiting.md,Nine Coaches Waiting,玛丽·斯图尔特,,T5,T5 二战后多极文学,,REVIEW,缺少可机器读取的 year；需要按成书/定稿/首次发表史人工核验,自动通过,WL-WORK-1975
Offshore.md,Offshore,佩内洛普·菲茨杰拉德,,T5,T5 二战后多极文学,,REVIEW,缺少可机器读取的 year；需要按成书/定稿/首次发表史人工核验,需复核,WL-WORK-3046
Ozidi Saga.md,Ozidi Saga,佚名,1977,T5,T5 二战后多极文学,T5,PASS,按 year 与正式 T 轴范围一致,自动通过,WL-WORK-1363
Pinjar.md,Pinjar,阿姆丽塔·普里塔姆,1950,T5,T5 二战后多极文学,T5,PASS,按 year 与正式 T 轴范围一致,手工核验,WL-WORK-R3-98953879
Primitive Rebels.md,Primitive Rebels,艾瑞克·霍布斯鲍姆,,T5,T5 二战后多极文学,,REVIEW,缺少可机器读取的 year；需要按成书/定稿/首次发表史人工核验,自动通过,WL-WORK-2309
Promised Land.md,Promised Land,罗伯特·B·帕克,,T5,T5 二战后多极文学,,REVIEW,缺少可机器读取的 year；需要按成书/定稿/首次发表史人工核验,需复核,WL-WORK-3103
Room to Swing.md,Room to Swing,埃德·莱西,,T5,T5 二战后多极文学,,REVIEW,缺少可机器读取的 year；需要按成书/定稿/首次发表史人工核验,需复核,WL-WORK-3086
Sabu.md,Sabu,山本周五郎,,T5,T5 二战后多极文学,,REVIEW,缺少可机器读取的 year；需要按成书/定稿/首次发表史人工核验,自动通过,WL-WORK-2334
Samskara.md,Samskara,U. R. Ananthamurthy,1965,T5,T5 二战后多极文学,T5,PASS,按 year 与正式 T 轴范围一致,手工核验,WL-WORK-R3-02306291
Tadeo Isidoro Cruz小传.md,Tadeo Isidoro Cruz小传,博尔赫斯,1949,T5,T5 二战后多极文学,T5,PASS,按 year 与正式 T 轴范围一致,人工核验,WL-WORK-2351
Tamas.md,Tamas,比沙姆·萨赫尼,,T5,T5 二战后多极文学,,REVIEW,缺少可机器读取的 year；需要按成书/定稿/首次发表史人工核验,自动通过,WL-WORK-0944
The Acts of King Arthur and His Noble Knights.md,The Acts of King Arthur and His Noble Knights,约翰·斯坦贝克,,T5,T5 二战后多极文学,,REVIEW,缺少可机器读取的 year；需要按成书/定稿/首次发表史人工核验,自动通过,WL-WORK-2354
The Arrivants.md,The Arrivants,卡莫·布拉思韦特,,T5,T5 二战后多极文学,,REVIEW,缺少可机器读取的 year；需要按成书/定稿/首次发表史人工核验,自动通过,WL-WORK-1541
The Chant of Jimmie Blacksmith.md,The Chant of Jimmie Blacksmith,托马斯·基尼利,,T5,T5 二战后多极文学,,REVIEW,缺少可机器读取的 year；需要按成书/定稿/首次发表史人工核验,自动通过,WL-WORK-2369
The Collected Works of Billy the Kid.md,The Collected Works of Billy the Kid,迈克尔·翁达杰,,T5,T5 二战后多极文学,,REVIEW,缺少可机器读取的 year；需要按成书/定稿/首次发表史人工核验,自动通过,WL-WORK-2371
The Crystal Cave.md,The Crystal Cave,玛丽·斯图尔特,,T5,T5 二战后多极文学,,REVIEW,缺少可机器读取的 year；需要按成书/定稿/首次发表史人工核验,自动通过,WL-WORK-2374
The Daybreakers.md,The Daybreakers,路易斯·拉穆尔,,T5,T5 二战后多极文学,,REVIEW,缺少可机器读取的 year；需要按成书/定稿/首次发表史人工核验,自动通过,WL-WORK-2376
The Eighth Circle.md,The Eighth Circle,斯坦利·埃林,,T5,T5 二战后多极文学,,REVIEW,缺少可机器读取的 year；需要按成书/定稿/首次发表史人工核验,需复核,WL-WORK-3087
The Hollow Hills.md,The Hollow Hills,玛丽·斯图尔特,,T5,T5 二战后多极文学,,REVIEW,缺少可机器读取的 year；需要按成书/定稿/首次发表史人工核验,自动通过,WL-WORK-2382
The Last Enchantment.md,The Last Enchantment,玛丽·斯图尔特,,T5,T5 二战后多极文学,,REVIEW,缺少可机器读取的 year；需要按成书/定稿/首次发表史人工核验,自动通过,WL-WORK-2387
The Middle Passage.md,The Middle Passage,V.S.奈保尔,,T5,T5 二战后多极文学,,REVIEW,缺少可机器读取的 year；需要按成书/定稿/首次发表史人工核验,自动通过,WL-WORK-1376
The Shootist.md,The Shootist,格伦登·斯沃索特,,T5,T5 二战后多极文学,,REVIEW,缺少可机器读取的 year；需要按成书/定稿/首次发表史人工核验,自动通过,WL-WORK-2405
The Town.md,The Town,康拉德·里克特,,T5,T5 二战后多极文学,,REVIEW,缺少可机器读取的 year；需要按成书/定稿/首次发表史人工核验,需复核,WL-WORK-2983
一个背叛日本的日本人.md,一个背叛日本的日本人,松本清张,,T5,T5 二战后多极文学,,REVIEW,缺少可机器读取的 year；需要按成书/定稿/首次发表史人工核验,自动通过,WL-WORK-0164
一个逃亡黑奴的传记.md,一个逃亡黑奴的传记,米格尔·巴内特,,T5,T5 二战后多极文学,,REVIEW,缺少可机器读取的 year；需要按成书/定稿/首次发表史人工核验,自动通过,WL-WORK-1545
一剂毒药.md,一剂毒药,夏洛特·阿姆斯特朗,,T5,T5 二战后多极文学,,REVIEW,缺少可机器读取的 year；需要按成书/定稿/首次发表史人工核验,需复核,WL-WORK-3085
一家之死.md,一家之死,詹姆斯·艾吉,,T5,T5 二战后多极文学,,REVIEW,缺少可机器读取的 year；需要按成书/定稿/首次发表史人工核验,需复核,WL-WORK-2986
一无所有.md,一无所有,厄休拉·勒古恩,,T5,T5 二战后多极文学,,REVIEW,缺少可机器读取的 year；需要按成书/定稿/首次发表史人工核验,自动通过,WL-WORK-0354
一桩罪案的进展.md,一桩罪案的进展,朱利安·西蒙斯,,T5,T5 二战后多极文学,,REVIEW,缺少可机器读取的 year；需要按成书/定稿/首次发表史人工核验,需复核,WL-WORK-3089
一粒麦种.md,一粒麦种,恩古吉·瓦·提安哥,,T5,T5 二战后多极文学,,REVIEW,缺少可机器读取的 year；需要按成书/定稿/首次发表史人工核验,自动通过,WL-WORK-0963
七剑下天山.md,七剑下天山,梁羽生,,T5,T5 二战后多极文学,,REVIEW,缺少可机器读取的 year；需要按成书/定稿/首次发表史人工核验,自动通过,WL-WORK-2437
七种武器.md,七种武器,古龙,,T5,T5 二战后多极文学,,REVIEW,缺少可机器读取的 year；需要按成书/定稿/首次发表史人工核验,自动通过,WL-WORK-2440
万延元年的足球队.md,万延元年的足球队,大江健三郎,,T5,T5 二战后多极文学,,REVIEW,缺少可机器读取的 year；需要按成书/定稿/首次发表史人工核验,自动通过,WL-WORK-1550
万有引力之虹.md,万有引力之虹,托马斯·品钦,,T5,T5 二战后多极文学,,REVIEW,缺少可机器读取的 year；需要按成书/定稿/首次发表史人工核验,自动通过,WL-WORK-1551
三匹蟹.md,三匹蟹,大庭美奈子,,T5,T5 二战后多极文学,,REVIEW,缺少可机器读取的 year；需要按成书/定稿/首次发表史人工核验,自动通过,WL-WORK-1553
三尖树时代.md,三尖树时代,约翰·温德姆,,T5,T5 二战后多极文学,,REVIEW,缺少可机器读取的 year；需要按成书/定稿/首次发表史人工核验,自动通过,WL-WORK-0315
三里湾.md,三里湾,赵树理,,T5,T5 二战后多极文学,,REVIEW,缺少可机器读取的 year；需要按成书/定稿/首次发表史人工核验,自动通过,WL-WORK-1556
三颗心与三头狮.md,三颗心与三头狮,波尔·安德森,,T5,T5 二战后多极文学,,REVIEW,缺少可机器读取的 year；需要按成书/定稿/首次发表史人工核验,自动通过,WL-WORK-0562
上帝保佑这个傻瓜.md,上帝保佑这个傻瓜,唐纳德·E·韦斯特莱克,,T5,T5 二战后多极文学,,REVIEW,缺少可机器读取的 year；需要按成书/定稿/首次发表史人工核验,需复核,WL-WORK-3095
上帝的木片.md,上帝的木片,奥斯曼·森贝内,,T5,T5 二战后多极文学,,REVIEW,缺少可机器读取的 year；需要按成书/定稿/首次发表史人工核验,需复核,WL-WORK-2853
不休止.md,不休止,布莱恩·奥尔迪斯,,T5,T5 二战后多极文学,,REVIEW,缺少可机器读取的 year；需要按成书/定稿/首次发表史人工核验,自动通过,WL-WORK-0345
不朽者.md,不朽者,罗杰·泽拉兹尼,,T5,T5 二战后多极文学,,REVIEW,缺少可机器读取的 year；需要按成书/定稿/首次发表史人工核验,需复核,WL-WORK-2901
与拉玛相会.md,与拉玛相会,阿瑟·克拉克,,T5,T5 二战后多极文学,,REVIEW,缺少可机器读取的 year；需要按成书/定稿/首次发表史人工核验,自动通过,WL-WORK-0310
世界的词是森林.md,世界的词是森林,厄休拉·勒古恩,,T5,T5 二战后多极文学,,REVIEW,缺少可机器读取的 year；需要按成书/定稿/首次发表史人工核验,自动通过,WL-WORK-0355
东方.md,东方,魏巍,,T5,T5 二战后多极文学,,REVIEW,缺少可机器读取的 year；需要按成书/定稿/首次发表史人工核验,需复核,WL-WORK-2856
严厉的月亮.md,严厉的月亮,罗伯特·海因莱因,,T5,T5 二战后多极文学,,REVIEW,缺少可机器读取的 year；需要按成书/定稿/首次发表史人工核验,自动通过,WL-WORK-0303
严密监视的列车.md,严密监视的列车,博胡米尔·赫拉巴尔,,T5,T5 二战后多极文学,,REVIEW,缺少可机器读取的 year；需要按成书/定稿/首次发表史人工核验,自动通过,WL-WORK-1563
个人的体验.md,个人的体验,大江健三郎,,T5,T5 二战后多极文学,,REVIEW,缺少可机器读取的 year；需要按成书/定稿/首次发表史人工核验,自动通过,WL-WORK-1564
中国神话传说.md,中国神话传说,袁珂,,T5,T5 二战后多极文学,,REVIEW,缺少可机器读取的 year；需要按成书/定稿/首次发表史人工核验,自动通过,WL-WORK-1394
中转站.md,中转站,克利福德·西马克,,T5,T5 二战后多极文学,,REVIEW,缺少可机器读取的 year；需要按成书/定稿/首次发表史人工核验,自动通过,WL-WORK-0313
丰饶之海.md,丰饶之海,三岛由纪夫,,T5,T5 二战后多极文学,,REVIEW,缺少可机器读取的 year；需要按成书/定稿/首次发表史人工核验,自动通过,WL-WORK-1565
为母之道.md,为母之道,布奇·埃梅切塔,,T5,T5 二战后多极文学,,REVIEW,缺少可机器读取的 year；需要按成书/定稿/首次发表史人工核验,需复核,WL-WORK-3198
乐观者的女儿.md,乐观者的女儿,尤多拉·韦尔蒂,,T5,T5 二战后多极文学,,REVIEW,缺少可机器读取的 year；需要按成书/定稿/首次发表史人工核验,需复核,WL-WORK-2996
乔瓦尼的房间.md,乔瓦尼的房间,詹姆斯·鲍德温,,T5,T5 二战后多极文学,,REVIEW,缺少可机器读取的 year；需要按成书/定稿/首次发表史人工核验,自动通过,WL-WORK-1568
九尾怪猫.md,九尾怪猫,埃勒里·奎因,,T5,T5 二战后多极文学,,REVIEW,缺少可机器读取的 year；需要按成书/定稿/首次发表史人工核验,自动通过,WL-WORK-0044
书剑恩仇录.md,书剑恩仇录,金庸,,T5,T5 二战后多极文学,,REVIEW,缺少可机器读取的 year；需要按成书/定稿/首次发表史人工核验,自动通过,WL-WORK-2444
云海玉弓缘.md,云海玉弓缘,梁羽生,,T5,T5 二战后多极文学,,REVIEW,缺少可机器读取的 year；需要按成书/定稿/首次发表史人工核验,自动通过,WL-WORK-2445
五号屠场.md,五号屠场,库尔特·冯内古特,,T5,T5 二战后多极文学,,REVIEW,缺少可机器读取的 year；需要按成书/定稿/首次发表史人工核验,自动通过,WL-WORK-0351
亚当，你到过哪里？.md,亚当，你到过哪里？,海因里希·伯尔,,T5,T5 二战后多极文学,,REVIEW,缺少可机器读取的 year；需要按成书/定稿/首次发表史人工核验,自动通过,WL-WORK-2008
亲缘.md,亲缘,奥克塔维娅·巴特勒,,T5,T5 二战后多极文学,,REVIEW,缺少可机器读取的 year；需要按成书/定稿/首次发表史人工核验,自动通过,WL-WORK-0360
人加.md,人加,弗雷德里克·波尔,,T5,T5 二战后多极文学,,REVIEW,缺少可机器读取的 year；需要按成书/定稿/首次发表史人工核验,需复核,WL-WORK-2933
人口1280.md,人口1280,吉姆·汤普森,,T5,T5 二战后多极文学,,REVIEW,缺少可机器读取的 year；需要按成书/定稿/首次发表史人工核验,自动通过,WL-WORK-0087
人子.md,人子,奥古斯托·罗亚·巴斯托斯,,T5,T5 二战后多极文学,,REVIEW,缺少可机器读取的 year；需要按成书/定稿/首次发表史人工核验,自动通过,WL-WORK-1572
人性的证明.md,人性的证明,森村诚一,,T5,T5 二战后多极文学,,REVIEW,缺少可机器读取的 year；需要按成书/定稿/首次发表史人工核验,自动通过,WL-WORK-0166
人民公仆.md,人民公仆,钦努阿·阿契贝,,T5,T5 二战后多极文学,,REVIEW,缺少可机器读取的 year；需要按成书/定稿/首次发表史人工核验,自动通过,WL-WORK-1574
人生拼图版.md,人生拼图版,乔治·佩雷克,,T5,T5 二战后多极文学,,REVIEW,缺少可机器读取的 year；需要按成书/定稿/首次发表史人工核验,自动通过,WL-WORK-1576
人间失格.md,人间失格,太宰治,,T5,T5 二战后多极文学,,REVIEW,缺少可机器读取的 year；需要按成书/定稿/首次发表史人工核验,自动通过,WL-WORK-0978
人间王国.md,人间王国,阿莱霍·卡彭铁尔,,T5,T5 二战后多极文学,,REVIEW,缺少可机器读取的 year；需要按成书/定稿/首次发表史人工核验,自动通过,WL-WORK-0979
从莫斯科到佩图什基.md,从莫斯科到佩图什基,维涅季克特·叶罗费耶夫,,T5,T5 二战后多极文学,,REVIEW,缺少可机器读取的 year；需要按成书/定稿/首次发表史人工核验,自动通过,WL-WORK-1579
他人的脸.md,他人的脸,安部公房,,T5,T5 二战后多极文学,,REVIEW,缺少可机器读取的 year；需要按成书/定稿/首次发表史人工核验,自动通过,WL-WORK-1580
他们宁可正确.md,他们宁可正确,马克·克利夫顿 / 弗兰克·莱利,,T5,T5 二战后多极文学,,REVIEW,缺少可机器读取的 year；需要按成书/定稿/首次发表史人工核验,需复核,WL-WORK-2896
仪仗队.md,仪仗队,詹姆斯·古尔德·科曾斯,,T5,T5 二战后多极文学,,REVIEW,缺少可机器读取的 year；需要按成书/定稿/首次发表史人工核验,需复核,WL-WORK-2982
仿生人会梦见电子羊吗？.md,仿生人会梦见电子羊吗？,菲利普·K.迪克,,T5,T5 二战后多极文学,,REVIEW,缺少可机器读取的 year；需要按成书/定稿/首次发表史人工核验,自动通过,WL-WORK-0329
伊凡·杰尼索维奇的一天.md,伊凡·杰尼索维奇的一天,索尔仁尼琴,,T5,T5 二战后多极文学,,REVIEW,缺少可机器读取的 year；需要按成书/定稿/首次发表史人工核验,自动通过,WL-WORK-1582
伊甸之东.md,伊甸之东,约翰·斯坦贝克,,T5,T5 二战后多极文学,,REVIEW,缺少可机器读取的 year；需要按成书/定稿/首次发表史人工核验,自动通过,WL-WORK-0983
休战.md,休战,普里莫·莱维,,T5,T5 二战后多极文学,,REVIEW,缺少可机器读取的 year；需要按成书/定稿/首次发表史人工核验,自动通过,WL-WORK-2015
伙计.md,伙计,伯纳德·马拉默德,,T5,T5 二战后多极文学,,REVIEW,缺少可机器读取的 year；需要按成书/定稿/首次发表史人工核验,自动通过,WL-WORK-1585
佩德罗·巴拉莫.md,佩德罗·巴拉莫,胡安·鲁尔福,,T5,T5 二战后多极文学,,REVIEW,缺少可机器读取的 year；需要按成书/定稿/首次发表史人工核验,自动通过,WL-WORK-0987
侠客行.md,侠客行,金庸,,T5,T5 二战后多极文学,,REVIEW,缺少可机器读取的 year；需要按成书/定稿/首次发表史人工核验,自动通过,WL-WORK-2449
俘虏记.md,俘虏记,大冈升平,,T5,T5 二战后多极文学,,REVIEW,缺少可机器读取的 year；需要按成书/定稿/首次发表史人工核验,自动通过,WL-WORK-1589
保罗·策兰诗选.md,保罗·策兰诗选,保罗·策兰,,T5,T5 二战后多极文学,,REVIEW,缺少可机器读取的 year；需要按成书/定稿/首次发表史人工核验,需复核,WL-WORK-3154
修桶人.md,修桶人,伯纳德·马拉默德,,T5,T5 二战后多极文学,,REVIEW,缺少可机器读取的 year；需要按成书/定稿/首次发表史人工核验,需复核,WL-WORK-2993
倚天屠龙记.md,倚天屠龙记,金庸,,T5,T5 二战后多极文学,,REVIEW,缺少可机器读取的 year；需要按成书/定稿/首次发表史人工核验,自动通过,WL-WORK-2450
假面的告白.md,假面的告白,三岛由纪夫,,T5,T5 二战后多极文学,,REVIEW,缺少可机器读取的 year；需要按成书/定稿/首次发表史人工核验,自动通过,WL-WORK-0990
儿子的大玩偶.md,儿子的大玩偶,黄春明,,T5,T5 二战后多极文学,,REVIEW,缺少可机器读取的 year；需要按成书/定稿/首次发表史人工核验,自动通过,WL-WORK-1591
元素周期表.md,元素周期表,普里莫·莱维,,T5,T5 二战后多极文学,,REVIEW,缺少可机器读取的 year；需要按成书/定稿/首次发表史人工核验,个人补录,WL-WORK-2739
光明王.md,光明王,罗杰·泽拉兹尼,,T5,T5 二战后多极文学,,REVIEW,缺少可机器读取的 year；需要按成书/定稿/首次发表史人工核验,自动通过,WL-WORK-0347
克里希纳普尔围城.md,克里希纳普尔围城,J.G.法雷尔,,T5,T5 二战后多极文学,,REVIEW,缺少可机器读取的 year；需要按成书/定稿/首次发表史人工核验,需复核,WL-WORK-3039
八墓村.md,八墓村,横沟正史,,T5,T5 二战后多极文学,,REVIEW,缺少可机器读取的 year；需要按成书/定稿/首次发表史人工核验,自动通过,WL-WORK-0154
兰克玛之剑.md,兰克玛之剑,弗里茨·莱伯,,T5,T5 二战后多极文学,,REVIEW,缺少可机器读取的 year；需要按成书/定稿/首次发表史人工核验,自动通过,WL-WORK-0593
关原.md,关原,司马辽太郎,,T5,T5 二战后多极文学,,REVIEW,缺少可机器读取的 year；需要按成书/定稿/首次发表史人工核验,自动通过,WL-WORK-2455
其主之声.md,其主之声,斯坦尼斯瓦夫·莱姆,,T5,T5 二战后多极文学,,REVIEW,缺少可机器读取的 year；需要按成书/定稿/首次发表史人工核验,自动通过,WL-WORK-0334
再见，哥伦布.md,再见，哥伦布,菲利普·罗斯,,T5,T5 二战后多极文学,,REVIEW,缺少可机器读取的 year；需要按成书/定稿/首次发表史人工核验,自动通过,WL-WORK-1594
冲击波骑士.md,冲击波骑士,约翰·布鲁纳,,T5,T5 二战后多极文学,,REVIEW,缺少可机器读取的 year；需要按成书/定稿/首次发表史人工核验,自动通过,WL-WORK-0998
冷肉.md,冷肉,萨达特·哈桑·曼托,,T5,T5 二战后多极文学,,REVIEW,缺少可机器读取的 year；需要按成书/定稿/首次发表史人工核验,自动通过,WL-WORK-1596
凯恩舰哗变.md,凯恩舰哗变,赫尔曼·沃克,1951,T5,T5 二战后多极文学,T5,PASS,按 year 与正式 T 轴范围一致,自动通过,WL-WORK-2025
凯瑟琳·安·波特短篇小说集.md,凯瑟琳·安·波特短篇小说集,凯瑟琳·安·波特,,T5,T5 二战后多极文学,,REVIEW,缺少可机器读取的 year；需要按成书/定稿/首次发表史人工核验,需复核,WL-WORK-2992
分裂的天空.md,分裂的天空,克里斯塔·沃尔夫,,T5,T5 二战后多极文学,,REVIEW,缺少可机器读取的 year；需要按成书/定稿/首次发表史人工核验,自动通过,WL-WORK-1597
列车正点到达.md,列车正点到达,海因里希·伯尔,,T5,T5 二战后多极文学,,REVIEW,缺少可机器读取的 year；需要按成书/定稿/首次发表史人工核验,自动通过,WL-WORK-1598
创业史.md,创业史,柳青,,T5,T5 二战后多极文学,,REVIEW,缺少可机器读取的 year；需要按成书/定稿/首次发表史人工核验,自动通过,WL-WORK-1599
刺青杀人事件.md,刺青杀人事件,高木彬光,,T5,T5 二战后多极文学,,REVIEW,缺少可机器读取的 year；需要按成书/定稿/首次发表史人工核验,自动通过,WL-WORK-0157
刽子手之歌.md,刽子手之歌,诺曼·梅勒,,T5,T5 二战后多极文学,,REVIEW,缺少可机器读取的 year；需要按成书/定稿/首次发表史人工核验,需复核,WL-WORK-3000
剑与恶魔.md,剑与恶魔,弗里茨·莱伯,,T5,T5 二战后多极文学,,REVIEW,缺少可机器读取的 year；需要按成书/定稿/首次发表史人工核验,自动通过,WL-WORK-0604
剑客商卖.md,剑客商卖,池波正太郎,,T5,T5 二战后多极文学,,REVIEW,缺少可机器读取的 year；需要按成书/定稿/首次发表史人工核验,自动通过,WL-WORK-2459
剑海鹰扬.md,剑海鹰扬,司马翎,,T5,T5 二战后多极文学,,REVIEW,缺少可机器读取的 year；需要按成书/定稿/首次发表史人工核验,自动通过,WL-WORK-2461
功名十字路.md,功名十字路,司马辽太郎,,T5,T5 二战后多极文学,,REVIEW,缺少可机器读取的 year；需要按成书/定稿/首次发表史人工核验,自动通过,WL-WORK-2462
加尔顿案件.md,加尔顿案件,罗斯·麦克唐纳,,T5,T5 二战后多极文学,,REVIEW,缺少可机器读取的 year；需要按成书/定稿/首次发表史人工核验,自动通过,WL-WORK-0089
加布里埃拉.md,加布里埃拉,若热·亚马多,,T5,T5 二战后多极文学,,REVIEW,缺少可机器读取的 year；需要按成书/定稿/首次发表史人工核验,需复核,WL-WORK-3207
动物农场.md,动物农场,乔治·奥威尔,,T5,T5 二战后多极文学,,REVIEW,缺少可机器读取的 year；需要按成书/定稿/首次发表史人工核验,个人补录,WL-WORK-2683
劳儿之劫.md,劳儿之劫,玛格丽特·杜拉斯,,T5,T5 二战后多极文学,,REVIEW,缺少可机器读取的 year；需要按成书/定稿/首次发表史人工核验,自动通过,WL-WORK-1602
北迁季节.md,北迁季节,塔伊布·萨利赫,,T5,T5 二战后多极文学,,REVIEW,缺少可机器读取的 year；需要按成书/定稿/首次发表史人工核验,自动通过,WL-WORK-1603
十月国度.md,十月国度,雷·布拉德伯里,,T5,T5 二战后多极文学,,REVIEW,缺少可机器读取的 year；需要按成书/定稿/首次发表史人工核验,自动通过,WL-WORK-0609
半生缘.md,半生缘,张爱玲,,T5,T5 二战后多极文学,,REVIEW,缺少可机器读取的 year；需要按成书/定稿/首次发表史人工核验,自动通过,WL-WORK-2029
华冈青洲之妻.md,华冈青洲之妻,有吉佐和子,,T5,T5 二战后多极文学,,REVIEW,缺少可机器读取的 year；需要按成书/定稿/首次发表史人工核验,自动通过,WL-WORK-1010
华氏451.md,华氏451,雷·布拉德伯里,,T5,T5 二战后多极文学,,REVIEW,缺少可机器读取的 year；需要按成书/定稿/首次发表史人工核验,自动通过,WL-WORK-0319
南太平洋故事.md,南太平洋故事,詹姆斯·A·米奇纳,,T5,T5 二战后多极文学,,REVIEW,缺少可机器读取的 year；需要按成书/定稿/首次发表史人工核验,需复核,WL-WORK-2981
南方.md,南方,博尔赫斯,1953,T5,T5 二战后多极文学,T5,PASS,按 year 与正式 T 轴范围一致,人工核验,WL-WORK-2468
危险幻象.md,危险幻象,哈兰·埃里森,,T5,T5 二战后多极文学,,REVIEW,缺少可机器读取的 year；需要按成书/定稿/首次发表史人工核验,需复核,WL-WORK-0367
历史（莫兰特）.md,历史,埃尔莎·莫兰特,,T5,T5 二战后多极文学,,REVIEW,缺少可机器读取的 year；需要按成书/定稿/首次发表史人工核验,需复核,WL-WORK-3162
去你四散的身躯.md,去你四散的身躯,菲利普·何塞·法默,,T5,T5 二战后多极文学,,REVIEW,缺少可机器读取的 year；需要按成书/定稿/首次发表史人工核验,需复核,WL-WORK-2903
去卡拉的使命.md,去卡拉的使命,蒙戈·贝蒂,,T5,T5 二战后多极文学,,REVIEW,缺少可机器读取的 year；需要按成书/定稿/首次发表史人工核验,自动通过,WL-WORK-1609
双星.md,双星,罗伯特·海因莱因,,T5,T5 二战后多极文学,,REVIEW,缺少可机器读取的 year；需要按成书/定稿/首次发表史人工核验,自动通过,WL-WORK-0304
变.md,变,米歇尔·布托,,T5,T5 二战后多极文学,,REVIEW,缺少可机器读取的 year；需要按成书/定稿/首次发表史人工核验,自动通过,WL-WORK-1611
变革时代.md,变革时代,罗伯特·西尔弗伯格,,T5,T5 二战后多极文学,,REVIEW,缺少可机器读取的 year；需要按成书/定稿/首次发表史人工核验,需复核,WL-WORK-2932
古拉格群岛.md,古拉格群岛,索尔仁尼琴,,T5,T5 二战后多极文学,,REVIEW,缺少可机器读取的 year；需要按成书/定稿/首次发表史人工核验,自动通过,WL-WORK-1612
可以吃的女人.md,可以吃的女人,玛格丽特·阿特伍德,,T5,T5 二战后多极文学,,REVIEW,缺少可机器读取的 year；需要按成书/定稿/首次发表史人工核验,自动通过,WL-WORK-1614
台北人.md,台北人,白先勇,,T5,T5 二战后多极文学,,REVIEW,缺少可机器读取的 year；需要按成书/定稿/首次发表史人工核验,自动通过,WL-WORK-1615
叶隐入门.md,叶隐入门,三岛由纪夫,,T5,T5 二战后多极文学,,REVIEW,缺少可机器读取的 year；需要按成书/定稿/首次发表史人工核验,自动通过,WL-WORK-2477
吉迪恩之火.md,吉迪恩之火,约翰·克里西,,T5,T5 二战后多极文学,,REVIEW,缺少可机器读取的 year；需要按成书/定稿/首次发表史人工核验,需复核,WL-WORK-3090
向导.md,向导,R.K.纳拉扬,,T5,T5 二战后多极文学,,REVIEW,缺少可机器读取的 year；需要按成书/定稿/首次发表史人工核验,自动通过,WL-WORK-1616
向苍天呼吁.md,向苍天呼吁,詹姆斯·鲍德温,,T5,T5 二战后多极文学,,REVIEW,缺少可机器读取的 year；需要按成书/定稿/首次发表史人工核验,自动通过,WL-WORK-1019
告别马焦拉.md,告别马焦拉,瓦连京·拉斯普京,,T5,T5 二战后多极文学,,REVIEW,缺少可机器读取的 year；需要按成书/定稿/首次发表史人工核验,自动通过,WL-WORK-1618
哈德良回忆录.md,哈德良回忆录,玛格丽特·尤瑟纳尔,,T5,T5 二战后多极文学,,REVIEW,缺少可机器读取的 year；需要按成书/定稿/首次发表史人工核验,自动通过,WL-WORK-1022
哭泣吧，亲爱的祖国.md,哭泣吧，亲爱的祖国,艾伦·佩顿,,T5,T5 二战后多极文学,,REVIEW,缺少可机器读取的 year；需要按成书/定稿/首次发表史人工核验,需复核,WL-WORK-3201
嚎叫.md,嚎叫,艾伦·金斯堡,,T5,T5 二战后多极文学,,REVIEW,缺少可机器读取的 year；需要按成书/定稿/首次发表史人工核验,自动通过,WL-WORK-1622
四世同堂.md,四世同堂,老舍,1948,T5,T5 二战后多极文学,T5,PASS,按 year 与正式 T 轴范围一致,自动通过,WL-WORK-1027
四朝代.md,四朝代,克立·巴莫,,T5,T5 二战后多极文学,,REVIEW,缺少可机器读取的 year；需要按成书/定稿/首次发表史人工核验,需复核,WL-WORK-3174
回旋余地.md,回旋余地,詹姆斯·艾伦·麦克弗森,,T5,T5 二战后多极文学,,REVIEW,缺少可机器读取的 year；需要按成书/定稿/首次发表史人工核验,需复核,WL-WORK-2998
围城.md,围城,钱钟书,,T5,T5 二战后多极文学,,REVIEW,缺少可机器读取的 year；需要按成书/定稿/首次发表史人工核验,自动通过,WL-WORK-2039
国王的人马.md,国王的人马,罗伯特·佩恩·沃伦,,T5,T5 二战后多极文学,,REVIEW,缺少可机器读取的 year；需要按成书/定稿/首次发表史人工核验,需复核,WL-WORK-2980
国王的赎金.md,国王的赎金,埃德·麦克贝恩,,T5,T5 二战后多极文学,,REVIEW,缺少可机器读取的 year；需要按成书/定稿/首次发表史人工核验,自动通过,WL-WORK-0101
国盗物语.md,国盗物语,司马辽太郎,,T5,T5 二战后多极文学,,REVIEW,缺少可机器读取的 year；需要按成书/定稿/首次发表史人工核验,自动通过,WL-WORK-1029
土地.md,土地,朴景利,,T5,T5 二战后多极文学,,REVIEW,缺少可机器读取的 year；需要按成书/定稿/首次发表史人工核验,自动通过,WL-WORK-1031
圣彼得节的奇迹.md,圣彼得节的奇迹,埃利斯·彼得斯,,T5,T5 二战后多极文学,,REVIEW,缺少可机器读取的 year；需要按成书/定稿/首次发表史人工核验,需复核,WL-WORK-0133
圣骨疑云.md,圣骨疑云,埃利斯·彼得斯,,T5,T5 二战后多极文学,,REVIEW,缺少可机器读取的 year；需要按成书/定稿/首次发表史人工核验,自动通过,WL-WORK-1033
在我皮肤的城堡里.md,在我皮肤的城堡里,乔治·拉明,,T5,T5 二战后多极文学,,REVIEW,缺少可机器读取的 year；需要按成书/定稿/首次发表史人工核验,自动通过,WL-WORK-1629
在自由的国度.md,在自由的国度,V.S.奈保尔,,T5,T5 二战后多极文学,,REVIEW,缺少可机器读取的 year；需要按成书/定稿/首次发表史人工核验,需复核,WL-WORK-3037
在路上.md,在路上,杰克·凯鲁亚克,,T5,T5 二战后多极文学,,REVIEW,缺少可机器读取的 year；需要按成书/定稿/首次发表史人工核验,自动通过,WL-WORK-1630
地海古墓.md,地海古墓,厄休拉·勒古恩,,T5,T5 二战后多极文学,,REVIEW,缺少可机器读取的 year；需要按成书/定稿/首次发表史人工核验,自动通过,WL-WORK-0635
地海巫师.md,地海巫师,厄休拉·勒古恩,,T5,T5 二战后多极文学,,REVIEW,缺少可机器读取的 year；需要按成书/定稿/首次发表史人工核验,自动通过,WL-WORK-0636
地狱屋.md,地狱屋,理查德·麦瑟森,,T5,T5 二战后多极文学,,REVIEW,缺少可机器读取的 year；需要按成书/定稿/首次发表史人工核验,自动通过,WL-WORK-0638
坂上之云.md,坂上之云,司马辽太郎,,T5,T5 二战后多极文学,,REVIEW,缺少可机器读取的 year；需要按成书/定稿/首次发表史人工核验,自动通过,WL-WORK-1036
城塞.md,城塞,司马辽太郎,,T5,T5 二战后多极文学,,REVIEW,缺少可机器读取的 year；需要按成书/定稿/首次发表史人工核验,自动通过,WL-WORK-2487
城市.md,城市,克利福德·西马克,,T5,T5 二战后多极文学,,REVIEW,缺少可机器读取的 year；需要按成书/定稿/首次发表史人工核验,自动通过,WL-WORK-0312
城市与狗.md,城市与狗,巴尔加斯·略萨,,T5,T5 二战后多极文学,,REVIEW,缺少可机器读取的 year；需要按成书/定稿/首次发表史人工核验,自动通过,WL-WORK-1039
城市与群星.md,城市与群星,阿瑟·克拉克,,T5,T5 二战后多极文学,,REVIEW,缺少可机器读取的 year；需要按成书/定稿/首次发表史人工核验,自动通过,WL-WORK-0308
基地.md,基地,艾萨克·阿西莫夫,,T5,T5 二战后多极文学,,REVIEW,缺少可机器读取的 year；需要按成书/定稿/首次发表史人工核验,自动通过,WL-WORK-0295
基地与帝国.md,基地与帝国,艾萨克·阿西莫夫,,T5,T5 二战后多极文学,,REVIEW,缺少可机器读取的 year；需要按成书/定稿/首次发表史人工核验,自动通过,WL-WORK-0296
塔玛斯.md,塔玛斯,比沙姆·萨赫尼,,T5,T5 二战后多极文学,,REVIEW,缺少可机器读取的 year；需要按成书/定稿/首次发表史人工核验,自动通过,WL-WORK-1639
塞伯鲁斯的第五颗头.md,塞伯鲁斯的第五颗头,吉恩·沃尔夫,,T5,T5 二战后多极文学,,REVIEW,缺少可机器读取的 year；需要按成书/定稿/首次发表史人工核验,自动通过,WL-WORK-0365
夏之花.md,夏之花,原民喜,,T5,T5 二战后多极文学,,REVIEW,缺少可机器读取的 year；需要按成书/定稿/首次发表史人工核验,自动通过,WL-WORK-1641
夏日花.md,夏日花,原民喜,,T5,T5 二战后多极文学,,REVIEW,缺少可机器读取的 year；需要按成书/定稿/首次发表史人工核验,自动通过,WL-WORK-2045
多情剑客无情剑.md,多情剑客无情剑,古龙,,T5,T5 二战后多极文学,,REVIEW,缺少可机器读取的 year；需要按成书/定稿/首次发表史人工核验,自动通过,WL-WORK-2490
夜幕下的大军.md,夜幕下的大军,诺曼·梅勒,,T5,T5 二战后多极文学,,REVIEW,缺少可机器读取的 year；需要按成书/定稿/首次发表史人工核验,自动通过,WL-WORK-1642
夜莺尸衣.md,夜莺尸衣,P.D.詹姆斯,,T5,T5 二战后多极文学,,REVIEW,缺少可机器读取的 year；需要按成书/定稿/首次发表史人工核验,自动通过,WL-WORK-0103
夜访吸血鬼.md,夜访吸血鬼,安妮·赖斯,,T5,T5 二战后多极文学,,REVIEW,缺少可机器读取的 year；需要按成书/定稿/首次发表史人工核验,自动通过,WL-WORK-0647
大唐游侠传.md,大唐游侠传,梁羽生,,T5,T5 二战后多极文学,,REVIEW,缺少可机器读取的 year；需要按成书/定稿/首次发表史人工核验,自动通过,WL-WORK-2492
大地永存.md,大地永存,乔治·R.斯图尔特,,T5,T5 二战后多极文学,,REVIEW,缺少可机器读取的 year；需要按成书/定稿/首次发表史人工核验,自动通过,WL-WORK-0325
大师和玛格丽特.md,大师和玛格丽特,布尔加科夫,,T5,T5 二战后多极文学,,REVIEW,缺少可机器读取的 year；需要按成书/定稿/首次发表史人工核验,自动通过,WL-WORK-1647
大时代.md,大时代,弗里茨·莱伯,,T5,T5 二战后多极文学,,REVIEW,缺少可机器读取的 year；需要按成书/定稿/首次发表史人工核验,需复核,WL-WORK-2897
大沙漠.md,大沙漠,古龙,,T5,T5 二战后多极文学,,REVIEW,缺少可机器读取的 year；需要按成书/定稿/首次发表史人工核验,自动通过,WL-WORK-2495
大海啊，大海.md,大海啊，大海,艾丽丝·默多克,,T5,T5 二战后多极文学,,REVIEW,缺少可机器读取的 year；需要按成书/定稿/首次发表史人工核验,需复核,WL-WORK-3045
天堂的喷泉.md,天堂的喷泉,阿瑟·克拉克,,T5,T5 二战后多极文学,,REVIEW,缺少可机器读取的 year；需要按成书/定稿/首次发表史人工核验,自动通过,WL-WORK-0311
天才雷普利.md,天才雷普利,帕特里夏·海史密斯,,T5,T5 二战后多极文学,,REVIEW,缺少可机器读取的 year；需要按成书/定稿/首次发表史人工核验,自动通过,WL-WORK-0085
天空的孤儿.md,天空的孤儿,罗伯特·海因莱因,,T5,T5 二战后多极文学,,REVIEW,缺少可机器读取的 year；需要按成书/定稿/首次发表史人工核验,自动通过,WL-WORK-0306
天钧.md,天钧,厄休拉·勒古恩,,T5,T5 二战后多极文学,,REVIEW,缺少可机器读取的 year；需要按成书/定稿/首次发表史人工核验,自动通过,WL-WORK-0356
天龙八部.md,天龙八部,侠义伦理,,T5,T5 二战后多极文学,,REVIEW,缺少可机器读取的 year；需要按成书/定稿/首次发表史人工核验,自动通过,WL-WORK-2498
太空商人.md,太空商人,弗雷德里克·波尔 / 西里尔·M.科恩布鲁斯,,T5,T5 二战后多极文学,,REVIEW,缺少可机器读取的 year；需要按成书/定稿/首次发表史人工核验,自动通过,WL-WORK-0339
太阳下的人们.md,太阳下的人们,加桑·卡纳法尼,1963,T5,T5 二战后多极文学,T5,PASS,按 year 与正式 T 轴范围一致,手工核验,WL-WORK-2047
失踪的足迹.md,失踪的足迹,阿莱霍·卡彭铁尔,,T5,T5 二战后多极文学,,REVIEW,缺少可机器读取的 year；需要按成书/定稿/首次发表史人工核验,自动通过,WL-WORK-0651
奎勒备忘录.md,奎勒备忘录,亚当·霍尔,,T5,T5 二战后多极文学,,REVIEW,缺少可机器读取的 year；需要按成书/定稿/首次发表史人工核验,需复核,WL-WORK-3093
奔马.md,奔马,三岛由纪夫,,T5,T5 二战后多极文学,,REVIEW,缺少可机器读取的 year；需要按成书/定稿/首次发表史人工核验,自动通过,WL-WORK-2501
奥吉·马奇历险记.md,奥吉·马奇历险记,索尔·贝娄,,T5,T5 二战后多极文学,,REVIEW,缺少可机器读取的 year；需要按成书/定稿/首次发表史人工核验,自动通过,WL-WORK-1653
奥拉.md,奥拉,卡洛斯·富恩特斯,,T5,T5 二战后多极文学,,REVIEW,缺少可机器读取的 year；需要按成书/定稿/首次发表史人工核验,自动通过,WL-WORK-1655
女人的房间.md,女人的房间,玛丽莲·弗伦奇,,T5,T5 二战后多极文学,,REVIEW,缺少可机器读取的 year；需要按成书/定稿/首次发表史人工核验,自动通过,WL-WORK-1657
女仆.md,女仆,让·热内,,T5,T5 二战后多极文学,,REVIEW,缺少可机器读取的 year；需要按成书/定稿/首次发表史人工核验,自动通过,WL-WORK-1658
女性男人.md,女性男人,乔安娜·拉斯,,T5,T5 二战后多极文学,,REVIEW,缺少可机器读取的 year；需要按成书/定稿/首次发表史人工核验,自动通过,WL-WORK-1659
女王蜂.md,女王蜂,横沟正史,,T5,T5 二战后多极文学,,REVIEW,缺少可机器读取的 year；需要按成书/定稿/首次发表史人工核验,自动通过,WL-WORK-0156
女面.md,女面,円地文子,,T5,T5 二战后多极文学,,REVIEW,缺少可机器读取的 year；需要按成书/定稿/首次发表史人工核验,自动通过,WL-WORK-1660
她的烟雾永恒升起.md,她的烟雾永恒升起,詹姆斯·提普特里二世,,T5,T5 二战后多极文学,,REVIEW,缺少可机器读取的 year；需要按成书/定稿/首次发表史人工核验,自动通过,WL-WORK-0359
如果在冬夜，一个旅人.md,如果在冬夜，一个旅人,伊塔洛·卡尔维诺,,T5,T5 二战后多极文学,,REVIEW,缺少可机器读取的 year；需要按成书/定稿/首次发表史人工核验,自动通过,WL-WORK-1662
如果我死在战区.md,如果我死在战区,蒂姆·奥布莱恩,,T5,T5 二战后多极文学,,REVIEW,缺少可机器读取的 year；需要按成书/定稿/首次发表史人工核验,自动通过,WL-WORK-1663
如果这是一个人.md,如果这是一个人,普里莫·莱维,,T5,T5 二战后多极文学,,REVIEW,缺少可机器读取的 year；需要按成书/定稿/首次发表史人工核验,自动通过,WL-WORK-1664
如此漫长的信.md,如此漫长的信,玛丽亚玛·芭,1979,T5,T5 二战后多极文学,T5,PASS,按 year 与正式 T 轴范围一致,自动通过,WL-WORK-2051
姆温多史诗.md,姆温多史诗,佚名,1969,T5,T5 二战后多极文学,T5,PASS,按 year 与正式 T 轴范围一致,自动通过,WL-WORK-1444
嫉妒.md,嫉妒,阿兰·罗伯-格里耶,,T5,T5 二战后多极文学,,REVIEW,缺少可机器读取的 year；需要按成书/定稿/首次发表史人工核验,自动通过,WL-WORK-1666
孤独的伦敦人.md,孤独的伦敦人,萨姆·塞尔文,,T5,T5 二战后多极文学,,REVIEW,缺少可机器读取的 year；需要按成书/定稿/首次发表史人工核验,自动通过,WL-WORK-1667
孩子，你别哭.md,孩子，你别哭,恩古吉·瓦·提安哥,,T5,T5 二战后多极文学,,REVIEW,缺少可机器读取的 year；需要按成书/定稿/首次发表史人工核验,自动通过,WL-WORK-1064
宇宙奇趣全集.md,宇宙奇趣全集,伊塔洛·卡尔维诺,,T5,T5 二战后多极文学,,REVIEW,缺少可机器读取的 year；需要按成书/定稿/首次发表史人工核验,自动通过,WL-WORK-1669
守产人.md,守产人,纳丁·戈迪默,,T5,T5 二战后多极文学,,REVIEW,缺少可机器读取的 year；需要按成书/定稿/首次发表史人工核验,需复核,WL-WORK-3040
守屋人.md,守屋人,雪莉·安·格劳,,T5,T5 二战后多极文学,,REVIEW,缺少可机器读取的 year；需要按成书/定稿/首次发表史人工核验,需复核,WL-WORK-2991
安妮日记.md,安妮日记,安妮·弗兰克,,T5,T5 二战后多极文学,,REVIEW,缺少可机器读取的 year；需要按成书/定稿/首次发表史人工核验,自动通过,WL-WORK-1066
安德森维尔.md,安德森维尔,麦金莱·坎特,,T5,T5 二战后多极文学,,REVIEW,缺少可机器读取的 year；需要按成书/定稿/首次发表史人工核验,需复核,WL-WORK-2985
安息角.md,安息角,华莱士·斯特格纳,1971,T5,T5 二战后多极文学,T5,PASS,按 year 与正式 T 轴范围一致,自动通过,WL-WORK-2503
安珀志：安珀九王子.md,安珀志：安珀九王子,罗杰·泽拉兹尼,,T5,T5 二战后多极文学,,REVIEW,缺少可机器读取的 year；需要按成书/定稿/首次发表史人工核验,自动通过,WL-WORK-0665
安静的场所.md,安静的场所,松本清张,,T5,T5 二战后多极文学,,REVIEW,缺少可机器读取的 year；需要按成书/定稿/首次发表史人工核验,自动通过,WL-WORK-0165
宫间街.md,宫间街,纳吉布·马哈福兹,,T5,T5 二战后多极文学,,REVIEW,缺少可机器读取的 year；需要按成书/定稿/首次发表史人工核验,自动通过,WL-WORK-1069
寒颤.md,寒颤,罗斯·麦克唐纳,,T5,T5 二战后多极文学,,REVIEW,缺少可机器读取的 year；需要按成书/定稿/首次发表史人工核验,自动通过,WL-WORK-0090
寓言（福克纳）.md,寓言,威廉·福克纳,,T5,T5 二战后多极文学,,REVIEW,缺少可机器读取的 year；需要按成书/定稿/首次发表史人工核验,需复核,WL-WORK-2984
射雕英雄传.md,射雕英雄传,金庸,,T5,T5 二战后多极文学,,REVIEW,缺少可机器读取的 year；需要按成书/定稿/首次发表史人工核验,自动通过,WL-WORK-2506
将军族.md,将军族,陈映真,,T5,T5 二战后多极文学,,REVIEW,缺少可机器读取的 year；需要按成书/定稿/首次发表史人工核验,自动通过,WL-WORK-1677
尤比克.md,尤比克,菲利普·K.迪克,,T5,T5 二战后多极文学,,REVIEW,缺少可机器读取的 year；需要按成书/定稿/首次发表史人工核验,自动通过,WL-WORK-0330
尸体之城.md,尸体之城,大田洋子,,T5,T5 二战后多极文学,,REVIEW,缺少可机器读取的 year；需要按成书/定稿/首次发表史人工核验,自动通过,WL-WORK-2056
尸体之街.md,尸体之街,大田洋子,,T5,T5 二战后多极文学,,REVIEW,缺少可机器读取的 year；需要按成书/定稿/首次发表史人工核验,自动通过,WL-WORK-1679
山音.md,山音,川端康成,,T5,T5 二战后多极文学,,REVIEW,缺少可机器读取的 year；需要按成书/定稿/首次发表史人工核验,需复核,WL-WORK-3158
巴别-17.md,巴别-17,塞缪尔·R.德拉尼,,T5,T5 二战后多极文学,,REVIEW,缺少可机器读取的 year；需要按成书/定稿/首次发表史人工核验,自动通过,WL-WORK-0348
巴基斯坦列车.md,巴基斯坦列车,库什万特·辛格,,T5,T5 二战后多极文学,,REVIEW,缺少可机器读取的 year；需要按成书/定稿/首次发表史人工核验,自动通过,WL-WORK-1683
巴斯蒂.md,巴斯蒂,因蒂扎尔·侯赛因,,T5,T5 二战后多极文学,,REVIEW,缺少可机器读取的 year；需要按成书/定稿/首次发表史人工核验,自动通过,WL-WORK-1684
希腊人佐巴.md,希腊人佐巴,尼科斯·卡赞扎基斯,,T5,T5 二战后多极文学,,REVIEW,缺少可机器读取的 year；需要按成书/定稿/首次发表史人工核验,需复核,WL-WORK-2850
帷幕.md,帷幕,阿加莎·克里斯蒂,,T5,T5 二战后多极文学,,REVIEW,缺少可机器读取的 year；需要按成书/定稿/首次发表史人工核验,自动通过,WL-WORK-0031
并非出于仇恨.md,并非出于仇恨,玛玛蕾,,T5,T5 二战后多极文学,,REVIEW,缺少可机器读取的 year；需要按成书/定稿/首次发表史人工核验,需复核,WL-WORK-3173
广场.md,广场,崔仁勋,,T5,T5 二战后多极文学,,REVIEW,缺少可机器读取的 year；需要按成书/定稿/首次发表史人工核验,自动通过,WL-WORK-1689
广岛.md,广岛,约翰·赫西,,T5,T5 二战后多极文学,,REVIEW,缺少可机器读取的 year；需要按成书/定稿/首次发表史人工核验,自动通过,WL-WORK-2062
广岛札记.md,广岛札记,大江健三郎,,T5,T5 二战后多极文学,,REVIEW,缺少可机器读取的 year；需要按成书/定稿/首次发表史人工核验,自动通过,WL-WORK-2063
广阔腹地：条条小径.md,广阔腹地：条条小径,吉马朗埃斯·罗萨,,T5,T5 二战后多极文学,,REVIEW,缺少可机器读取的 year；需要按成书/定稿/首次发表史人工核验,自动通过,WL-WORK-1691
庭院深深.md,庭院深深,琼瑶,,T5,T5 二战后多极文学,,REVIEW,缺少可机器读取的 year；需要按成书/定稿/首次发表史人工核验,自动通过,WL-WORK-2064
开往伍德斯托克的末班车.md,开往伍德斯托克的末班车,科林·德克斯特,,T5,T5 二战后多极文学,,REVIEW,缺少可机器读取的 year；需要按成书/定稿/首次发表史人工核验,自动通过,WL-WORK-0105
开往巴基斯坦的列车.md,开往巴基斯坦的列车,库什万特·辛格,1956,T5,T5 二战后多极文学,T5,PASS,按 year 与正式 T 轴范围一致,人工核验,WL-WORK-T5-TRAIN-PAKISTAN
开罗三部曲.md,开罗三部曲,纳吉布·马哈福兹,,T5,T5 二战后多极文学,,REVIEW,缺少可机器读取的 year；需要按成书/定稿/首次发表史人工核验,需复核,WL-WORK-2852
异乡异客.md,异乡异客,罗伯特·海因莱因,,T5,T5 二战后多极文学,,REVIEW,缺少可机器读取的 year；需要按成书/定稿/首次发表史人工核验,自动通过,WL-WORK-0302
弗兰德公路.md,弗兰德公路,克洛德·西蒙,,T5,T5 二战后多极文学,,REVIEW,缺少可机器读取的 year；需要按成书/定稿/首次发表史人工核验,自动通过,WL-WORK-1692
弗莱德丽卡.md,弗莱德丽卡,乔吉特·海耶,,T5,T5 二战后多极文学,,REVIEW,缺少可机器读取的 year；需要按成书/定稿/首次发表史人工核验,自动通过,WL-WORK-2065
当选者.md,当选者,伯尼斯·鲁本斯,,T5,T5 二战后多极文学,,REVIEW,缺少可机器读取的 year；需要按成书/定稿/首次发表史人工核验,需复核,WL-WORK-3036
彼得便士.md,彼得便士,乔恩·克利里,,T5,T5 二战后多极文学,,REVIEW,缺少可机器读取的 year；需要按成书/定稿/首次发表史人工核验,需复核,WL-WORK-3101
往事.md,往事,什穆埃尔·约瑟夫·阿格农,,T5,T5 二战后多极文学,,REVIEW,缺少可机器读取的 year；需要按成书/定稿/首次发表史人工核验,需复核,WL-WORK-3196
微暗的火.md,微暗的火,纳博科夫,,T5,T5 二战后多极文学,,REVIEW,缺少可机器读取的 year；需要按成书/定稿/首次发表史人工核验,自动通过,WL-WORK-2068
微笑的警察.md,微笑的警察,马伊·舍瓦尔 / 佩尔·瓦勒,,T5,T5 二战后多极文学,,REVIEW,缺少可机器读取的 year；需要按成书/定稿/首次发表史人工核验,需复核,WL-WORK-3098
德里纳河上的桥.md,德里纳河上的桥,伊沃·安德里奇,,T5,T5 二战后多极文学,,REVIEW,缺少可机器读取的 year；需要按成书/定稿/首次发表史人工核验,手工核验,WL-WORK-3215
忠告与同意.md,忠告与同意,艾伦·德鲁里,,T5,T5 二战后多极文学,,REVIEW,缺少可机器读取的 year；需要按成书/定稿/首次发表史人工核验,需复核,WL-WORK-2988
忧国.md,忧国,三岛由纪夫,,T5,T5 二战后多极文学,,REVIEW,缺少可机器读取的 year；需要按成书/定稿/首次发表史人工核验,自动通过,WL-WORK-2523
思宫街.md,思宫街,纳吉布·马哈福兹,,T5,T5 二战后多极文学,,REVIEW,缺少可机器读取的 year；需要按成书/定稿/首次发表史人工核验,自动通过,WL-WORK-1109
急需病例.md,急需病例,迈克尔·克赖顿,,T5,T5 二战后多极文学,,REVIEW,缺少可机器读取的 year；需要按成书/定稿/首次发表史人工核验,需复核,WL-WORK-3096
怪屋.md,怪屋,阿加莎·克里斯蒂,,T5,T5 二战后多极文学,,REVIEW,缺少可机器读取的 year；需要按成书/定稿/首次发表史人工核验,自动通过,WL-WORK-0029
总统先生.md,总统先生,米格尔·安赫尔·阿斯图里亚斯,,T5,T5 二战后多极文学,,REVIEW,缺少可机器读取的 year；需要按成书/定稿/首次发表史人工核验,自动通过,WL-WORK-1699
恋情的终结.md,恋情的终结,格雷厄姆·格林,,T5,T5 二战后多极文学,,REVIEW,缺少可机器读取的 year；需要按成书/定稿/首次发表史人工核验,自动通过,WL-WORK-2071
恐惧拉斯维加斯.md,恐惧拉斯维加斯,亨特·S.汤普森,,T5,T5 二战后多极文学,,REVIEW,缺少可机器读取的 year；需要按成书/定稿/首次发表史人工核验,自动通过,WL-WORK-1700
恶时辰.md,恶时辰,加西亚·马尔克斯,,T5,T5 二战后多极文学,,REVIEW,缺少可机器读取的 year；需要按成书/定稿/首次发表史人工核验,自动通过,WL-WORK-1703
恶魔吹着笛子来.md,恶魔吹着笛子来,横沟正史,,T5,T5 二战后多极文学,,REVIEW,缺少可机器读取的 year；需要按成书/定稿/首次发表史人工核验,自动通过,WL-WORK-0155
悲伤的边缘.md,悲伤的边缘,埃德温·奥康纳,,T5,T5 二战后多极文学,,REVIEW,缺少可机器读取的 year；需要按成书/定稿/首次发表史人工核验,需复核,WL-WORK-2989
悲观主义者塞义德的奇异事件.md,悲观主义者塞义德的奇异事件,埃米尔·哈比比,,T5,T5 二战后多极文学,,REVIEW,缺少可机器读取的 year；需要按成书/定稿/首次发表史人工核验,自动通过,WL-WORK-1704
愤怒的回顾.md,愤怒的回顾,约翰·奥斯本,,T5,T5 二战后多极文学,,REVIEW,缺少可机器读取的 year；需要按成书/定稿/首次发表史人工核验,自动通过,WL-WORK-1706
我们一直住在城堡里.md,我们一直住在城堡里,雪莉·杰克逊,,T5,T5 二战后多极文学,,REVIEW,缺少可机器读取的 year；需要按成书/定稿/首次发表史人工核验,自动通过,WL-WORK-0698
我们在奥斯维辛.md,我们在奥斯维辛,塔德乌什·博罗夫斯基,,T5,T5 二战后多极文学,,REVIEW,缺少可机器读取的 year；需要按成书/定稿/首次发表史人工核验,自动通过,WL-WORK-1707
我们街区的孩子们.md,我们街区的孩子们,纳吉布·马哈福兹,,T5,T5 二战后多极文学,,REVIEW,缺少可机器读取的 year；需要按成书/定稿/首次发表史人工核验,自动通过,WL-WORK-1710
我内心的恶魔.md,我内心的恶魔,吉姆·汤普森,,T5,T5 二战后多极文学,,REVIEW,缺少可机器读取的 year；需要按成书/定稿/首次发表史人工核验,自动通过,WL-WORK-0086
我是传奇.md,我是传奇,理查德·麦瑟森,,T5,T5 二战后多极文学,,REVIEW,缺少可机器读取的 year；需要按成书/定稿/首次发表史人工核验,自动通过,WL-WORK-0323
我眼中的恶魔.md,我眼中的恶魔,露丝·伦德尔,,T5,T5 二战后多极文学,,REVIEW,缺少可机器读取的 year；需要按成书/定稿/首次发表史人工核验,自动通过,WL-WORK-0127
我，机器人.md,我，机器人,艾萨克·阿西莫夫,,T5,T5 二战后多极文学,,REVIEW,缺少可机器读取的 year；需要按成书/定稿/首次发表史人工核验,自动通过,WL-WORK-0294
我，至高无上者.md,我，至高无上者,奥古斯托·罗亚·巴斯托斯,,T5,T5 二战后多极文学,,REVIEW,缺少可机器读取的 year；需要按成书/定稿/首次发表史人工核验,自动通过,WL-WORK-1712
战舰武藏.md,战舰武藏,吉村昭,,T5,T5 二战后多极文学,,REVIEW,缺少可机器读取的 year；需要按成书/定稿/首次发表史人工核验,自动通过,WL-WORK-1119
所罗门之歌.md,所罗门之歌,托妮·莫里森,,T5,T5 二战后多极文学,,REVIEW,缺少可机器读取的 year；需要按成书/定稿/首次发表史人工核验,自动通过,WL-WORK-1122
打开.md,打开,萨达特·哈桑·曼托,,T5,T5 二战后多极文学,,REVIEW,缺少可机器读取的 year；需要按成书/定稿/首次发表史人工核验,自动通过,WL-WORK-1715
托巴·泰克·辛.md,托巴·泰克·辛,萨达特·哈桑·曼托,,T5,T5 二战后多极文学,,REVIEW,缺少可机器读取的 year；需要按成书/定稿/首次发表史人工核验,自动通过,WL-WORK-1716
托巴·泰克·辛格.md,托巴·泰克·辛格,萨达特·哈桑·曼托,1955,T5,T5 二战后多极文学,T5,PASS,按 year 与正式 T 轴范围一致,手工核验,WL-WORK-R3-18161939
抓住我：杀了我.md,抓住我：杀了我,威廉·H·哈拉汉,,T5,T5 二战后多极文学,,REVIEW,缺少可机器读取的 year；需要按成书/定稿/首次发表史人工核验,需复核,WL-WORK-3104
抽签.md,抽签,雪莉·杰克逊,,T5,T5 二战后多极文学,,REVIEW,缺少可机器读取的 year；需要按成书/定稿/首次发表史人工核验,自动通过,WL-WORK-0706
拉格泰姆时代.md,拉格泰姆时代,E.L.多克托罗,,T5,T5 二战后多极文学,,REVIEW,缺少可机器读取的 year；需要按成书/定稿/首次发表史人工核验,自动通过,WL-WORK-1126
拉脱维亚人彼得.md,拉脱维亚人彼得,乔治·西默农,,T5,T5 二战后多极文学,,REVIEW,缺少可机器读取的 year；需要按成书/定稿/首次发表史人工核验,自动通过,WL-WORK-0227
拍卖第四十九批.md,拍卖第四十九批,托马斯·品钦,,T5,T5 二战后多极文学,,REVIEW,缺少可机器读取的 year；需要按成书/定稿/首次发表史人工核验,自动通过,WL-WORK-1718
掠夺者.md,掠夺者,威廉·福克纳,,T5,T5 二战后多极文学,,REVIEW,缺少可机器读取的 year；需要按成书/定稿/首次发表史人工核验,需复核,WL-WORK-2990
摩天楼.md,摩天楼,J.G.巴拉德,,T5,T5 二战后多极文学,,REVIEW,缺少可机器读取的 year；需要按成书/定稿/首次发表史人工核验,自动通过,WL-WORK-0344
撒冷镇.md,撒冷镇,斯蒂芬·金,,T5,T5 二战后多极文学,,REVIEW,缺少可机器读取的 year；需要按成书/定稿/首次发表史人工核验,自动通过,WL-WORK-0709
撞车.md,撞车,J.G.巴拉德,,T5,T5 二战后多极文学,,REVIEW,缺少可机器读取的 year；需要按成书/定稿/首次发表史人工核验,自动通过,WL-WORK-0343
敦煌.md,敦煌,井上靖,,T5,T5 二战后多极文学,,REVIEW,缺少可机器读取的 year；需要按成书/定稿/首次发表史人工核验,自动通过,WL-WORK-1131
斜阳.md,斜阳,太宰治,,T5,T5 二战后多极文学,,REVIEW,缺少可机器读取的 year；需要按成书/定稿/首次发表史人工核验,自动通过,WL-WORK-1721
断剑.md,断剑,波尔·安德森,,T5,T5 二战后多极文学,,REVIEW,缺少可机器读取的 year；需要按成书/定稿/首次发表史人工核验,自动通过,WL-WORK-0712
斯大林格勒.md,斯大林格勒,瓦西里·格罗斯曼,,T5,T5 二战后多极文学,,REVIEW,缺少可机器读取的 year；需要按成书/定稿/首次发表史人工核验,自动通过,WL-WORK-2075
新·平家物语.md,新·平家物语,吉川英治,,T5,T5 二战后多极文学,,REVIEW,缺少可机器读取的 year；需要按成书/定稿/首次发表史人工核验,自动通过,WL-WORK-2534
新星.md,新星,塞缪尔·R.德拉尼,,T5,T5 二战后多极文学,,REVIEW,缺少可机器读取的 year；需要按成书/定稿/首次发表史人工核验,自动通过,WL-WORK-0349
新选组血风录.md,新选组血风录,司马辽太郎,,T5,T5 二战后多极文学,,REVIEW,缺少可机器读取的 year；需要按成书/定稿/首次发表史人工核验,自动通过,WL-WORK-2535
方法论.md,方法论,阿莱霍·卡彭铁尔,,T5,T5 二战后多极文学,,REVIEW,缺少可机器读取的 year；需要按成书/定稿/首次发表史人工核验,自动通过,WL-WORK-1723
族长的秋天.md,族长的秋天,加西亚·马尔克斯,,T5,T5 二战后多极文学,,REVIEW,缺少可机器读取的 year；需要按成书/定稿/首次发表史人工核验,自动通过,WL-WORK-1725
无命运的人生.md,无命运的人生,凯尔泰斯,,T5,T5 二战后多极文学,,REVIEW,缺少可机器读取的 year；需要按成书/定稿/首次发表史人工核验,自动通过,WL-WORK-2079
无敌号.md,无敌号,斯坦尼斯瓦夫·莱姆,,T5,T5 二战后多极文学,,REVIEW,缺少可机器读取的 year；需要按成书/定稿/首次发表史人工核验,自动通过,WL-WORK-0335
日瓦戈医生.md,日瓦戈医生,帕斯捷尔纳克,,T5,T5 二战后多极文学,,REVIEW,缺少可机器读取的 year；需要按成书/定稿/首次发表史人工核验,自动通过,WL-WORK-1730
时间.md,时间,堀田善卫,,T5,T5 二战后多极文学,,REVIEW,缺少可机器读取的 year；需要按成书/定稿/首次发表史人工核验,个人补录,WL-WORK-2718
时间的女儿.md,时间的女儿,约瑟芬·铁伊,,T5,T5 二战后多极文学,,REVIEW,缺少可机器读取的 year；需要按成书/定稿/首次发表史人工核验,自动通过,WL-WORK-0058
时间调校研究所.md,时间调校研究所,艾哈迈德·哈姆迪·坦普纳尔,,T5,T5 二战后多极文学,,REVIEW,缺少可机器读取的 year；需要按成书/定稿/首次发表史人工核验,需复核,WL-WORK-3190
时间边缘的女人.md,时间边缘的女人,玛吉·皮尔西,,T5,T5 二战后多极文学,,REVIEW,缺少可机器读取的 year；需要按成书/定稿/首次发表史人工核验,自动通过,WL-WORK-0358
昔日甜鸟歌唱处.md,昔日甜鸟歌唱处,凯特·威廉姆,,T5,T5 二战后多极文学,,REVIEW,缺少可机器读取的 year；需要按成书/定稿/首次发表史人工核验,需复核,WL-WORK-2904
星期一开始于星期六.md,星期一开始于星期六,斯特鲁加茨基兄弟,,T5,T5 二战后多极文学,,REVIEW,缺少可机器读取的 year；需要按成书/定稿/首次发表史人工核验,自动通过,WL-WORK-0338
星船伞兵.md,星船伞兵,罗伯特·海因莱因,,T5,T5 二战后多极文学,,REVIEW,缺少可机器读取的 year；需要按成书/定稿/首次发表史人工核验,自动通过,WL-WORK-0301
星辰时刻.md,星辰时刻,克拉丽丝·利斯佩克托,,T5,T5 二战后多极文学,,REVIEW,缺少可机器读取的 year；需要按成书/定稿/首次发表史人工核验,自动通过,WL-WORK-1732
春雪.md,春雪,三岛由纪夫,,T5,T5 二战后多极文学,,REVIEW,缺少可机器读取的 year；需要按成书/定稿/首次发表史人工核验,自动通过,WL-WORK-1733
暗黑扫描仪.md,暗黑扫描仪,菲利普·K.迪克,,T5,T5 二战后多极文学,,REVIEW,缺少可机器读取的 year；需要按成书/定稿/首次发表史人工核验,自动通过,WL-WORK-0331
暧昧的冒险.md,暧昧的冒险,谢赫·哈米杜·卡内,,T5,T5 二战后多极文学,,REVIEW,缺少可机器读取的 year；需要按成书/定稿/首次发表史人工核验,自动通过,WL-WORK-1734
最后一战.md,最后一战,C.S.刘易斯,,T5,T5 二战后多极文学,,REVIEW,缺少可机器读取的 year；需要按成书/定稿/首次发表史人工核验,自动通过,WL-WORK-0724
最后的酒.md,最后的酒,玛丽·瑞瑙特,,T5,T5 二战后多极文学,,REVIEW,缺少可机器读取的 year；需要按成书/定稿/首次发表史人工核验,自动通过,WL-WORK-1145
最明净的地区.md,最明净的地区,卡洛斯·富恩特斯,,T5,T5 二战后多极文学,,REVIEW,缺少可机器读取的 year；需要按成书/定稿/首次发表史人工核验,自动通过,WL-WORK-1737
最蓝的眼睛.md,最蓝的眼睛,托妮·莫里森,,T5,T5 二战后多极文学,,REVIEW,缺少可机器读取的 year；需要按成书/定稿/首次发表史人工核验,自动通过,WL-WORK-1146
最遥远的海岸.md,最遥远的海岸,厄休拉·勒古恩,,T5,T5 二战后多极文学,,REVIEW,缺少可机器读取的 year；需要按成书/定稿/首次发表史人工核验,自动通过,WL-WORK-0725
月亮与篝火.md,月亮与篝火,切萨雷·帕韦泽,,T5,T5 二战后多极文学,,REVIEW,缺少可机器读取的 year；需要按成书/定稿/首次发表史人工核验,自动通过,WL-WORK-1738
月亮是个严厉的主人.md,月亮是个严厉的主人,罗伯特·海因莱因,,T5,T5 二战后多极文学,,REVIEW,缺少可机器读取的 year；需要按成书/定稿/首次发表史人工核验,需复核,WL-WORK-2902
有事要交代.md,有事要交代,P.H.纽比,,T5,T5 二战后多极文学,,REVIEW,缺少可机器读取的 year；需要按成书/定稿/首次发表史人工核验,需复核,WL-WORK-3035
有人居住的星球.md,有人居住的星球,斯特鲁加茨基兄弟,,T5,T5 二战后多极文学,,REVIEW,缺少可机器读取的 year；需要按成书/定稿/首次发表史人工核验,自动通过,WL-WORK-1148
本阵杀人事件.md,本阵杀人事件,横沟正史,,T5,T5 二战后多极文学,,REVIEW,缺少可机器读取的 year；需要按成书/定稿/首次发表史人工核验,自动通过,WL-WORK-0151
机器人大师.md,机器人大师,斯坦尼斯瓦夫·莱姆,,T5,T5 二战后多极文学,,REVIEW,缺少可机器读取的 year；需要按成书/定稿/首次发表史人工核验,自动通过,WL-WORK-0333
机器人短篇全集.md,机器人短篇全集,艾萨克·阿西莫夫,,T5,T5 二战后多极文学,,REVIEW,缺少可机器读取的 year；需要按成书/定稿/首次发表史人工核验,个人补录,WL-WORK-2666
杀戮天使.md,杀戮天使,迈克尔·沙拉,1974,T5,T5 二战后多极文学,T5,PASS,按 year 与正式 T 轴范围一致,自动通过,WL-WORK-1153
杀死一只知更鸟.md,杀死一只知更鸟,哈珀·李,,T5,T5 二战后多极文学,,REVIEW,缺少可机器读取的 year；需要按成书/定稿/首次发表史人工核验,自动通过,WL-WORK-1154
权力问题.md,权力问题,贝茜·黑德,,T5,T5 二战后多极文学,,REVIEW,缺少可机器读取的 year；需要按成书/定稿/首次发表史人工核验,需复核,WL-WORK-3202
杰米·麦克菲特斯的旅行.md,杰米·麦克菲特斯的旅行,罗伯特·刘易斯·泰勒,,T5,T5 二战后多极文学,,REVIEW,缺少可机器读取的 year；需要按成书/定稿/首次发表史人工核验,需复核,WL-WORK-2987
林加拉密码.md,林加拉密码,沃伦·基弗,,T5,T5 二战后多极文学,,REVIEW,缺少可机器读取的 year；需要按成书/定稿/首次发表史人工核验,需复核,WL-WORK-3100
林海雪原.md,林海雪原,曲波,,T5,T5 二战后多极文学,,REVIEW,缺少可机器读取的 year；需要按成书/定稿/首次发表史人工核验,自动通过,WL-WORK-1745
枭之城.md,枭之城,司马辽太郎,,T5,T5 二战后多极文学,,REVIEW,缺少可机器读取的 year；需要按成书/定稿/首次发表史人工核验,自动通过,WL-WORK-2548
柏林谍影.md,柏林谍影,约翰·勒卡雷,,T5,T5 二战后多极文学,,REVIEW,缺少可机器读取的 year；需要按成书/定稿/首次发表史人工核验,自动通过,WL-WORK-0253
染血之室.md,染血之室,安吉拉·卡特,,T5,T5 二战后多极文学,,REVIEW,缺少可机器读取的 year；需要按成书/定稿/首次发表史人工核验,自动通过,WL-WORK-0732
柳生忍法帖.md,柳生忍法帖,山田风太郎,,T5,T5 二战后多极文学,,REVIEW,缺少可机器读取的 year；需要按成书/定稿/首次发表史人工核验,自动通过,WL-WORK-2549
柳生武艺帐.md,柳生武艺帐,五味康祐,,T5,T5 二战后多极文学,,REVIEW,缺少可机器读取的 year；需要按成书/定稿/首次发表史人工核验,自动通过,WL-WORK-2550
格兰奇·科普兰的第三次生命.md,格兰奇·科普兰的第三次生命,爱丽丝·沃克,,T5,T5 二战后多极文学,,REVIEW,缺少可机器读取的 year；需要按成书/定稿/首次发表史人工核验,自动通过,WL-WORK-1747
格里姆斯克里布.md,格里姆斯克里布,默文·皮克,,T5,T5 二战后多极文学,,REVIEW,缺少可机器读取的 year；需要按成书/定稿/首次发表史人工核验,自动通过,WL-WORK-0738
梅尔尼波内的艾尔利克.md,梅尔尼波内的艾尔利克,迈克尔·莫考克,,T5,T5 二战后多极文学,,REVIEW,缺少可机器读取的 year；需要按成书/定稿/首次发表史人工核验,自动通过,WL-WORK-0740
梦蛇.md,梦蛇,冯达·麦金泰尔,,T5,T5 二战后多极文学,,REVIEW,缺少可机器读取的 year；需要按成书/定稿/首次发表史人工核验,需复核,WL-WORK-2905
棕榈酒鬼.md,棕榈酒鬼,阿莫斯·图图奥拉,,T5,T5 二战后多极文学,,REVIEW,缺少可机器读取的 year；需要按成书/定稿/首次发表史人工核验,自动通过,WL-WORK-1754
楚留香：血海飘香.md,楚留香：血海飘香,古龙,,T5,T5 二战后多极文学,,REVIEW,缺少可机器读取的 year；需要按成书/定稿/首次发表史人工核验,自动通过,WL-WORK-2551
楼兰.md,楼兰,井上靖,,T5,T5 二战后多极文学,,REVIEW,缺少可机器读取的 year；需要按成书/定稿/首次发表史人工核验,自动通过,WL-WORK-1165
榕树叶.md,榕树叶,阿尔伯特·温特,,T5,T5 二战后多极文学,,REVIEW,缺少可机器读取的 year；需要按成书/定稿/首次发表史人工核验,需复核,WL-WORK-3214
樅ノ木は残った.md,樅ノ木は残った,山本周五郎,,T5,T5 二战后多极文学,,REVIEW,缺少可机器读取的 year；需要按成书/定稿/首次发表史人工核验,自动通过,WL-WORK-2553
模仿者.md,模仿者,V.S.奈保尔,,T5,T5 二战后多极文学,,REVIEW,缺少可机器读取的 year；需要按成书/定稿/首次发表史人工核验,自动通过,WL-WORK-1755
欢乐英雄.md,欢乐英雄,古龙,,T5,T5 二战后多极文学,,REVIEW,缺少可机器读取的 year；需要按成书/定稿/首次发表史人工核验,自动通过,WL-WORK-2554
歌门鬼城.md,歌门鬼城,默文·皮克,,T5,T5 二战后多极文学,,REVIEW,缺少可机器读取的 year；需要按成书/定稿/首次发表史人工核验,自动通过,WL-WORK-0743
武士的一分.md,武士的一分,藤泽周平,1978,T5,T5 二战后多极文学,T5,PASS,按 year 与正式 T 轴范围一致,自动通过,WL-WORK-2556
死亡与国王的侍从.md,死亡与国王的侍从,沃莱·索因卡,,T5,T5 二战后多极文学,,REVIEW,缺少可机器读取的 year；需要按成书/定稿/首次发表史人工核验,自动通过,WL-WORK-1756
死亡与快乐女人.md,死亡与快乐女人,埃利斯·彼得斯,,T5,T5 二战后多极文学,,REVIEW,缺少可机器读取的 year；需要按成书/定稿/首次发表史人工核验,需复核,WL-WORK-3091
死亡地带.md,死亡地带,斯蒂芬·金,,T5,T5 二战后多极文学,,REVIEW,缺少可机器读取的 year；需要按成书/定稿/首次发表史人工核验,自动通过,WL-WORK-0744
母亲的快乐.md,母亲的快乐,布奇·埃梅切塔,,T5,T5 二战后多极文学,,REVIEW,缺少可机器读取的 year；需要按成书/定稿/首次发表史人工核验,自动通过,WL-WORK-1170
毕司沃斯先生的房子.md,毕司沃斯先生的房子,V.S.奈保尔,,T5,T5 二战后多极文学,,REVIEW,缺少可机器读取的 year；需要按成书/定稿/首次发表史人工核验,自动通过,WL-WORK-1759
水晶洞.md,水晶洞,玛丽·斯图尔特,,T5,T5 二战后多极文学,,REVIEW,缺少可机器读取的 year；需要按成书/定稿/首次发表史人工核验,自动通过,WL-WORK-0748
永恒的终结.md,永恒的终结,艾萨克·阿西莫夫,,T5,T5 二战后多极文学,,REVIEW,缺少可机器读取的 year；需要按成书/定稿/首次发表史人工核验,自动通过,WL-WORK-0299
永远的战争.md,永远的战争,乔·霍尔德曼,,T5,T5 二战后多极文学,,REVIEW,缺少可机器读取的 year；需要按成书/定稿/首次发表史人工核验,自动通过,WL-WORK-0416
江湖夜雨十年灯.md,江湖夜雨十年灯,诸葛青云,,T5,T5 二战后多极文学,,REVIEW,缺少可机器读取的 year；需要按成书/定稿/首次发表史人工核验,自动通过,WL-WORK-2564
沃斯.md,沃斯,帕特里克·怀特,,T5,T5 二战后多极文学,,REVIEW,缺少可机器读取的 year；需要按成书/定稿/首次发表史人工核验,需复核,WL-WORK-3210
沉静的美国人.md,沉静的美国人,格雷厄姆·格林,,T5,T5 二战后多极文学,,REVIEW,缺少可机器读取的 year；需要按成书/定稿/首次发表史人工核验,自动通过,WL-WORK-2087
沉默.md,沉默,远藤周作,,T5,T5 二战后多极文学,,REVIEW,缺少可机器读取的 year；需要按成书/定稿/首次发表史人工核验,自动通过,WL-WORK-1179
沙丘.md,沙丘,弗兰克·赫伯特,,T5,T5 二战后多极文学,,REVIEW,缺少可机器读取的 year；需要按成书/定稿/首次发表史人工核验,自动通过,WL-WORK-0327
没有人给他写信的上校.md,没有人给他写信的上校,加西亚·马尔克斯,,T5,T5 二战后多极文学,,REVIEW,缺少可机器读取的 year；需要按成书/定稿/首次发表史人工核验,自动通过,WL-WORK-1763
没有界限的地方.md,没有界限的地方,何塞·多诺索,,T5,T5 二战后多极文学,,REVIEW,缺少可机器读取的 year；需要按成书/定稿/首次发表史人工核验,自动通过,WL-WORK-1764
法兰柴思事件.md,法兰柴思事件,约瑟芬·铁伊,,T5,T5 二战后多极文学,,REVIEW,缺少可机器读取的 year；需要按成书/定稿/首次发表史人工核验,自动通过,WL-WORK-0059
法国中尉的女人.md,法国中尉的女人,约翰·福尔斯,,T5,T5 二战后多极文学,,REVIEW,缺少可机器读取的 year；需要按成书/定稿/首次发表史人工核验,自动通过,WL-WORK-1183
法官和他的刽子手.md,法官和他的刽子手,弗里德里希·迪伦马特,,T5,T5 二战后多极文学,,REVIEW,缺少可机器读取的 year；需要按成书/定稿/首次发表史人工核验,自动通过,WL-WORK-0236
波斯少年.md,波斯少年,玛丽·瑞瑙特,,T5,T5 二战后多极文学,,REVIEW,缺少可机器读取的 year；需要按成书/定稿/首次发表史人工核验,自动通过,WL-WORK-1184
泰特斯·格罗恩.md,泰特斯·格罗恩,默文·皮克,,T5,T5 二战后多极文学,,REVIEW,缺少可机器读取的 year；需要按成书/定稿/首次发表史人工核验,自动通过,WL-WORK-0757
洛丽塔.md,洛丽塔,纳博科夫,,T5,T5 二战后多极文学,,REVIEW,缺少可机器读取的 year；需要按成书/定稿/首次发表史人工核验,自动通过,WL-WORK-2090
洪堡的礼物.md,洪堡的礼物,索尔·贝娄,,T5,T5 二战后多极文学,,REVIEW,缺少可机器读取的 year；需要按成书/定稿/首次发表史人工核验,需复核,WL-WORK-2997
流浪者.md,流浪者,弗里茨·莱伯,,T5,T5 二战后多极文学,,REVIEW,缺少可机器读取的 year；需要按成书/定稿/首次发表史人工核验,需复核,WL-WORK-2900
浮现.md,浮现,玛格丽特·阿特伍德,,T5,T5 二战后多极文学,,REVIEW,缺少可机器读取的 year；需要按成书/定稿/首次发表史人工核验,自动通过,WL-WORK-1770
海与毒药.md,海与毒药,远藤周作,,T5,T5 二战后多极文学,,REVIEW,缺少可机器读取的 year；需要按成书/定稿/首次发表史人工核验,自动通过,WL-WORK-1188
海法归来.md,海法归来,格桑·卡纳法尼,,T5,T5 二战后多极文学,,REVIEW,缺少可机器读取的 year；需要按成书/定稿/首次发表史人工核验,自动通过,WL-WORK-1772
海滩上.md,海滩上,内维尔·舒特,,T5,T5 二战后多极文学,,REVIEW,缺少可机器读取的 year；需要按成书/定稿/首次发表史人工核验,自动通过,WL-WORK-0324
涂脂抹粉的小嘴.md,涂脂抹粉的小嘴,曼努埃尔·普伊格,,T5,T5 二战后多极文学,,REVIEW,缺少可机器读取的 year；需要按成书/定稿/首次发表史人工核验,自动通过,WL-WORK-1775
消逝的足迹.md,消逝的足迹,阿莱霍·卡彭铁尔,,T5,T5 二战后多极文学,,REVIEW,缺少可机器读取的 year；需要按成书/定稿/首次发表史人工核验,自动通过,WL-WORK-1776
淫秽的夜鸟.md,淫秽的夜鸟,何塞·多诺索,,T5,T5 二战后多极文学,,REVIEW,缺少可机器读取的 year；需要按成书/定稿/首次发表史人工核验,自动通过,WL-WORK-1777
混凝土岛.md,混凝土岛,J.G.巴拉德,,T5,T5 二战后多极文学,,REVIEW,缺少可机器读取的 year；需要按成书/定稿/首次发表史人工核验,自动通过,WL-WORK-1193
淹没的世界.md,淹没的世界,J.G.巴拉德,,T5,T5 二战后多极文学,,REVIEW,缺少可机器读取的 year；需要按成书/定稿/首次发表史人工核验,自动通过,WL-WORK-0342
温室.md,温室,布莱恩·奥尔迪斯,,T5,T5 二战后多极文学,,REVIEW,缺少可机器读取的 year；需要按成书/定稿/首次发表史人工核验,自动通过,WL-WORK-0346
漫长的告别.md,漫长的告别,雷蒙德·钱德勒,,T5,T5 二战后多极文学,,REVIEW,缺少可机器读取的 year；需要按成书/定稿/首次发表史人工核验,自动通过,WL-WORK-0074
潜入沉船.md,潜入沉船,阿德里安娜·里奇,,T5,T5 二战后多极文学,,REVIEW,缺少可机器读取的 year；需要按成书/定稿/首次发表史人工核验,自动通过,WL-WORK-1781
火之河.md,火之河,库拉图兰·海德尔,,T5,T5 二战后多极文学,,REVIEW,缺少可机器读取的 year；需要按成书/定稿/首次发表史人工核验,自动通过,WL-WORK-1782
火星编年史.md,火星编年史,雷·布拉德伯里,,T5,T5 二战后多极文学,,REVIEW,缺少可机器读取的 year；需要按成书/定稿/首次发表史人工核验,自动通过,WL-WORK-0318
火河.md,火河,库拉图莱因·海德尔,,T5,T5 二战后多极文学,,REVIEW,缺少可机器读取的 year；需要按成书/定稿/首次发表史人工核验,需复核,WL-WORK-3177
火车怪客.md,火车怪客,帕特里夏·海史密斯,,T5,T5 二战后多极文学,,REVIEW,缺少可机器读取的 year；需要按成书/定稿/首次发表史人工核验,自动通过,WL-WORK-0084
火车正点.md,火车正点,海因里希·伯尔,,T5,T5 二战后多极文学,,REVIEW,缺少可机器读取的 year；需要按成书/定稿/首次发表史人工核验,自动通过,WL-WORK-2093
点与线.md,点与线,松本清张,,T5,T5 二战后多极文学,,REVIEW,缺少可机器读取的 year；需要按成书/定稿/首次发表史人工核验,自动通过,WL-WORK-0161
烈日下的人们.md,烈日下的人们,格桑·卡纳法尼,,T5,T5 二战后多极文学,,REVIEW,缺少可机器读取的 year；需要按成书/定稿/首次发表史人工核验,自动通过,WL-WORK-1783
烟中之虎.md,烟中之虎,玛杰里·阿林厄姆,,T5,T5 二战后多极文学,,REVIEW,缺少可机器读取的 year；需要按成书/定稿/首次发表史人工核验,自动通过,WL-WORK-0057
热与尘.md,热与尘,露丝·普拉瓦尔·贾布瓦拉,,T5,T5 二战后多极文学,,REVIEW,缺少可机器读取的 year；需要按成书/定稿/首次发表史人工核验,需复核,WL-WORK-3042
燃烧吧剑.md,燃烧吧剑,司马辽太郎,,T5,T5 二战后多极文学,,REVIEW,缺少可机器读取的 year；需要按成书/定稿/首次发表史人工核验,自动通过,WL-WORK-1205
燃烧的原野.md,燃烧的原野,胡安·鲁尔福,,T5,T5 二战后多极文学,,REVIEW,缺少可机器读取的 year；需要按成书/定稿/首次发表史人工核验,自动通过,WL-WORK-1784
爱因斯坦交叉.md,爱因斯坦交叉,塞缪尔·R.德拉尼,,T5,T5 二战后多极文学,,REVIEW,缺少可机器读取的 year；需要按成书/定稿/首次发表史人工核验,需复核,WL-WORK-2930
物.md,物,乔治·佩雷克,,T5,T5 二战后多极文学,,REVIEW,缺少可机器读取的 year；需要按成书/定稿/首次发表史人工核验,自动通过,WL-WORK-1789
特拉特洛尔科之夜.md,特拉特洛尔科之夜,埃莱娜·波尼亚托夫斯卡,,T5,T5 二战后多极文学,,REVIEW,缺少可机器读取的 year；需要按成书/定稿/首次发表史人工核验,自动通过,WL-WORK-1790
犬神家族.md,犬神家族,横沟正史,,T5,T5 二战后多极文学,,REVIEW,缺少可机器读取的 year；需要按成书/定稿/首次发表史人工核验,自动通过,WL-WORK-0153
独立之阳.md,独立之阳,阿马杜·库鲁马,,T5,T5 二战后多极文学,,REVIEW,缺少可机器读取的 year；需要按成书/定稿/首次发表史人工核验,需复核,WL-WORK-3205
独立的太阳.md,独立的太阳,艾哈迈杜·库鲁马,,T5,T5 二战后多极文学,,REVIEW,缺少可机器读取的 year；需要按成书/定稿/首次发表史人工核验,自动通过,WL-WORK-1793
狮子、女巫和魔衣橱.md,狮子、女巫和魔衣橱,C.S.刘易斯,,T5,T5 二战后多极文学,,REVIEW,缺少可机器读取的 year；需要按成书/定稿/首次发表史人工核验,自动通过,WL-WORK-0772
狱门岛.md,狱门岛,横沟正史,,T5,T5 二战后多极文学,,REVIEW,缺少可机器读取的 year；需要按成书/定稿/首次发表史人工核验,自动通过,WL-WORK-0152
猫头鹰在哭泣.md,猫头鹰在哭泣,珍妮特·弗雷姆,,T5,T5 二战后多极文学,,REVIEW,缺少可机器读取的 year；需要按成书/定稿/首次发表史人工核验,需复核,WL-WORK-3212
猫的摇篮.md,猫的摇篮,库尔特·冯内古特,,T5,T5 二战后多极文学,,REVIEW,缺少可机器读取的 year；需要按成书/定稿/首次发表史人工核验,自动通过,WL-WORK-0352
献给阿尔吉侬的花束.md,献给阿尔吉侬的花束,丹尼尔·凯斯,,T5,T5 二战后多极文学,,REVIEW,缺少可机器读取的 year；需要按成书/定稿/首次发表史人工核验,自动通过,WL-WORK-0326
猴山之梦.md,猴山之梦,德里克·沃尔科特,,T5,T5 二战后多极文学,,REVIEW,缺少可机器读取的 year；需要按成书/定稿/首次发表史人工核验,自动通过,WL-WORK-1794
玉米人.md,玉米人,米格尔·安赫尔·阿斯图里亚斯,,T5,T5 二战后多极文学,,REVIEW,缺少可机器读取的 year；需要按成书/定稿/首次发表史人工核验,自动通过,WL-WORK-1795
玉钗盟.md,玉钗盟,梁羽生,,T5,T5 二战后多极文学,,REVIEW,缺少可机器读取的 year；需要按成书/定稿/首次发表史人工核验,自动通过,WL-WORK-2572
玩笑.md,玩笑,米兰·昆德拉,,T5,T5 二战后多极文学,,REVIEW,缺少可机器读取的 year；需要按成书/定稿/首次发表史人工核验,自动通过,WL-WORK-1797
环形世界.md,环形世界,拉里·尼文,,T5,T5 二战后多极文学,,REVIEW,缺少可机器读取的 year；需要按成书/定稿/首次发表史人工核验,自动通过,WL-WORK-0369
琴声如诉.md,琴声如诉,玛格丽特·杜拉斯,,T5,T5 二战后多极文学,,REVIEW,缺少可机器读取的 year；需要按成书/定稿/首次发表史人工核验,自动通过,WL-WORK-1798
琼·斯塔福德短篇小说集.md,琼·斯塔福德短篇小说集,琼·斯塔福德,,T5,T5 二战后多极文学,,REVIEW,缺少可机器读取的 year；需要按成书/定稿/首次发表史人工核验,需复核,WL-WORK-2995
瓦解.md,瓦解,钦努阿·阿契贝,,T5,T5 二战后多极文学,,REVIEW,缺少可机器读取的 year；需要按成书/定稿/首次发表史人工核验,自动通过,WL-WORK-1215
甘十九妹.md,甘十九妹,萧逸,,T5,T5 二战后多极文学,,REVIEW,缺少可机器读取的 year；需要按成书/定稿/首次发表史人工核验,自动通过,WL-WORK-2574
甘露街.md,甘露街,纳吉布·马哈福兹,,T5,T5 二战后多极文学,,REVIEW,缺少可机器读取的 year；需要按成书/定稿/首次发表史人工核验,自动通过,WL-WORK-1216
生态乌托邦.md,生态乌托邦,欧内斯特·卡伦巴赫,,T5,T5 二战后多极文学,,REVIEW,缺少可机器读取的 year；需要按成书/定稿/首次发表史人工核验,自动通过,WL-WORK-0487
生活在别处.md,生活在别处,米兰·昆德拉,,T5,T5 二战后多极文学,,REVIEW,缺少可机器读取的 year；需要按成书/定稿/首次发表史人工核验,自动通过,WL-WORK-1803
甲贺忍法帖.md,甲贺忍法帖,山田风太郎,,T5,T5 二战后多极文学,,REVIEW,缺少可机器读取的 year；需要按成书/定稿/首次发表史人工核验,自动通过,WL-WORK-2576
画眉鸟.md,画眉鸟,古龙,,T5,T5 二战后多极文学,,REVIEW,缺少可机器读取的 year；需要按成书/定稿/首次发表史人工核验,自动通过,WL-WORK-2577
留下.md,留下,保罗·斯科特,,T5,T5 二战后多极文学,,REVIEW,缺少可机器读取的 year；需要按成书/定稿/首次发表史人工核验,需复核,WL-WORK-3044
瘦子麦麦德.md,瘦子麦麦德,亚沙尔·凯马尔,,T5,T5 二战后多极文学,,REVIEW,缺少可机器读取的 year；需要按成书/定稿/首次发表史人工核验,需复核,WL-WORK-3191
癌症楼.md,癌症楼,索尔仁尼琴,,T5,T5 二战后多极文学,,REVIEW,缺少可机器读取的 year；需要按成书/定稿/首次发表史人工核验,自动通过,WL-WORK-1808
白发魔女传.md,白发魔女传,梁羽生,,T5,T5 二战后多极文学,,REVIEW,缺少可机器读取的 year；需要按成书/定稿/首次发表史人工核验,自动通过,WL-WORK-2579
白昼之光.md,白昼之光,埃里克·安布勒,,T5,T5 二战后多极文学,,REVIEW,缺少可机器读取的 year；需要按成书/定稿/首次发表史人工核验,需复核,WL-WORK-3092
白马啸西风.md,白马啸西风,金庸,,T5,T5 二战后多极文学,,REVIEW,缺少可机器读取的 year；需要按成书/定稿/首次发表史人工核验,自动通过,WL-WORK-2581
百年孤独.md,百年孤独,加西亚·马尔克斯,,T5,T5 二战后多极文学,,REVIEW,缺少可机器读取的 year；需要按成书/定稿/首次发表史人工核验,自动通过,WL-WORK-1225
盐的代价.md,盐的代价,帕特里夏·海史密斯,,T5,T5 二战后多极文学,,REVIEW,缺少可机器读取的 year；需要按成书/定稿/首次发表史人工核验,自动通过,WL-WORK-2106
盲剑.md,盲剑,藤泽周平,,T5,T5 二战后多极文学,,REVIEW,缺少可机器读取的 year；需要按成书/定稿/首次发表史人工核验,自动通过,WL-WORK-2582
看不见的人.md,看不见的人,拉尔夫·埃里森,1952,T5,T5 二战后多极文学,T5,PASS,按 year 与正式 T 轴范围一致,手工核验,WL-WORK-1228
看不见的城市.md,看不见的城市,伊塔洛·卡尔维诺,,T5,T5 二战后多极文学,,REVIEW,缺少可机器读取的 year；需要按成书/定稿/首次发表史人工核验,自动通过,WL-WORK-1813
真空地带.md,真空地带,野间宏,,T5,T5 二战后多极文学,,REVIEW,缺少可机器读取的 year；需要按成书/定稿/首次发表史人工核验,自动通过,WL-WORK-2107
眼前的野兽.md,眼前的野兽,玛格丽特·米勒,,T5,T5 二战后多极文学,,REVIEW,缺少可机器读取的 year；需要按成书/定稿/首次发表史人工核验,需复核,WL-WORK-3084
石头的审判.md,石头的审判,露丝·伦德尔,,T5,T5 二战后多极文学,,REVIEW,缺少可机器读取的 year；需要按成书/定稿/首次发表史人工核验,自动通过,WL-WORK-0126
砂器.md,砂器,松本清张,,T5,T5 二战后多极文学,,REVIEW,缺少可机器读取的 year；需要按成书/定稿/首次发表史人工核验,自动通过,WL-WORK-0163
砂女.md,砂女,安部公房,1962,T5,T5 二战后多极文学,T5,PASS,按 year 与正式 T 轴范围一致,手工核验,WL-WORK-1815
碧血剑.md,碧血剑,金庸,,T5,T5 二战后多极文学,,REVIEW,缺少可机器读取的 year；需要按成书/定稿/首次发表史人工核验,自动通过,WL-WORK-2584
神们自己.md,神们自己,艾萨克·阿西莫夫,,T5,T5 二战后多极文学,,REVIEW,缺少可机器读取的 year；需要按成书/定稿/首次发表史人工核验,自动通过,WL-WORK-0300
神的木片.md,神的木片,乌斯曼·塞姆班,,T5,T5 二战后多极文学,,REVIEW,缺少可机器读取的 year；需要按成书/定稿/首次发表史人工核验,自动通过,WL-WORK-1816
神箭.md,神箭,钦努阿·阿契贝,,T5,T5 二战后多极文学,,REVIEW,缺少可机器读取的 year；需要按成书/定稿/首次发表史人工核验,自动通过,WL-WORK-1817
神雕侠侣.md,神雕侠侣,金庸,,T5,T5 二战后多极文学,,REVIEW,缺少可机器读取的 year；需要按成书/定稿/首次发表史人工核验,自动通过,WL-WORK-2585
秀拉.md,秀拉,托妮·莫里森,,T5,T5 二战后多极文学,,REVIEW,缺少可机器读取的 year；需要按成书/定稿/首次发表史人工核验,自动通过,WL-WORK-1819
秃头歌女.md,秃头歌女,尤内斯库,,T5,T5 二战后多极文学,,REVIEW,缺少可机器读取的 year；需要按成书/定稿/首次发表史人工核验,自动通过,WL-WORK-1820
科雷马故事.md,科雷马故事,瓦尔拉姆·沙拉莫夫,,T5,T5 二战后多极文学,,REVIEW,缺少可机器读取的 year；需要按成书/定稿/首次发表史人工核验,自动通过,WL-WORK-1821
移动靶.md,移动靶,罗斯·麦克唐纳,,T5,T5 二战后多极文学,,REVIEW,缺少可机器读取的 year；需要按成书/定稿/首次发表史人工核验,自动通过,WL-WORK-0088
移居北方的时节.md,移居北方的时节,塔伊卜·萨利赫,,T5,T5 二战后多极文学,,REVIEW,缺少可机器读取的 year；需要按成书/定稿/首次发表史人工核验,需复核,WL-WORK-2851
窗外.md,窗外,琼瑶,,T5,T5 二战后多极文学,,REVIEW,缺少可机器读取的 year；需要按成书/定稿/首次发表史人工核验,自动通过,WL-WORK-2108
站在桑给巴尔.md,站在桑给巴尔,约翰·布鲁纳,,T5,T5 二战后多极文学,,REVIEW,缺少可机器读取的 year；需要按成书/定稿/首次发表史人工核验,自动通过,WL-WORK-1239
童年的终结.md,童年的终结,阿瑟·克拉克,,T5,T5 二战后多极文学,,REVIEW,缺少可机器读取的 year；需要按成书/定稿/首次发表史人工核验,自动通过,WL-WORK-0307
笑傲江湖.md,笑傲江湖,金庸,,T5,T5 二战后多极文学,,REVIEW,缺少可机器读取的 year；需要按成书/定稿/首次发表史人工核验,自动通过,WL-WORK-2589
笑忘录.md,笑忘录,米兰·昆德拉,,T5,T5 二战后多极文学,,REVIEW,缺少可机器读取的 year；需要按成书/定稿/首次发表史人工核验,自动通过,WL-WORK-2110
第一圈.md,第一圈,索尔仁尼琴,,T5,T5 二战后多极文学,,REVIEW,缺少可机器读取的 year；需要按成书/定稿/首次发表史人工核验,自动通过,WL-WORK-1824
第二十二条军规.md,第二十二条军规,约瑟夫·海勒,1961,T5,T5 二战后多极文学,T5,PASS,按 year 与正式 T 轴范围一致,手工核验,WL-WORK-0792
第二基地.md,第二基地,艾萨克·阿西莫夫,,T5,T5 二战后多极文学,,REVIEW,缺少可机器读取的 year；需要按成书/定稿/首次发表史人工核验,自动通过,WL-WORK-0297
第四间冰期.md,第四间冰期,安部公房,,T5,T5 二战后多极文学,,REVIEW,缺少可机器读取的 year；需要按成书/定稿/首次发表史人工核验,自动通过,WL-WORK-0441
等待戈多.md,等待戈多,萨缪尔·贝克特,,T5,T5 二战后多极文学,,REVIEW,缺少可机器读取的 year；需要按成书/定稿/首次发表史人工核验,自动通过,WL-WORK-1825
简·布罗迪小姐的青春.md,简·布罗迪小姐的青春,穆丽尔·斯帕克,,T5,T5 二战后多极文学,,REVIEW,缺少可机器读取的 year；需要按成书/定稿/首次发表史人工核验,自动通过,WL-WORK-1827
精灵宝钻.md,精灵宝钻,J.R.R.托尔金,,T5,T5 二战后多极文学,,REVIEW,缺少可机器读取的 year；需要按成书/定稿/首次发表史人工核验,自动通过,WL-WORK-0796
索拉里斯星.md,索拉里斯星,斯坦尼斯瓦夫·莱姆,,T5,T5 二战后多极文学,,REVIEW,缺少可机器读取的 year；需要按成书/定稿/首次发表史人工核验,自动通过,WL-WORK-0332
紫丁香庄事件.md,紫丁香庄事件,鲇川哲也,,T5,T5 二战后多极文学,,REVIEW,缺少可机器读取的 year；需要按成书/定稿/首次发表史人工核验,需复核,WL-WORK-0160
紫电青霜.md,紫电青霜,诸葛青云,,T5,T5 二战后多极文学,,REVIEW,缺少可机器读取的 year；需要按成书/定稿/首次发表史人工核验,自动通过,WL-WORK-2591
约翰·契弗短篇小说集.md,约翰·契弗短篇小说集,约翰·契弗,,T5,T5 二战后多极文学,,REVIEW,缺少可机器读取的 year；需要按成书/定稿/首次发表史人工核验,需复核,WL-WORK-2999
纪之川.md,纪之川,有吉佐和子,,T5,T5 二战后多极文学,,REVIEW,缺少可机器读取的 year；需要按成书/定稿/首次发表史人工核验,自动通过,WL-WORK-1257
纳特·特纳的自白.md,纳特·特纳的自白,威廉·斯蒂伦,,T5,T5 二战后多极文学,,REVIEW,缺少可机器读取的 year；需要按成书/定稿/首次发表史人工核验,需复核,WL-WORK-2994
组织部来了个年轻人.md,组织部来了个年轻人,王蒙,,T5,T5 二战后多极文学,,REVIEW,缺少可机器读取的 year；需要按成书/定稿/首次发表史人工核验,自动通过,WL-WORK-1830
细雪.md,细雪,谷崎润一郎,1948,T5,T5 二战后多极文学,T5,PASS,按 year 与正式 T 轴范围一致,自动通过,WL-WORK-1258
结局.md,结局,博尔赫斯,1953,T5,T5 二战后多极文学,T5,PASS,按 year 与正式 T 轴范围一致,人工核验,WL-WORK-2597
绝代双骄.md,绝代双骄,古龙,,T5,T5 二战后多极文学,,REVIEW,缺少可机器读取的 year；需要按成书/定稿/首次发表史人工核验,自动通过,WL-WORK-2598
维吉尔之死.md,维吉尔之死,赫尔曼·布洛赫,,T5,T5 二战后多极文学,,REVIEW,缺少可机器读取的 year；需要按成书/定稿/首次发表史人工核验,自动通过,WL-WORK-1832
绿房子.md,绿房子,巴尔加斯·略萨,,T5,T5 二战后多极文学,,REVIEW,缺少可机器读取的 year；需要按成书/定稿/首次发表史人工核验,自动通过,WL-WORK-1833
缩小的人.md,缩小的人,理查德·麦瑟森,,T5,T5 二战后多极文学,,REVIEW,缺少可机器读取的 year；需要按成书/定稿/首次发表史人工核验,自动通过,WL-WORK-0806
罗斯玛丽的婴儿.md,罗斯玛丽的婴儿,艾拉·莱文,,T5,T5 二战后多极文学,,REVIEW,缺少可机器读取的 year；需要按成书/定稿/首次发表史人工核验,自动通过,WL-WORK-0808
罪恶之谋.md,罪恶之谋,P.D.詹姆斯,,T5,T5 二战后多极文学,,REVIEW,缺少可机器读取的 year；需要按成书/定稿/首次发表史人工核验,自动通过,WL-WORK-0104
羊群抬头.md,羊群抬头,约翰·布鲁纳,,T5,T5 二战后多极文学,,REVIEW,缺少可机器读取的 year；需要按成书/定稿/首次发表史人工核验,自动通过,WL-WORK-1265
美丽者尚未诞生.md,美丽者尚未诞生,阿伊·克韦·阿尔马,,T5,T5 二战后多极文学,,REVIEW,缺少可机器读取的 year；需要按成书/定稿/首次发表史人工核验,自动通过,WL-WORK-1834
群星，我的归宿.md,群星，我的归宿,阿尔弗雷德·贝斯特,,T5,T5 二战后多极文学,,REVIEW,缺少可机器读取的 year；需要按成书/定稿/首次发表史人工核验,自动通过,WL-WORK-0321
老人与海.md,老人与海,海明威,,T5,T5 二战后多极文学,,REVIEW,缺少可机器读取的 year；需要按成书/定稿/首次发表史人工核验,自动通过,WL-WORK-0814
耳语之人.md,耳语之人,约翰·狄克森·卡尔,,T5,T5 二战后多极文学,,REVIEW,缺少可机器读取的 year；需要按成书/定稿/首次发表史人工核验,自动通过,WL-WORK-0036
能面杀人事件.md,能面杀人事件,高木彬光,,T5,T5 二战后多极文学,,REVIEW,缺少可机器读取的 year；需要按成书/定稿/首次发表史人工核验,自动通过,WL-WORK-0158
自动钢琴.md,自动钢琴,库尔特·冯内古特,,T5,T5 二战后多极文学,,REVIEW,缺少可机器读取的 year；需要按成书/定稿/首次发表史人工核验,自动通过,WL-WORK-1270
良心个案.md,良心个案,詹姆斯·布利什,,T5,T5 二战后多极文学,,REVIEW,缺少可机器读取的 year；需要按成书/定稿/首次发表史人工核验,需复核,WL-WORK-2898
艳阳天.md,艳阳天,浩然,,T5,T5 二战后多极文学,,REVIEW,缺少可机器读取的 year；需要按成书/定稿/首次发表史人工核验,自动通过,WL-WORK-1839
芽むしり仔撃ち ／ 摘芽弃子.md,芽むしり仔撃ち / 摘芽弃子,大江健三郎,,T5,T5 二战后多极文学,,REVIEW,缺少可机器读取的 year；需要按成书/定稿/首次发表史人工核验,自动通过,WL-WORK-1272
苏乌尚.md,苏乌尚,西敏·达内什瓦尔,1969,T5,T5 二战后多极文学,T5,PASS,按 year 与正式 T 轴范围一致,手工核验,WL-WORK-R1-SAVUSHUN
英雄无泪.md,英雄无泪,古龙,,T5,T5 二战后多极文学,,REVIEW,缺少可机器读取的 year；需要按成书/定稿/首次发表史人工核验,自动通过,WL-WORK-2607
茶馆.md,茶馆,老舍,,T5,T5 二战后多极文学,,REVIEW,缺少可机器读取的 year；需要按成书/定稿/首次发表史人工核验,个人补录,WL-WORK-2678
荷兰人.md,荷兰人,阿米里·巴拉卡,,T5,T5 二战后多极文学,,REVIEW,缺少可机器读取的 year；需要按成书/定稿/首次发表史人工核验,自动通过,WL-WORK-1847
莫敲骨头.md,莫敲骨头,夏洛特·杰伊,,T5,T5 二战后多极文学,,REVIEW,缺少可机器读取的 year；需要按成书/定稿/首次发表史人工核验,需复核,WL-WORK-3083
莱博维茨的赞歌.md,莱博维茨的赞歌,沃尔特·M.米勒,,T5,T5 二战后多极文学,,REVIEW,缺少可机器读取的 year；需要按成书/定稿/首次发表史人工核验,自动通过,WL-WORK-0322
莱茵黄金路线.md,莱茵黄金路线,阿瑟·马林,,T5,T5 二战后多极文学,,REVIEW,缺少可机器读取的 year；需要按成书/定稿/首次发表史人工核验,需复核,WL-WORK-3106
萍踪侠影录.md,萍踪侠影录,梁羽生,,T5,T5 二战后多极文学,,REVIEW,缺少可机器读取的 year；需要按成书/定稿/首次发表史人工核验,自动通过,WL-WORK-2609
萨加拉纳.md,萨加拉纳,吉马朗埃斯·罗萨,,T5,T5 二战后多极文学,,REVIEW,缺少可机器读取的 year；需要按成书/定稿/首次发表史人工核验,自动通过,WL-WORK-1851
萨维尔.md,萨维尔,戴维·斯托里,,T5,T5 二战后多极文学,,REVIEW,缺少可机器读取的 year；需要按成书/定稿/首次发表史人工核验,需复核,WL-WORK-3043
蓝房间.md,蓝房间,乔治·西默农,,T5,T5 二战后多极文学,,REVIEW,缺少可机器读取的 year；需要按成书/定稿/首次发表史人工核验,自动通过,WL-WORK-0229
蓝色含羞草.md,蓝色含羞草,Parijat,1965,T5,T5 二战后多极文学,T5,PASS,按 year 与正式 T 轴范围一致,手工核验,WL-WORK-R3-97308318
藻海无边.md,藻海无边,简·里斯,,T5,T5 二战后多极文学,,REVIEW,缺少可机器读取的 year；需要按成书/定稿/首次发表史人工核验,自动通过,WL-WORK-1282
蛇与绳.md,蛇与绳,拉贾·拉奥,,T5,T5 二战后多极文学,,REVIEW,缺少可机器读取的 year；需要按成书/定稿/首次发表史人工核验,自动通过,WL-WORK-1856
蛛巢小径.md,蛛巢小径,伊塔洛·卡尔维诺,,T5,T5 二战后多极文学,,REVIEW,缺少可机器读取的 year；需要按成书/定稿/首次发表史人工核验,自动通过,WL-WORK-1857
蛹.md,蛹,约翰·温德姆,,T5,T5 二战后多极文学,,REVIEW,缺少可机器读取的 year；需要按成书/定稿/首次发表史人工核验,自动通过,WL-WORK-0316
蜘蛛女之吻.md,蜘蛛女之吻,曼努埃尔·普伊格,,T5,T5 二战后多极文学,,REVIEW,缺少可机器读取的 year；需要按成书/定稿/首次发表史人工核验,自动通过,WL-WORK-1858
蝇王.md,蝇王,威廉·戈尔丁,,T5,T5 二战后多极文学,,REVIEW,缺少可机器读取的 year；需要按成书/定稿/首次发表史人工核验,自动通过,WL-WORK-0832
血海飘香.md,血海飘香,古龙,,T5,T5 二战后多极文学,,REVIEW,缺少可机器读取的 year；需要按成书/定稿/首次发表史人工核验,自动通过,WL-WORK-2614
血色花瓣.md,血色花瓣,恩古吉·瓦·提安哥,,T5,T5 二战后多极文学,,REVIEW,缺少可机器读取的 year；需要按成书/定稿/首次发表史人工核验,自动通过,WL-WORK-1861
被毁灭的人.md,被毁灭的人,阿尔弗雷德·贝斯特,,T5,T5 二战后多极文学,,REVIEW,缺少可机器读取的 year；需要按成书/定稿/首次发表史人工核验,自动通过,WL-WORK-0320
被禁锢的头脑.md,被禁锢的头脑,切斯瓦夫·米沃什,,T5,T5 二战后多极文学,,REVIEW,缺少可机器读取的 year；需要按成书/定稿/首次发表史人工核验,自动通过,WL-WORK-1863
裸体午餐.md,裸体午餐,威廉·S.巴勒斯,,T5,T5 二战后多极文学,,REVIEW,缺少可机器读取的 year；需要按成书/定稿/首次发表史人工核验,自动通过,WL-WORK-1864
裸者与死者.md,裸者与死者,诺曼·梅勒,,T5,T5 二战后多极文学,,REVIEW,缺少可机器读取的 year；需要按成书/定稿/首次发表史人工核验,自动通过,WL-WORK-1284
西行之路.md,西行之路,A.B.格思里,1949,T5,T5 二战后多极文学,T5,PASS,按 year 与正式 T 轴范围一致,自动通过,WL-WORK-2616
观众.md,观众,瓦茨拉夫·哈维尔,,T5,T5 二战后多极文学,,REVIEW,缺少可机器读取的 year；需要按成书/定稿/首次发表史人工核验,自动通过,WL-WORK-1869
警察讨厌鬼.md,警察讨厌鬼,埃德·麦克贝恩,,T5,T5 二战后多极文学,,REVIEW,缺少可机器读取的 year；需要按成书/定稿/首次发表史人工核验,自动通过,WL-WORK-0100
让开！让开！.md,让开！让开！,哈里·哈里森,,T5,T5 二战后多极文学,,REVIEW,缺少可机器读取的 year；需要按成书/定稿/首次发表史人工核验,自动通过,WL-WORK-0341
诠释者.md,诠释者,沃莱·索因卡,,T5,T5 二战后多极文学,,REVIEW,缺少可机器读取的 year；需要按成书/定稿/首次发表史人工核验,自动通过,WL-WORK-1872
请到我们的毒气室来，女士们先生们.md,请到我们的毒气室来，女士们先生们,塔德乌什·博罗夫斯基,,T5,T5 二战后多极文学,,REVIEW,缺少可机器读取的 year；需要按成书/定稿/首次发表史人工核验,自动通过,WL-WORK-2134
诺言.md,诺言,弗里德里希·迪伦马特,,T5,T5 二战后多极文学,,REVIEW,缺少可机器读取的 year；需要按成书/定稿/首次发表史人工核验,自动通过,WL-WORK-0237
谋杀启事.md,谋杀启事,阿加莎·克里斯蒂,,T5,T5 二战后多极文学,,REVIEW,缺少可机器读取的 year；需要按成书/定稿/首次发表史人工核验,自动通过,WL-WORK-0030
豹.md,豹,朱塞佩·托马西·迪·兰佩杜萨,,T5,T5 二战后多极文学,,REVIEW,缺少可机器读取的 year；需要按成书/定稿/首次发表史人工核验,需复核,WL-WORK-2846
豺狼的日子.md,豺狼的日子,弗雷德里克·福赛斯,,T5,T5 二战后多极文学,,REVIEW,缺少可机器读取的 year；需要按成书/定稿/首次发表史人工核验,需复核,WL-WORK-3099
贝克特三部曲.md,贝克特三部曲,塞缪尔·贝克特,,T5,T5 二战后多极文学,,REVIEW,缺少可机器读取的 year；需要按成书/定稿/首次发表史人工核验,需复核,WL-WORK-3153
超越人类.md,超越人类,西奥多·斯特金,,T5,T5 二战后多极文学,,REVIEW,缺少可机器读取的 year；需要按成书/定稿/首次发表史人工核验,自动通过,WL-WORK-0317
路边野餐.md,路边野餐,斯特鲁加茨基兄弟,,T5,T5 二战后多极文学,,REVIEW,缺少可机器读取的 year；需要按成书/定稿/首次发表史人工核验,自动通过,WL-WORK-0336
跳房子.md,跳房子,胡里奥·科塔萨尔,,T5,T5 二战后多极文学,,REVIEW,缺少可机器读取的 year；需要按成书/定稿/首次发表史人工核验,自动通过,WL-WORK-1877
边城浪子.md,边城浪子,古龙,,T5,T5 二战后多极文学,,REVIEW,缺少可机器读取的 year；需要按成书/定稿/首次发表史人工核验,自动通过,WL-WORK-2620
达尔格伦.md,达尔格伦,塞缪尔·R.德拉尼,,T5,T5 二战后多极文学,,REVIEW,缺少可机器读取的 year；需要按成书/定稿/首次发表史人工核验,自动通过,WL-WORK-0350
过于喧嚣的孤独.md,过于喧嚣的孤独,博胡米尔·赫拉巴尔,,T5,T5 二战后多极文学,,REVIEW,缺少可机器读取的 year；需要按成书/定稿/首次发表史人工核验,自动通过,WL-WORK-1879
这完美的一天.md,这完美的一天,艾拉·莱文,,T5,T5 二战后多极文学,,REVIEW,缺少可机器读取的 year；需要按成书/定稿/首次发表史人工核验,自动通过,WL-WORK-1297
这是不是个人.md,这是不是个人,普里莫·莱维,,T5,T5 二战后多极文学,,REVIEW,缺少可机器读取的 year；需要按成书/定稿/首次发表史人工核验,自动通过,WL-WORK-1298
进入盛夏之门.md,进入盛夏之门,罗伯特·海因莱因,,T5,T5 二战后多极文学,,REVIEW,缺少可机器读取的 year；需要按成书/定稿/首次发表史人工核验,自动通过,WL-WORK-0305
连城诀.md,连城诀,金庸,,T5,T5 二战后多极文学,,REVIEW,缺少可机器读取的 year；需要按成书/定稿/首次发表史人工核验,自动通过,WL-WORK-2623
迷失在开心馆.md,迷失在开心馆,约翰·巴斯,,T5,T5 二战后多极文学,,REVIEW,缺少可机器读取的 year；需要按成书/定稿/首次发表史人工核验,自动通过,WL-WORK-1881
通过仪式.md,通过仪式,阿列克谢·潘申,,T5,T5 二战后多极文学,,REVIEW,缺少可机器读取的 year；需要按成书/定稿/首次发表史人工核验,需复核,WL-WORK-2931
通过礼仪.md,通过礼仪,威廉·戈尔丁,,T5,T5 二战后多极文学,,REVIEW,缺少可机器读取的 year；需要按成书/定稿/首次发表史人工核验,需复核,WL-WORK-3047
遮住她的脸.md,遮住她的脸,P.D.詹姆斯,,T5,T5 二战后多极文学,,REVIEW,缺少可机器读取的 year；需要按成书/定稿/首次发表史人工核验,自动通过,WL-WORK-0102
邪恶东西悄然来.md,邪恶东西悄然来,雷·布拉德伯里,,T5,T5 二战后多极文学,,REVIEW,缺少可机器读取的 year；需要按成书/定稿/首次发表史人工核验,自动通过,WL-WORK-0854
酒吧长谈.md,酒吧长谈,巴尔加斯·略萨,,T5,T5 二战后多极文学,,REVIEW,缺少可机器读取的 year；需要按成书/定稿/首次发表史人工核验,自动通过,WL-WORK-1887
里斯本之夜.md,里斯本之夜,雷马克,,T5,T5 二战后多极文学,,REVIEW,缺少可机器读取的 year；需要按成书/定稿/首次发表史人工核验,个人补录,WL-WORK-2698
重力任务.md,重力任务,哈尔·克莱门特,,T5,T5 二战后多极文学,,REVIEW,缺少可机器读取的 year；需要按成书/定稿/首次发表史人工核验,自动通过,WL-WORK-0368
重返海法.md,重返海法,格桑·卡纳法尼,,T5,T5 二战后多极文学,,REVIEW,缺少可机器读取的 year；需要按成书/定稿/首次发表史人工核验,自动通过,WL-WORK-2141
野性的证明.md,野性的证明,森村诚一,,T5,T5 二战后多极文学,,REVIEW,缺少可机器读取的 year；需要按成书/定稿/首次发表史人工核验,自动通过,WL-WORK-0167
野火.md,野火,大冈升平,,T5,T5 二战后多极文学,,REVIEW,缺少可机器读取的 year；需要按成书/定稿/首次发表史人工核验,自动通过,WL-WORK-1306
金剑雕翎.md,金剑雕翎,梁羽生,,T5,T5 二战后多极文学,,REVIEW,缺少可机器读取的 year；需要按成书/定稿/首次发表史人工核验,自动通过,WL-WORK-2627
金色笔记.md,金色笔记,多丽丝·莱辛,,T5,T5 二战后多极文学,,REVIEW,缺少可机器读取的 year；需要按成书/定稿/首次发表史人工核验,自动通过,WL-WORK-1892
金阁寺.md,金阁寺,三岛由纪夫,1956,T5,T5 二战后多极文学,T5,PASS,按 year 与正式 T 轴范围一致,手工核验,WL-WORK-1894
针眼.md,针眼,肯·福莱特,,T5,T5 二战后多极文学,,REVIEW,缺少可机器读取的 year；需要按成书/定稿/首次发表史人工核验,需复核,WL-WORK-3105
钟形罩.md,钟形罩,西尔维娅·普拉斯,,T5,T5 二战后多极文学,,REVIEW,缺少可机器读取的 year；需要按成书/定稿/首次发表史人工核验,自动通过,WL-WORK-1311
钢穴.md,钢穴,艾萨克·阿西莫夫,,T5,T5 二战后多极文学,,REVIEW,缺少可机器读取的 year；需要按成书/定稿/首次发表史人工核验,自动通过,WL-WORK-0298
铁皮鼓.md,铁皮鼓,君特·格拉斯,,T5,T5 二战后多极文学,,REVIEW,缺少可机器读取的 year；需要按成书/定稿/首次发表史人工核验,自动通过,WL-WORK-2143
铁骑银瓶.md,铁骑银瓶,梁羽生,,T5,T5 二战后多极文学,,REVIEW,缺少可机器读取的 year；需要按成书/定稿/首次发表史人工核验,自动通过,WL-WORK-2629
银河系漫游指南.md,银河系漫游指南,道格拉斯·亚当斯,,T5,T5 二战后多极文学,,REVIEW,缺少可机器读取的 year；需要按成书/定稿/首次发表史人工核验,自动通过,WL-WORK-0485
锅匠，裁缝，士兵，间谍.md,锅匠，裁缝，士兵，间谍,约翰·勒卡雷,,T5,T5 二战后多极文学,,REVIEW,缺少可机器读取的 year；需要按成书/定稿/首次发表史人工核验,需复核,WL-WORK-0254
门外.md,门外,沃尔夫冈·博尔歇特,,T5,T5 二战后多极文学,,REVIEW,缺少可机器读取的 year；需要按成书/定稿/首次发表史人工核验,自动通过,WL-WORK-1896
门户.md,门户,弗雷德里克·波尔,,T5,T5 二战后多极文学,,REVIEW,缺少可机器读取的 year；需要按成书/定稿/首次发表史人工核验,自动通过,WL-WORK-0340
闪灵.md,闪灵,斯蒂芬·金,,T5,T5 二战后多极文学,,REVIEW,缺少可机器读取的 year；需要按成书/定稿/首次发表史人工核验,自动通过,WL-WORK-0859
阳光下的葡萄干.md,阳光下的葡萄干,洛兰·汉斯贝里,,T5,T5 二战后多极文学,,REVIEW,缺少可机器读取的 year；需要按成书/定稿/首次发表史人工核验,自动通过,WL-WORK-1897
阴暗的绘画.md,阴暗的绘画,野间宏,,T5,T5 二战后多极文学,,REVIEW,缺少可机器读取的 year；需要按成书/定稿/首次发表史人工核验,自动通过,WL-WORK-1898
阿尔特米奥·克罗斯之死.md,阿尔特米奥·克罗斯之死,卡洛斯·富恩特斯,,T5,T5 二战后多极文学,,REVIEW,缺少可机器读取的 year；需要按成书/定稿/首次发表史人工核验,自动通过,WL-WORK-1318
阿莱夫.md,阿莱夫,博尔赫斯,,T5,T5 二战后多极文学,,REVIEW,缺少可机器读取的 year；需要按成书/定稿/首次发表史人工核验,自动通过,WL-WORK-1902
陆小凤传奇：金鹏王朝.md,陆小凤传奇：金鹏王朝,古龙,,T5,T5 二战后多极文学,,REVIEW,缺少可机器读取的 year；需要按成书/定稿/首次发表史人工核验,自动通过,WL-WORK-2633
陌生人肖像.md,陌生人肖像,娜塔莉·萨洛特,,T5,T5 二战后多极文学,,REVIEW,缺少可机器读取的 year；需要按成书/定稿/首次发表史人工核验,自动通过,WL-WORK-1904
隐剑孤影抄.md,隐剑孤影抄,藤泽周平,,T5,T5 二战后多极文学,,REVIEW,缺少可机器读取的 year；需要按成书/定稿/首次发表史人工核验,自动通过,WL-WORK-2634
隐剑秋风抄.md,隐剑秋风抄,藤泽周平,,T5,T5 二战后多极文学,,REVIEW,缺少可机器读取的 year；需要按成书/定稿/首次发表史人工核验,自动通过,WL-WORK-2635
难做的神.md,难做的神,斯特鲁加茨基兄弟,,T5,T5 二战后多极文学,,REVIEW,缺少可机器读取的 year；需要按成书/定稿/首次发表史人工核验,自动通过,WL-WORK-0337
雌性男人.md,雌性男人,乔安娜·拉斯,,T5,T5 二战后多极文学,,REVIEW,缺少可机器读取的 year；需要按成书/定稿/首次发表史人工核验,自动通过,WL-WORK-0357
雨国之王.md,雨国之王,尼古拉斯·弗里林,,T5,T5 二战后多极文学,,REVIEW,缺少可机器读取的 year；需要按成书/定稿/首次发表史人工核验,需复核,WL-WORK-3094
雪山飞狐.md,雪山飞狐,金庸,,T5,T5 二战后多极文学,,REVIEW,缺少可机器读取的 year；需要按成书/定稿/首次发表史人工核验,自动通过,WL-WORK-2638
零的焦点.md,零的焦点,松本清张,,T5,T5 二战后多极文学,,REVIEW,缺少可机器读取的 year；需要按成书/定稿/首次发表史人工核验,自动通过,WL-WORK-0162
震荡波骑士.md,震荡波骑士,约翰·布鲁纳,,T5,T5 二战后多极文学,,REVIEW,缺少可机器读取的 year；需要按成书/定稿/首次发表史人工核验,自动通过,WL-WORK-0386
霍夫曼博士的地狱欲望机器.md,霍夫曼博士的地狱欲望机器,安吉拉·卡特,,T5,T5 二战后多极文学,,REVIEW,缺少可机器读取的 year；需要按成书/定稿/首次发表史人工核验,自动通过,WL-WORK-1908
青春之歌.md,青春之歌,杨沫,,T5,T5 二战后多极文学,,REVIEW,缺少可机器读取的 year；需要按成书/定稿/首次发表史人工核验,自动通过,WL-WORK-1324
鞭手.md,鞭手,迪克·弗朗西斯,,T5,T5 二战后多极文学,,REVIEW,缺少可机器读取的 year；需要按成书/定稿/首次发表史人工核验,需复核,WL-WORK-3107
风暴使者.md,风暴使者,迈克尔·莫考克,,T5,T5 二战后多极文学,,REVIEW,缺少可机器读取的 year；需要按成书/定稿/首次发表史人工核验,自动通过,WL-WORK-0874
风林火山.md,风林火山,井上靖,,T5,T5 二战后多极文学,,REVIEW,缺少可机器读取的 year；需要按成书/定稿/首次发表史人工核验,自动通过,WL-WORK-1329
飞燕惊龙.md,飞燕惊龙,卧龙生,,T5,T5 二战后多极文学,,REVIEW,缺少可机器读取的 year；需要按成书/定稿/首次发表史人工核验,自动通过,WL-WORK-2640
飞狐外传.md,飞狐外传,金庸,,T5,T5 二战后多极文学,,REVIEW,缺少可机器读取的 year；需要按成书/定稿/首次发表史人工核验,自动通过,WL-WORK-2641
饮马黄河.md,饮马黄河,司马翎,,T5,T5 二战后多极文学,,REVIEW,缺少可机器读取的 year；需要按成书/定稿/首次发表史人工核验,自动通过,WL-WORK-2642
首尔，1964年冬.md,首尔，1964年冬,金承钰,,T5,T5 二战后多极文学,,REVIEW,缺少可机器读取的 year；需要按成书/定稿/首次发表史人工核验,自动通过,WL-WORK-1914
马尔科姆·X自传.md,马尔科姆·X自传,马尔科姆·X / 亚历克斯·哈利,,T5,T5 二战后多极文学,,REVIEW,缺少可机器读取的 year；需要按成书/定稿/首次发表史人工核验,自动通过,WL-WORK-1918
马鸣风萧萧.md,马鸣风萧萧,萧逸,,T5,T5 二战后多极文学,,REVIEW,缺少可机器读取的 year；需要按成书/定稿/首次发表史人工核验,自动通过,WL-WORK-2644
驱魔人.md,驱魔人,威廉·彼得·布拉蒂,,T5,T5 二战后多极文学,,REVIEW,缺少可机器读取的 year；需要按成书/定稿/首次发表史人工核验,自动通过,WL-WORK-0877
驿站.md,驿站,克利福德·西马克,,T5,T5 二战后多极文学,,REVIEW,缺少可机器读取的 year；需要按成书/定稿/首次发表史人工核验,需复核,WL-WORK-2899
高堡奇人.md,高堡奇人,菲利普·K.迪克,,T5,T5 二战后多极文学,,REVIEW,缺少可机器读取的 year；需要按成书/定稿/首次发表史人工核验,自动通过,WL-WORK-0328
鬼屋.md,鬼屋,雪莉·杰克逊,,T5,T5 二战后多极文学,,REVIEW,缺少可机器读取的 year；需要按成书/定稿/首次发表史人工核验,自动通过,WL-WORK-0880
鬼平犯科帐.md,鬼平犯科帐,池波正太郎,,T5,T5 二战后多极文学,,REVIEW,缺少可机器读取的 year；需要按成书/定稿/首次发表史人工核验,自动通过,WL-WORK-2649
魔女嘉莉.md,魔女嘉莉,斯蒂芬·金,,T5,T5 二战后多极文学,,REVIEW,缺少可机器读取的 year；需要按成书/定稿/首次发表史人工核验,自动通过,WL-WORK-0881
魔戒：双塔奇兵.md,魔戒：双塔奇兵,J.R.R.托尔金,,T5,T5 二战后多极文学,,REVIEW,缺少可机器读取的 year；需要按成书/定稿/首次发表史人工核验,自动通过,WL-WORK-0882
魔戒：王者归来.md,魔戒：王者归来,J.R.R.托尔金,,T5,T5 二战后多极文学,,REVIEW,缺少可机器读取的 year；需要按成书/定稿/首次发表史人工核验,自动通过,WL-WORK-0883
魔戒：魔戒同盟.md,魔戒：魔戒同盟,J.R.R.托尔金,,T5,T5 二战后多极文学,,REVIEW,缺少可机器读取的 year；需要按成书/定稿/首次发表史人工核验,自动通过,WL-WORK-0884
魔法师的外甥.md,魔法师的外甥,C.S.刘易斯,,T5,T5 二战后多极文学,,REVIEW,缺少可机器读取的 year；需要按成书/定稿/首次发表史人工核验,自动通过,WL-WORK-0886
魔界转生.md,魔界转生,山田风太郎,,T5,T5 二战后多极文学,,REVIEW,缺少可机器读取的 year；需要按成书/定稿/首次发表史人工核验,自动通过,WL-WORK-2650
鲍里斯·达维多维奇之墓.md,鲍里斯·达维多维奇之墓,达尼洛·基什,,T5,T5 二战后多极文学,,REVIEW,缺少可机器读取的 year；需要按成书/定稿/首次发表史人工核验,自动通过,WL-WORK-1923
鸦之死.md,鸦之死,金石范,,T5,T5 二战后多极文学,,REVIEW,缺少可机器读取的 year；需要按成书/定稿/首次发表史人工核验,自动通过,WL-WORK-1926
鹤.md,鹤,黄顺元,,T5,T5 二战后多极文学,,REVIEW,缺少可机器读取的 year；需要按成书/定稿/首次发表史人工核验,自动通过,WL-WORK-1927
鹿鼎记.md,鹿鼎记,金庸,,T5,T5 二战后多极文学,,REVIEW,缺少可机器读取的 year；需要按成书/定稿/首次发表史人工核验,自动通过,WL-WORK-2655
麦田里的守望者.md,麦田里的守望者,J.D.塞林格,,T5,T5 二战后多极文学,,REVIEW,缺少可机器读取的 year；需要按成书/定稿/首次发表史人工核验,自动通过,WL-WORK-1337
黄狗.md,黄狗,乔治·西默农,,T5,T5 二战后多极文学,,REVIEW,缺少可机器读取的 year；需要按成书/定稿/首次发表史人工核验,自动通过,WL-WORK-0228
黎明前的几小时.md,黎明前的几小时,西莉亚·弗雷姆林,,T5,T5 二战后多极文学,,REVIEW,缺少可机器读取的 year；需要按成书/定稿/首次发表史人工核验,需复核,WL-WORK-3088
黑夜有千只眼.md,黑夜有千只眼,康奈尔·伍尔里奇,,T5,T5 二战后多极文学,,REVIEW,缺少可机器读取的 year；需要按成书/定稿/首次发表史人工核验,自动通过,WL-WORK-0082
黑孩子.md,黑孩子,理查德·赖特,,T5,T5 二战后多极文学,,REVIEW,缺少可机器读取的 year；需要按成书/定稿/首次发表史人工核验,自动通过,WL-WORK-1338
黑暗的左手.md,黑暗的左手,厄休拉·勒古恩,,T5,T5 二战后多极文学,,REVIEW,缺少可机器读取的 year；需要按成书/定稿/首次发表史人工核验,自动通过,WL-WORK-0353
黑羊.md,黑羊,乔吉特·海耶,,T5,T5 二战后多极文学,,REVIEW,缺少可机器读取的 year；需要按成书/定稿/首次发表史人工核验,自动通过,WL-WORK-2150
黑色皮箱.md,黑色皮箱,鲇川哲也,,T5,T5 二战后多极文学,,REVIEW,缺少可机器读取的 year；需要按成书/定稿/首次发表史人工核验,自动通过,WL-WORK-0159
黑雨.md,黑雨,井伏鳟二,,T5,T5 二战后多极文学,,REVIEW,缺少可机器读取的 year；需要按成书/定稿/首次发表史人工核验,自动通过,WL-WORK-1339
鼠疫.md,鼠疫,阿尔贝·加缪,,T5,T5 二战后多极文学,,REVIEW,缺少可机器读取的 year；需要按成书/定稿/首次发表史人工核验,自动通过,WL-WORK-1929
龙马行.md,龙马行,司马辽太郎,,T5,T5 二战后多极文学,,REVIEW,缺少可机器读取的 year；需要按成书/定稿/首次发表史人工核验,自动通过,WL-WORK-1341
