ID,作品中文常用名,Original_or_English_Title,作者中文名,Author,国家_文学传统,原始语言,首次成书_出版时间,时代,体裁,主题_类型标签,Canon_Level,Academic_Canon,Global_Influence,Traditional_Recognition,经典化理由,方法学依据,建议阅读优先级,个人状态,方法学参考来源URL
CANON-001,吉尔伽美什史诗,The Epic of Gilgamesh,佚名,Anonymous,古代美索不达米亚,阿卡德语,约前2100—前1200,古代,史诗,英雄史诗;死亡;文明,Core,高,高,高,世界现存最早的重要史诗传统之一,跨文化正典共识；世界文学史长期稳定；跨国作家/经典丛书/学术教学多源交叉,1,未标记,https://www.theguardian.com/world/2002/may/08/books.booksnews; https://www.penguin.co.uk/penguin-classics/classics-list; https://academic.oup.com/products-for-institutions/pages/purchase-oxford-worlds-classics; https://sites.prh.com/modern-library-top-100
CANON-002,伊利亚特,The Iliad,荷马,Homer,古希腊,古希腊语,约前8世纪,古代,史诗,战争;英雄;命运,Core,高,高,高,西方史诗与叙事传统的基础文本,跨文化正典共识；世界文学史长期稳定；跨国作家/经典丛书/学术教学多源交叉,1,未标记,https://www.theguardian.com/world/2002/may/08/books.booksnews; https://www.penguin.co.uk/penguin-classics/classics-list; https://academic.oup.com/products-for-institutions/pages/purchase-oxford-worlds-classics; https://sites.prh.com/modern-library-top-100
CANON-003,奥德赛,The Odyssey,荷马,Homer,古希腊,古希腊语,约前8世纪,古代,史诗,冒险;归乡;英雄,Core,高,高,高,冒险与归乡母题的奠基性作品,跨文化正典共识；世界文学史长期稳定；跨国作家/经典丛书/学术教学多源交叉,1,未标记,https://www.theguardian.com/world/2002/may/08/books.booksnews; https://www.penguin.co.uk/penguin-classics/classics-list; https://academic.oup.com/products-for-institutions/pages/purchase-oxford-worlds-classics; https://sites.prh.com/modern-library-top-100
CANON-004,俄瑞斯忒亚,The Oresteia,埃斯库罗斯,Aeschylus,古希腊,古希腊语,前458,古代,戏剧三部曲,悲剧;复仇;法与秩序,Major,高,高,中,古希腊悲剧保存最完整的三部曲,国家或时期核心正典；经典丛书与文学史长期稳定；跨文化影响较强,2,未标记,https://www.theguardian.com/world/2002/may/08/books.booksnews; https://www.penguin.co.uk/penguin-classics/classics-list; https://academic.oup.com/products-for-institutions/pages/purchase-oxford-worlds-classics; https://sites.prh.com/modern-library-top-100
CANON-005,俄狄浦斯王,Oedipus Rex,索福克勒斯,Sophocles,古希腊,古希腊语,约前429,古代,戏剧,悲剧;命运;认知,Core,高,高,高,悲剧结构与命运主题的核心范本,跨文化正典共识；世界文学史长期稳定；跨国作家/经典丛书/学术教学多源交叉,1,未标记,https://www.theguardian.com/world/2002/may/08/books.booksnews; https://www.penguin.co.uk/penguin-classics/classics-list; https://academic.oup.com/products-for-institutions/pages/purchase-oxford-worlds-classics; https://sites.prh.com/modern-library-top-100
CANON-006,安提戈涅,Antigone,索福克勒斯,Sophocles,古希腊,古希腊语,约前441,古代,戏剧,悲剧;法律;伦理,Major,高,高,中,个人伦理与国家法律冲突的经典文本,国家或时期核心正典；经典丛书与文学史长期稳定；跨文化影响较强,2,未标记,https://www.theguardian.com/world/2002/may/08/books.booksnews; https://www.penguin.co.uk/penguin-classics/classics-list; https://academic.oup.com/products-for-institutions/pages/purchase-oxford-worlds-classics; https://sites.prh.com/modern-library-top-100
CANON-007,美狄亚,Medea,欧里庇得斯,Euripides,古希腊,古希腊语,前431,古代,戏剧,悲剧;家庭;复仇,Major,高,高,中,古希腊悲剧中最具现代性的作品之一,国家或时期核心正典；经典丛书与文学史长期稳定；跨文化影响较强,2,未标记,https://www.theguardian.com/world/2002/may/08/books.booksnews; https://www.penguin.co.uk/penguin-classics/classics-list; https://academic.oup.com/products-for-institutions/pages/purchase-oxford-worlds-classics; https://sites.prh.com/modern-library-top-100
CANON-008,埃涅阿斯纪,The Aeneid,维吉尔,Virgil,古罗马,拉丁语,前29—前19,古代,史诗,帝国;命运;英雄,Core,高,高,中,拉丁文学最重要的史诗之一,跨文化正典共识；世界文学史长期稳定；跨国作家/经典丛书/学术教学多源交叉,1,未标记,https://www.theguardian.com/world/2002/may/08/books.booksnews; https://www.penguin.co.uk/penguin-classics/classics-list; https://academic.oup.com/products-for-institutions/pages/purchase-oxford-worlds-classics; https://sites.prh.com/modern-library-top-100
CANON-009,变形记（奥维德）,Metamorphoses,奥维德,Ovid,古罗马,拉丁语,约8,古代,叙事诗,神话;变形;欲望,Core,高,高,中,欧洲神话、艺术与文学母题的重要源头,跨文化正典共识；世界文学史长期稳定；跨国作家/经典丛书/学术教学多源交叉,1,未标记,https://www.theguardian.com/world/2002/may/08/books.booksnews; https://www.penguin.co.uk/penguin-classics/classics-list; https://academic.oup.com/products-for-institutions/pages/purchase-oxford-worlds-classics; https://sites.prh.com/modern-library-top-100
CANON-010,约伯记,Book of Job,佚名,Anonymous,古代希伯来,希伯来语,约前7—前4世纪,古代,诗性叙事,苦难;信仰;正义,Core,高,高,中,宗教文学与苦难书写的经典文本,跨文化正典共识；世界文学史长期稳定；跨国作家/经典丛书/学术教学多源交叉,1,未标记,https://www.theguardian.com/world/2002/may/08/books.booksnews; https://www.penguin.co.uk/penguin-classics/classics-list; https://academic.oup.com/products-for-institutions/pages/purchase-oxford-worlds-classics; https://sites.prh.com/modern-library-top-100
CANON-011,摩诃婆罗多,Mahabharata,传统归于毗耶娑,Vyasa (trad.),古印度,梵语,约前4世纪—4世纪,古代,史诗,战争;伦理;宗教;家族,Core,高,高,中,南亚文明最重要的史诗之一,跨文化正典共识；世界文学史长期稳定；跨国作家/经典丛书/学术教学多源交叉,1,未标记,https://www.theguardian.com/world/2002/may/08/books.booksnews; https://www.penguin.co.uk/penguin-classics/classics-list; https://academic.oup.com/products-for-institutions/pages/purchase-oxford-worlds-classics; https://sites.prh.com/modern-library-top-100
CANON-012,罗摩衍那,Ramayana,传统归于蚁垤,Valmiki (trad.),古印度,梵语,约前5世纪—3世纪,古代,史诗,英雄;爱情;伦理,Core,高,高,中,南亚文学与表演传统的基础经典,跨文化正典共识；世界文学史长期稳定；跨国作家/经典丛书/学术教学多源交叉,1,未标记,https://www.theguardian.com/world/2002/may/08/books.booksnews; https://www.penguin.co.uk/penguin-classics/classics-list; https://academic.oup.com/products-for-institutions/pages/purchase-oxford-worlds-classics; https://sites.prh.com/modern-library-top-100
CANON-013,沙恭达罗,Abhijnanasakuntalam / Shakuntala,迦梨陀娑,Kalidasa,古印度,梵语,约4—5世纪,古代,戏剧,爱情;宫廷;身份,Major,高,高,中,梵语戏剧最著名的代表作之一,国家或时期核心正典；经典丛书与文学史长期稳定；跨文化影响较强,2,未标记,https://www.theguardian.com/world/2002/may/08/books.booksnews; https://www.penguin.co.uk/penguin-classics/classics-list; https://academic.oup.com/products-for-institutions/pages/purchase-oxford-worlds-classics; https://sites.prh.com/modern-library-top-100
CANON-014,列王纪,Shahnameh / Book of Kings,菲尔多西,Ferdowsi,波斯,波斯语,约1010,中世纪,史诗,历史;英雄;民族记忆,Core,高,高,中,波斯语文学最具标志性的民族史诗,跨文化正典共识；世界文学史长期稳定；跨国作家/经典丛书/学术教学多源交叉,1,未标记,https://www.theguardian.com/world/2002/may/08/books.booksnews; https://www.penguin.co.uk/penguin-classics/classics-list; https://academic.oup.com/products-for-institutions/pages/purchase-oxford-worlds-classics; https://sites.prh.com/modern-library-top-100
CANON-015,一千零一夜,One Thousand and One Nights,多作者,Various,阿拉伯—波斯—南亚传统,阿拉伯语等,约8—14世纪形成,中世纪,故事集,奇幻;冒险;民间故事,Core,高,高,高,世界故事文学最重要的母体之一,跨文化正典共识；世界文学史长期稳定；跨国作家/经典丛书/学术教学多源交叉,1,未标记,https://www.theguardian.com/world/2002/may/08/books.booksnews; https://www.penguin.co.uk/penguin-classics/classics-list; https://academic.oup.com/products-for-institutions/pages/purchase-oxford-worlds-classics; https://sites.prh.com/modern-library-top-100
CANON-016,源氏物语,The Tale of Genji,紫式部,Murasaki Shikibu,日本,日语,约1008,中世纪,长篇叙事,宫廷;爱情;心理,Core,高,高,高,世界早期长篇小说史上的核心文本,跨文化正典共识；世界文学史长期稳定；跨国作家/经典丛书/学术教学多源交叉,1,未标记,https://www.theguardian.com/world/2002/may/08/books.booksnews; https://www.penguin.co.uk/penguin-classics/classics-list; https://academic.oup.com/products-for-institutions/pages/purchase-oxford-worlds-classics; https://sites.prh.com/modern-library-top-100
CANON-017,枕草子,The Pillow Book,清少纳言,Sei Shonagon,日本,日语,约1002,中世纪,随笔,宫廷;审美;日常,Major,高,中,中,日本平安时代文学与审美的代表,国家或时期核心正典；经典丛书与文学史长期稳定；跨文化影响较强,2,未标记,https://www.theguardian.com/world/2002/may/08/books.booksnews; https://www.penguin.co.uk/penguin-classics/classics-list; https://academic.oup.com/products-for-institutions/pages/purchase-oxford-worlds-classics; https://sites.prh.com/modern-library-top-100
CANON-018,平家物语,The Tale of the Heike,佚名/口传传统,Anonymous / oral tradition,日本,日语,约13世纪,中世纪,军记物语,战争;无常;武士,Major,高,中,中,日本武士文学和无常观的经典,国家或时期核心正典；经典丛书与文学史长期稳定；跨文化影响较强,2,未标记,https://www.theguardian.com/world/2002/may/08/books.booksnews; https://www.penguin.co.uk/penguin-classics/classics-list; https://academic.oup.com/products-for-institutions/pages/purchase-oxford-worlds-classics; https://sites.prh.com/modern-library-top-100
CANON-019,贝奥武甫,Beowulf,佚名,Anonymous,盎格鲁-撒克逊英格兰,古英语,约8—11世纪,中世纪,史诗,英雄;怪物;荣誉,Core,高,高,中,古英语文学的核心史诗,跨文化正典共识；世界文学史长期稳定；跨国作家/经典丛书/学术教学多源交叉,1,未标记,https://www.theguardian.com/world/2002/may/08/books.booksnews; https://www.penguin.co.uk/penguin-classics/classics-list; https://academic.oup.com/products-for-institutions/pages/purchase-oxford-worlds-classics; https://sites.prh.com/modern-library-top-100
CANON-020,罗兰之歌,The Song of Roland,佚名,Anonymous,法国,古法语,约1100,中世纪,英雄史诗,骑士;战争;忠诚,Major,高,中,中,欧洲骑士文学传统的关键文本,国家或时期核心正典；经典丛书与文学史长期稳定；跨文化影响较强,2,未标记,https://www.theguardian.com/world/2002/may/08/books.booksnews; https://www.penguin.co.uk/penguin-classics/classics-list; https://academic.oup.com/products-for-institutions/pages/purchase-oxford-worlds-classics; https://sites.prh.com/modern-library-top-100
CANON-021,尼伯龙根之歌,Nibelungenlied,佚名,Anonymous,德语区,中古高地德语,约1200,中世纪,英雄史诗,英雄;复仇;命运,Major,高,中,中,德语中世纪英雄文学的核心经典,国家或时期核心正典；经典丛书与文学史长期稳定；跨文化影响较强,2,未标记,https://www.theguardian.com/world/2002/may/08/books.booksnews; https://www.penguin.co.uk/penguin-classics/classics-list; https://academic.oup.com/products-for-institutions/pages/purchase-oxford-worlds-classics; https://sites.prh.com/modern-library-top-100
CANON-022,尼雅尔萨迦,Njáls saga,佚名,Anonymous,冰岛,古诺尔斯语,约13世纪,中世纪,萨迦,家族;法律;复仇,Extended,高,中,低,冰岛萨迦传统的代表作,区域/类型/时期经典地位稳定；用于扩展世界文学版图，不等同于跨文化核心正典,3,未标记,https://www.theguardian.com/world/2002/may/08/books.booksnews; https://www.penguin.co.uk/penguin-classics/classics-list; https://academic.oup.com/products-for-institutions/pages/purchase-oxford-worlds-classics; https://sites.prh.com/modern-library-top-100
CANON-023,神曲,The Divine Comedy,但丁,Dante Alighieri,意大利,意大利语,约1308—1321,中世纪,长篇叙事诗,宗教;旅程;政治,Core,高,高,高,欧洲文学史最核心的诗性巨著之一,跨文化正典共识；世界文学史长期稳定；跨国作家/经典丛书/学术教学多源交叉,1,未标记,https://www.theguardian.com/world/2002/may/08/books.booksnews; https://www.penguin.co.uk/penguin-classics/classics-list; https://academic.oup.com/products-for-institutions/pages/purchase-oxford-worlds-classics; https://sites.prh.com/modern-library-top-100
CANON-024,坎特伯雷故事集,The Canterbury Tales,杰弗里·乔叟,Geoffrey Chaucer,英格兰,中古英语,约1387—1400,中世纪,故事集/叙事诗,社会;旅行;讽刺,Core,高,高,中,英语文学传统的重要起点,跨文化正典共识；世界文学史长期稳定；跨国作家/经典丛书/学术教学多源交叉,1,未标记,https://www.theguardian.com/world/2002/may/08/books.booksnews; https://www.penguin.co.uk/penguin-classics/classics-list; https://academic.oup.com/products-for-institutions/pages/purchase-oxford-worlds-classics; https://sites.prh.com/modern-library-top-100
CANON-025,十日谈,The Decameron,乔万尼·薄伽丘,Giovanni Boccaccio,意大利,意大利语,约1353,中世纪,故事集,欲望;瘟疫;社会,Core,高,高,高,欧洲短篇小说与世俗叙事的重要源头,跨文化正典共识；世界文学史长期稳定；跨国作家/经典丛书/学术教学多源交叉,1,未标记,https://www.theguardian.com/world/2002/may/08/books.booksnews; https://www.penguin.co.uk/penguin-classics/classics-list; https://academic.oup.com/products-for-institutions/pages/purchase-oxford-worlds-classics; https://sites.prh.com/modern-library-top-100
CANON-026,诗经,Book of Songs / Shijing,佚名/传统编纂,Anonymous / traditional compilation,中国,古汉语,约前11—前7世纪,古代,诗歌总集,诗歌;礼俗;爱情;社会,Core,高,高,高,中国诗歌传统最早且最重要的经典之一,跨文化正典共识；世界文学史长期稳定；跨国作家/经典丛书/学术教学多源交叉,1,未标记,https://www.theguardian.com/world/2002/may/08/books.booksnews; https://www.penguin.co.uk/penguin-classics/classics-list; https://academic.oup.com/products-for-institutions/pages/purchase-oxford-worlds-classics; https://sites.prh.com/modern-library-top-100
CANON-027,楚辞,Songs of Chu / Chuci,屈原等,Qu Yuan and others,中国,古汉语,战国—汉初,古代,诗歌总集,抒情;神话;政治,Core,高,中,高,中国浪漫主义与抒情诗传统的重要源头,跨文化正典共识；世界文学史长期稳定；跨国作家/经典丛书/学术教学多源交叉,1,未标记,https://www.theguardian.com/world/2002/may/08/books.booksnews; https://www.penguin.co.uk/penguin-classics/classics-list; https://academic.oup.com/products-for-institutions/pages/purchase-oxford-worlds-classics; https://sites.prh.com/modern-library-top-100
CANON-028,史记,Records of the Grand Historian,司马迁,Sima Qian,中国,古汉语,约前91,古代,史传文学,历史;人物;政治,Core,高,高,高,兼具史学与文学地位的中国叙事经典,跨文化正典共识；世界文学史长期稳定；跨国作家/经典丛书/学术教学多源交叉,1,未标记,https://www.theguardian.com/world/2002/may/08/books.booksnews; https://www.penguin.co.uk/penguin-classics/classics-list; https://academic.oup.com/products-for-institutions/pages/purchase-oxford-worlds-classics; https://sites.prh.com/modern-library-top-100
CANON-029,西厢记,The Romance of the Western Chamber,王实甫,Wang Shifu,中国,汉语,约13世纪,中世纪,戏曲,爱情;礼教,Major,高,中,中,中国古典爱情戏曲代表作,国家或时期核心正典；经典丛书与文学史长期稳定；跨文化影响较强,2,未标记,https://www.theguardian.com/world/2002/may/08/books.booksnews; https://www.penguin.co.uk/penguin-classics/classics-list; https://academic.oup.com/products-for-institutions/pages/purchase-oxford-worlds-classics; https://sites.prh.com/modern-library-top-100
CANON-030,三国演义,Romance of the Three Kingdoms,罗贯中,Luo Guanzhong,中国,汉语,14世纪,古典,长篇小说,历史;战争;权谋,Core,高,高,高,中国四大名著之一，东亚影响极广,跨文化正典共识；世界文学史长期稳定；跨国作家/经典丛书/学术教学多源交叉,1,未标记,https://www.theguardian.com/world/2002/may/08/books.booksnews; https://www.penguin.co.uk/penguin-classics/classics-list; https://academic.oup.com/products-for-institutions/pages/purchase-oxford-worlds-classics; https://sites.prh.com/modern-library-top-100
CANON-031,水浒传,Water Margin,施耐庵（传统署名）,Shi Nai'an (trad.),中国,汉语,14世纪,古典,长篇小说,侠义;反抗;群像,Core,高,高,高,中国四大名著之一,跨文化正典共识；世界文学史长期稳定；跨国作家/经典丛书/学术教学多源交叉,1,未标记,https://www.theguardian.com/world/2002/may/08/books.booksnews; https://www.penguin.co.uk/penguin-classics/classics-list; https://academic.oup.com/products-for-institutions/pages/purchase-oxford-worlds-classics; https://sites.prh.com/modern-library-top-100
CANON-032,西游记,Journey to the West,吴承恩（传统署名）,Wu Cheng'en (trad.),中国,汉语,16世纪,古典,长篇小说,神魔;冒险;讽刺,Core,高,高,高,中国四大名著之一，世界性神话叙事经典,跨文化正典共识；世界文学史长期稳定；跨国作家/经典丛书/学术教学多源交叉,1,未标记,https://www.theguardian.com/world/2002/may/08/books.booksnews; https://www.penguin.co.uk/penguin-classics/classics-list; https://academic.oup.com/products-for-institutions/pages/purchase-oxford-worlds-classics; https://sites.prh.com/modern-library-top-100
CANON-033,金瓶梅,The Plum in the Golden Vase,兰陵笑笑生,Lanling Xiaoxiao Sheng,中国,汉语,约1610,古典,长篇小说,世情;欲望;家庭,Major,高,中,中,中国世情小说与现实主义叙事的重要里程碑,国家或时期核心正典；经典丛书与文学史长期稳定；跨文化影响较强,2,未标记,https://www.theguardian.com/world/2002/may/08/books.booksnews; https://www.penguin.co.uk/penguin-classics/classics-list; https://academic.oup.com/products-for-institutions/pages/purchase-oxford-worlds-classics; https://sites.prh.com/modern-library-top-100
CANON-034,牡丹亭,The Peony Pavilion,汤显祖,Tang Xianzu,中国,汉语,1598,古典,戏曲,爱情;梦;生死,Core,高,高,高,昆曲与中国戏剧史的核心经典,跨文化正典共识；世界文学史长期稳定；跨国作家/经典丛书/学术教学多源交叉,1,未标记,https://www.theguardian.com/world/2002/may/08/books.booksnews; https://www.penguin.co.uk/penguin-classics/classics-list; https://academic.oup.com/products-for-institutions/pages/purchase-oxford-worlds-classics; https://sites.prh.com/modern-library-top-100
CANON-035,聊斋志异,Strange Tales from a Chinese Studio,蒲松龄,Pu Songling,中国,汉语,约1679—1707,古典,短篇小说集,志怪;爱情;讽刺,Core,高,高,高,中国文言短篇小说最高成就之一,跨文化正典共识；世界文学史长期稳定；跨国作家/经典丛书/学术教学多源交叉,1,未标记,https://www.theguardian.com/world/2002/may/08/books.booksnews; https://www.penguin.co.uk/penguin-classics/classics-list; https://academic.oup.com/products-for-institutions/pages/purchase-oxford-worlds-classics; https://sites.prh.com/modern-library-top-100
CANON-036,儒林外史,The Scholars,吴敬梓,Wu Jingzi,中国,汉语,约1750,古典,长篇小说,讽刺;士人;科举,Major,高,中,高,中国古典讽刺小说代表作,国家或时期核心正典；经典丛书与文学史长期稳定；跨文化影响较强,2,未标记,https://www.theguardian.com/world/2002/may/08/books.booksnews; https://www.penguin.co.uk/penguin-classics/classics-list; https://academic.oup.com/products-for-institutions/pages/purchase-oxford-worlds-classics; https://sites.prh.com/modern-library-top-100
CANON-037,红楼梦,Dream of the Red Chamber,曹雪芹,Cao Xueqin,中国,汉语,18世纪中叶,古典,长篇小说,家族;爱情;社会;女性,Core,高,高,高,中国小说史核心正典,跨文化正典共识；世界文学史长期稳定；跨国作家/经典丛书/学术教学多源交叉,1,未标记,https://www.theguardian.com/world/2002/may/08/books.booksnews; https://www.penguin.co.uk/penguin-classics/classics-list; https://academic.oup.com/products-for-institutions/pages/purchase-oxford-worlds-classics; https://sites.prh.com/modern-library-top-100
CANON-038,桃花扇,The Peach Blossom Fan,孔尚任,Kong Shangren,中国,汉语,1699,古典,戏曲,历史;爱情;兴亡,Major,高,中,中,清代传奇戏曲代表作,国家或时期核心正典；经典丛书与文学史长期稳定；跨文化影响较强,2,未标记,https://www.theguardian.com/world/2002/may/08/books.booksnews; https://www.penguin.co.uk/penguin-classics/classics-list; https://academic.oup.com/products-for-institutions/pages/purchase-oxford-worlds-classics; https://sites.prh.com/modern-library-top-100
CANON-039,呐喊,Call to Arms,鲁迅,Lu Xun,中国,汉语,1923,现代,短篇小说集,启蒙;社会;国民性,Core,高,高,高,中国现代文学奠基性小说集,跨文化正典共识；世界文学史长期稳定；跨国作家/经典丛书/学术教学多源交叉,1,未标记,https://www.theguardian.com/world/2002/may/08/books.booksnews; https://www.penguin.co.uk/penguin-classics/classics-list; https://academic.oup.com/products-for-institutions/pages/purchase-oxford-worlds-classics; https://sites.prh.com/modern-library-top-100
CANON-040,彷徨,Wandering,鲁迅,Lu Xun,中国,汉语,1926,现代,短篇小说集,知识分子;社会;困境,Extended,高,中,中,中国现代小说经典,区域/类型/时期经典地位稳定；用于扩展世界文学版图，不等同于跨文化核心正典,3,未标记,https://www.theguardian.com/world/2002/may/08/books.booksnews; https://www.penguin.co.uk/penguin-classics/classics-list; https://academic.oup.com/products-for-institutions/pages/purchase-oxford-worlds-classics; https://sites.prh.com/modern-library-top-100
CANON-041,家,Family,巴金,Ba Jin,中国,汉语,1933,现代,长篇小说,家族;青年;反封建,Major,高,中,高,中国现代文学与教育阅读中的长期经典,国家或时期核心正典；经典丛书与文学史长期稳定；跨文化影响较强,2,未标记,https://www.theguardian.com/world/2002/may/08/books.booksnews; https://www.penguin.co.uk/penguin-classics/classics-list; https://academic.oup.com/products-for-institutions/pages/purchase-oxford-worlds-classics; https://sites.prh.com/modern-library-top-100
CANON-042,骆驼祥子,Rickshaw Boy,老舍,Lao She,中国,汉语,1937,现代,长篇小说,城市;底层;悲剧,Core,高,高,高,中国现代现实主义小说代表作,跨文化正典共识；世界文学史长期稳定；跨国作家/经典丛书/学术教学多源交叉,1,未标记,https://www.theguardian.com/world/2002/may/08/books.booksnews; https://www.penguin.co.uk/penguin-classics/classics-list; https://academic.oup.com/products-for-institutions/pages/purchase-oxford-worlds-classics; https://sites.prh.com/modern-library-top-100
CANON-043,边城,Border Town,沈从文,Shen Congwen,中国,汉语,1934,现代,中篇小说,乡土;爱情;人性,Core,高,中,高,中国现代乡土文学核心经典,跨文化正典共识；世界文学史长期稳定；跨国作家/经典丛书/学术教学多源交叉,1,未标记,https://www.theguardian.com/world/2002/may/08/books.booksnews; https://www.penguin.co.uk/penguin-classics/classics-list; https://academic.oup.com/products-for-institutions/pages/purchase-oxford-worlds-classics; https://sites.prh.com/modern-library-top-100
CANON-044,子夜,Midnight,茅盾,Mao Dun,中国,汉语,1933,现代,长篇小说,都市;资本;社会,Extended,高,中,中,中国现代社会小说代表作,区域/类型/时期经典地位稳定；用于扩展世界文学版图，不等同于跨文化核心正典,3,未标记,https://www.theguardian.com/world/2002/may/08/books.booksnews; https://www.penguin.co.uk/penguin-classics/classics-list; https://academic.oup.com/products-for-institutions/pages/purchase-oxford-worlds-classics; https://sites.prh.com/modern-library-top-100
CANON-045,围城,Fortress Besieged,钱钟书,Qian Zhongshu,中国,汉语,1947,现代,长篇小说,婚姻;知识分子;讽刺,Core,高,高,高,现代汉语讽刺小说经典,跨文化正典共识；世界文学史长期稳定；跨国作家/经典丛书/学术教学多源交叉,1,未标记,https://www.theguardian.com/world/2002/may/08/books.booksnews; https://www.penguin.co.uk/penguin-classics/classics-list; https://academic.oup.com/products-for-institutions/pages/purchase-oxford-worlds-classics; https://sites.prh.com/modern-library-top-100
CANON-046,四世同堂,Four Generations Under One Roof,老舍,Lao She,中国,汉语,1944—1948,现代,长篇小说,战争;家庭;城市,Extended,高,中,高,抗战时期北京社会史诗式小说,区域/类型/时期经典地位稳定；用于扩展世界文学版图，不等同于跨文化核心正典,3,未标记,https://www.theguardian.com/world/2002/may/08/books.booksnews; https://www.penguin.co.uk/penguin-classics/classics-list; https://academic.oup.com/products-for-institutions/pages/purchase-oxford-worlds-classics; https://sites.prh.com/modern-library-top-100
CANON-047,茶馆,Teahouse,老舍,Lao She,中国,汉语,1957,现代,戏剧,社会;历史;市民,Core,高,中,高,中国现代话剧经典,跨文化正典共识；世界文学史长期稳定；跨国作家/经典丛书/学术教学多源交叉,1,未标记,https://www.theguardian.com/world/2002/may/08/books.booksnews; https://www.penguin.co.uk/penguin-classics/classics-list; https://academic.oup.com/products-for-institutions/pages/purchase-oxford-worlds-classics; https://sites.prh.com/modern-library-top-100
CANON-048,白鹿原,White Deer Plain,陈忠实,Chen Zhongshi,中国,汉语,1993,当代,长篇小说,家族;乡土;历史,Extended,高,中,高,中国当代长篇小说的重要经典化作品,区域/类型/时期经典地位稳定；用于扩展世界文学版图，不等同于跨文化核心正典,3,未标记,https://www.theguardian.com/world/2002/may/08/books.booksnews; https://www.penguin.co.uk/penguin-classics/classics-list; https://academic.oup.com/products-for-institutions/pages/purchase-oxford-worlds-classics; https://sites.prh.com/modern-library-top-100
CANON-049,活着,To Live,余华,Yu Hua,中国,汉语,1992,当代,长篇小说,苦难;家庭;生存,Major,中-高,高,高,中国当代文学中跨文化传播极广的作品,国家或时期核心正典；经典丛书与文学史长期稳定；跨文化影响较强,2,未标记,https://www.theguardian.com/world/2002/may/08/books.booksnews; https://www.penguin.co.uk/penguin-classics/classics-list; https://academic.oup.com/products-for-institutions/pages/purchase-oxford-worlds-classics; https://sites.prh.com/modern-library-top-100
CANON-050,奥之细道,The Narrow Road to the Deep North,松尾芭蕉,Matsuo Basho,日本,日语,1702,古典,俳句/游记,旅行;自然;无常,Major,高,中,中,日本俳谐与旅行文学核心经典,国家或时期核心正典；经典丛书与文学史长期稳定；跨文化影响较强,2,未标记,https://www.theguardian.com/world/2002/may/08/books.booksnews; https://www.penguin.co.uk/penguin-classics/classics-list; https://academic.oup.com/products-for-institutions/pages/purchase-oxford-worlds-classics; https://sites.prh.com/modern-library-top-100
CANON-051,心,Kokoro,夏目漱石,Natsume Soseki,日本,日语,1914,现代,长篇小说,孤独;现代性;伦理,Core,高,高,高,日本现代文学最稳定的核心经典之一,跨文化正典共识；世界文学史长期稳定；跨国作家/经典丛书/学术教学多源交叉,1,未标记,https://www.theguardian.com/world/2002/may/08/books.booksnews; https://www.penguin.co.uk/penguin-classics/classics-list; https://academic.oup.com/products-for-institutions/pages/purchase-oxford-worlds-classics; https://sites.prh.com/modern-library-top-100
CANON-052,罗生门·鼻,Rashomon and Other Stories,芥川龙之介,Ryunosuke Akutagawa,日本,日语,1915—1920年代,现代,短篇小说集,人性;历史;伦理,Major,高,高,高,日本现代短篇小说代表,国家或时期核心正典；经典丛书与文学史长期稳定；跨文化影响较强,2,未标记,https://www.theguardian.com/world/2002/may/08/books.booksnews; https://www.penguin.co.uk/penguin-classics/classics-list; https://academic.oup.com/products-for-institutions/pages/purchase-oxford-worlds-classics; https://sites.prh.com/modern-library-top-100
CANON-053,雪国,Snow Country,川端康成,Yasunari Kawabata,日本,日语,1935—1947,现代,长篇小说,审美;爱情;孤独,Core,高,高,高,日本现代主义与审美小说代表,跨文化正典共识；世界文学史长期稳定；跨国作家/经典丛书/学术教学多源交叉,1,未标记,https://www.theguardian.com/world/2002/may/08/books.booksnews; https://www.penguin.co.uk/penguin-classics/classics-list; https://academic.oup.com/products-for-institutions/pages/purchase-oxford-worlds-classics; https://sites.prh.com/modern-library-top-100
CANON-054,细雪,The Makioka Sisters,谷崎润一郎,Junichiro Tanizaki,日本,日语,1943—1948,现代,长篇小说,家族;女性;传统与现代,Major,高,中,中,日本家族小说与现代转型经典,国家或时期核心正典；经典丛书与文学史长期稳定；跨文化影响较强,2,未标记,https://www.theguardian.com/world/2002/may/08/books.booksnews; https://www.penguin.co.uk/penguin-classics/classics-list; https://academic.oup.com/products-for-institutions/pages/purchase-oxford-worlds-classics; https://sites.prh.com/modern-library-top-100
CANON-055,人间失格,No Longer Human,太宰治,Osamu Dazai,日本,日语,1948,现代,长篇小说,异化;自我;绝望,Major,高,高,高,日本战后前夜最具大众影响的现代经典之一,国家或时期核心正典；经典丛书与文学史长期稳定；跨文化影响较强,2,未标记,https://www.theguardian.com/world/2002/may/08/books.booksnews; https://www.penguin.co.uk/penguin-classics/classics-list; https://academic.oup.com/products-for-institutions/pages/purchase-oxford-worlds-classics; https://sites.prh.com/modern-library-top-100
CANON-056,金阁寺,The Temple of the Golden Pavilion,三岛由纪夫,Yukio Mishima,日本,日语,1956,现代,长篇小说,美;毁灭;欲望,Major,高,高,中,战后日本文学代表作,国家或时期核心正典；经典丛书与文学史长期稳定；跨文化影响较强,2,未标记,https://www.theguardian.com/world/2002/may/08/books.booksnews; https://www.penguin.co.uk/penguin-classics/classics-list; https://academic.oup.com/products-for-institutions/pages/purchase-oxford-worlds-classics; https://sites.prh.com/modern-library-top-100
CANON-057,砂女,The Woman in the Dunes,安部公房,Kobo Abe,日本,日语,1962,现代,长篇小说,荒诞;存在;困境,Major,高,高,中,日本现代主义与存在主义小说经典,国家或时期核心正典；经典丛书与文学史长期稳定；跨文化影响较强,2,未标记,https://www.theguardian.com/world/2002/may/08/books.booksnews; https://www.penguin.co.uk/penguin-classics/classics-list; https://academic.oup.com/products-for-institutions/pages/purchase-oxford-worlds-classics; https://sites.prh.com/modern-library-top-100
CANON-058,沉默,Silence,远藤周作,Shusaku Endo,日本,日语,1966,现代,长篇小说,信仰;伦理;历史,Major,高,高,中,日本宗教与历史小说的重要经典,国家或时期核心正典；经典丛书与文学史长期稳定；跨文化影响较强,2,未标记,https://www.theguardian.com/world/2002/may/08/books.booksnews; https://www.penguin.co.uk/penguin-classics/classics-list; https://academic.oup.com/products-for-institutions/pages/purchase-oxford-worlds-classics; https://sites.prh.com/modern-library-top-100
CANON-059,春香传,The Tale of Chunhyang,佚名,Anonymous,朝鲜半岛,韩语,约18—19世纪,古典,叙事/盘索里小说,爱情;身份;忠贞,Major,高,中,中,朝鲜半岛最具代表性的古典爱情故事之一,国家或时期核心正典；经典丛书与文学史长期稳定；跨文化影响较强,2,未标记,https://www.theguardian.com/world/2002/may/08/books.booksnews; https://www.penguin.co.uk/penguin-classics/classics-list; https://academic.oup.com/products-for-institutions/pages/purchase-oxford-worlds-classics; https://sites.prh.com/modern-library-top-100
CANON-060,九云梦,The Cloud Dream of the Nine,金万重,Kim Man-jung,朝鲜,韩语,约1687,古典,长篇小说,梦;欲望;佛教,Extended,高,中,低,朝鲜古典小说代表作,区域/类型/时期经典地位稳定；用于扩展世界文学版图，不等同于跨文化核心正典,3,未标记,https://www.theguardian.com/world/2002/may/08/books.booksnews; https://www.penguin.co.uk/penguin-classics/classics-list; https://academic.oup.com/products-for-institutions/pages/purchase-oxford-worlds-classics; https://sites.prh.com/modern-library-top-100
CANON-061,鲁拜集,Rubaiyat,欧玛尔·海亚姆,Omar Khayyam,波斯,波斯语,11—12世纪,中世纪,诗歌,生命;酒;命运,Major,高,高,中,波斯诗歌在世界范围传播最广的经典之一,国家或时期核心正典；经典丛书与文学史长期稳定；跨文化影响较强,2,未标记,https://www.theguardian.com/world/2002/may/08/books.booksnews; https://www.penguin.co.uk/penguin-classics/classics-list; https://academic.oup.com/products-for-institutions/pages/purchase-oxford-worlds-classics; https://sites.prh.com/modern-library-top-100
CANON-062,莱拉和马吉农,Layla and Majnun,内扎米,Nizami Ganjavi,波斯,波斯语,1192,中世纪,叙事诗,爱情;悲剧;传奇,Major,高,高,中,伊斯兰世界爱情叙事的重要母题,国家或时期核心正典；经典丛书与文学史长期稳定；跨文化影响较强,2,未标记,https://www.theguardian.com/world/2002/may/08/books.booksnews; https://www.penguin.co.uk/penguin-classics/classics-list; https://academic.oup.com/products-for-institutions/pages/purchase-oxford-worlds-classics; https://sites.prh.com/modern-library-top-100
CANON-063,鸟的会议,The Conference of the Birds,阿塔尔,Attar of Nishapur,波斯,波斯语,约1177,中世纪,寓言叙事诗,苏菲;旅程;灵性,Extended,高,中,低,波斯苏菲文学经典,区域/类型/时期经典地位稳定；用于扩展世界文学版图，不等同于跨文化核心正典,3,未标记,https://www.theguardian.com/world/2002/may/08/books.booksnews; https://www.penguin.co.uk/penguin-classics/classics-list; https://academic.oup.com/products-for-institutions/pages/purchase-oxford-worlds-classics; https://sites.prh.com/modern-library-top-100
CANON-064,吉檀迦利,Gitanjali,泰戈尔,Rabindranath Tagore,印度/孟加拉,孟加拉语,1910,现代,诗集,自然;灵性;人文,Major,高,高,高,现代印度文学国际传播的标志性作品,国家或时期核心正典；经典丛书与文学史长期稳定；跨文化影响较强,2,未标记,https://www.theguardian.com/world/2002/may/08/books.booksnews; https://www.penguin.co.uk/penguin-classics/classics-list; https://academic.oup.com/products-for-institutions/pages/purchase-oxford-worlds-classics; https://sites.prh.com/modern-library-top-100
CANON-065,戈丹,Godaan,普列姆昌德,Premchand,印度,印地语,1936,现代,长篇小说,乡村;贫困;社会,Extended,高,中,低,印地语现实主义小说核心经典,区域/类型/时期经典地位稳定；用于扩展世界文学版图，不等同于跨文化核心正典,3,未标记,https://www.theguardian.com/world/2002/may/08/books.booksnews; https://www.penguin.co.uk/penguin-classics/classics-list; https://academic.oup.com/products-for-institutions/pages/purchase-oxford-worlds-classics; https://sites.prh.com/modern-library-top-100
CANON-066,午夜之子,Midnight's Children,萨尔曼·鲁西迪,Salman Rushdie,印度/英国,英语,1981,当代,长篇小说,历史;魔幻现实;身份,Core,高,高,中,后殖民英语文学的核心小说,跨文化正典共识；世界文学史长期稳定；跨国作家/经典丛书/学术教学多源交叉,1,未标记,https://www.theguardian.com/world/2002/may/08/books.booksnews; https://www.penguin.co.uk/penguin-classics/classics-list; https://academic.oup.com/products-for-institutions/pages/purchase-oxford-worlds-classics; https://sites.prh.com/modern-library-top-100
CANON-067,微物之神,The God of Small Things,阿兰达蒂·洛伊,Arundhati Roy,印度,英语,1997,当代,长篇小说,家族;种姓;爱情,Major,中-高,高,中,印度英语文学的重要当代经典,国家或时期核心正典；经典丛书与文学史长期稳定；跨文化影响较强,2,未标记,https://www.theguardian.com/world/2002/may/08/books.booksnews; https://www.penguin.co.uk/penguin-classics/classics-list; https://academic.oup.com/products-for-institutions/pages/purchase-oxford-worlds-classics; https://sites.prh.com/modern-library-top-100
CANON-068,堂吉诃德,Don Quixote,米格尔·德·塞万提斯,Miguel de Cervantes,西班牙,西班牙语,1605/1615,近代早期,长篇小说,骑士;讽刺;现实与幻想,Core,高,高,高,现代小说史最核心的奠基作品之一,跨文化正典共识；世界文学史长期稳定；跨国作家/经典丛书/学术教学多源交叉,1,未标记,https://www.theguardian.com/world/2002/may/08/books.booksnews; https://www.penguin.co.uk/penguin-classics/classics-list; https://academic.oup.com/products-for-institutions/pages/purchase-oxford-worlds-classics; https://sites.prh.com/modern-library-top-100
CANON-069,哈姆雷特,Hamlet,威廉·莎士比亚,William Shakespeare,英格兰,英语,约1600—1601,文艺复兴,戏剧,悲剧;复仇;自我,Core,高,高,高,世界戏剧正典核心,跨文化正典共识；世界文学史长期稳定；跨国作家/经典丛书/学术教学多源交叉,1,未标记,https://www.theguardian.com/world/2002/may/08/books.booksnews; https://www.penguin.co.uk/penguin-classics/classics-list; https://academic.oup.com/products-for-institutions/pages/purchase-oxford-worlds-classics; https://sites.prh.com/modern-library-top-100
CANON-070,麦克白,Macbeth,威廉·莎士比亚,William Shakespeare,英格兰,英语,约1606,文艺复兴,戏剧,悲剧;权力;野心,Core,高,高,高,莎士比亚四大悲剧之一,跨文化正典共识；世界文学史长期稳定；跨国作家/经典丛书/学术教学多源交叉,1,未标记,https://www.theguardian.com/world/2002/may/08/books.booksnews; https://www.penguin.co.uk/penguin-classics/classics-list; https://academic.oup.com/products-for-institutions/pages/purchase-oxford-worlds-classics; https://sites.prh.com/modern-library-top-100
CANON-071,李尔王,King Lear,威廉·莎士比亚,William Shakespeare,英格兰,英语,约1605—1606,文艺复兴,戏剧,悲剧;家庭;权力,Core,高,高,高,莎士比亚悲剧巅峰之一,跨文化正典共识；世界文学史长期稳定；跨国作家/经典丛书/学术教学多源交叉,1,未标记,https://www.theguardian.com/world/2002/may/08/books.booksnews; https://www.penguin.co.uk/penguin-classics/classics-list; https://academic.oup.com/products-for-institutions/pages/purchase-oxford-worlds-classics; https://sites.prh.com/modern-library-top-100
CANON-072,奥赛罗,Othello,威廉·莎士比亚,William Shakespeare,英格兰,英语,约1603—1604,文艺复兴,戏剧,悲剧;嫉妒;种族,Core,高,高,高,莎士比亚四大悲剧之一,跨文化正典共识；世界文学史长期稳定；跨国作家/经典丛书/学术教学多源交叉,1,未标记,https://www.theguardian.com/world/2002/may/08/books.booksnews; https://www.penguin.co.uk/penguin-classics/classics-list; https://academic.oup.com/products-for-institutions/pages/purchase-oxford-worlds-classics; https://sites.prh.com/modern-library-top-100
CANON-073,罗密欧与朱丽叶,Romeo and Juliet,威廉·莎士比亚,William Shakespeare,英格兰,英语,约1595,文艺复兴,戏剧,爱情;家族;悲剧,Core,高,高,高,世界最具大众认知的爱情悲剧之一,跨文化正典共识；世界文学史长期稳定；跨国作家/经典丛书/学术教学多源交叉,1,未标记,https://www.theguardian.com/world/2002/may/08/books.booksnews; https://www.penguin.co.uk/penguin-classics/classics-list; https://academic.oup.com/products-for-institutions/pages/purchase-oxford-worlds-classics; https://sites.prh.com/modern-library-top-100
CANON-074,暴风雨,The Tempest,威廉·莎士比亚,William Shakespeare,英格兰,英语,约1611,文艺复兴,戏剧,殖民;宽恕;戏剧性,Major,高,高,中,莎士比亚晚期戏剧核心作品,国家或时期核心正典；经典丛书与文学史长期稳定；跨文化影响较强,2,未标记,https://www.theguardian.com/world/2002/may/08/books.booksnews; https://www.penguin.co.uk/penguin-classics/classics-list; https://academic.oup.com/products-for-institutions/pages/purchase-oxford-worlds-classics; https://sites.prh.com/modern-library-top-100
CANON-075,失乐园,Paradise Lost,约翰·弥尔顿,John Milton,英格兰,英语,1667,17世纪,史诗,宗教;反叛;自由意志,Core,高,高,中,英语史诗传统的最高经典之一,跨文化正典共识；世界文学史长期稳定；跨国作家/经典丛书/学术教学多源交叉,1,未标记,https://www.theguardian.com/world/2002/may/08/books.booksnews; https://www.penguin.co.uk/penguin-classics/classics-list; https://academic.oup.com/products-for-institutions/pages/purchase-oxford-worlds-classics; https://sites.prh.com/modern-library-top-100
CANON-076,伪君子,Tartuffe,莫里哀,Molière,法国,法语,1664,17世纪,戏剧,喜剧;宗教伪善;讽刺,Major,高,高,高,法国古典主义喜剧代表,国家或时期核心正典；经典丛书与文学史长期稳定；跨文化影响较强,2,未标记,https://www.theguardian.com/world/2002/may/08/books.booksnews; https://www.penguin.co.uk/penguin-classics/classics-list; https://academic.oup.com/products-for-institutions/pages/purchase-oxford-worlds-classics; https://sites.prh.com/modern-library-top-100
CANON-077,厌世者,The Misanthrope,莫里哀,Molière,法国,法语,1666,17世纪,戏剧,喜剧;社会;诚实,Extended,高,中,中,莫里哀社会喜剧经典,区域/类型/时期经典地位稳定；用于扩展世界文学版图，不等同于跨文化核心正典,3,未标记,https://www.theguardian.com/world/2002/may/08/books.booksnews; https://www.penguin.co.uk/penguin-classics/classics-list; https://academic.oup.com/products-for-institutions/pages/purchase-oxford-worlds-classics; https://sites.prh.com/modern-library-top-100
CANON-078,费德尔,Phèdre,让·拉辛,Jean Racine,法国,法语,1677,17世纪,戏剧,悲剧;欲望;命运,Extended,高,中,低,法国古典主义悲剧巅峰之一,区域/类型/时期经典地位稳定；用于扩展世界文学版图，不等同于跨文化核心正典,3,未标记,https://www.theguardian.com/world/2002/may/08/books.booksnews; https://www.penguin.co.uk/penguin-classics/classics-list; https://academic.oup.com/products-for-institutions/pages/purchase-oxford-worlds-classics; https://sites.prh.com/modern-library-top-100
CANON-079,克莱芙王妃,The Princess of Cleves,拉法耶特夫人,Madame de La Fayette,法国,法语,1678,17世纪,长篇小说,爱情;心理;宫廷,Extended,高,中,低,欧洲心理小说的重要早期经典,区域/类型/时期经典地位稳定；用于扩展世界文学版图，不等同于跨文化核心正典,3,未标记,https://www.theguardian.com/world/2002/may/08/books.booksnews; https://www.penguin.co.uk/penguin-classics/classics-list; https://academic.oup.com/products-for-institutions/pages/purchase-oxford-worlds-classics; https://sites.prh.com/modern-library-top-100
CANON-080,鲁滨逊漂流记,Robinson Crusoe,丹尼尔·笛福,Daniel Defoe,英国,英语,1719,18世纪,长篇小说,冒险;殖民;生存,Core,高,高,高,英语小说与冒险文学的早期经典,跨文化正典共识；世界文学史长期稳定；跨国作家/经典丛书/学术教学多源交叉,1,未标记,https://www.theguardian.com/world/2002/may/08/books.booksnews; https://www.penguin.co.uk/penguin-classics/classics-list; https://academic.oup.com/products-for-institutions/pages/purchase-oxford-worlds-classics; https://sites.prh.com/modern-library-top-100
CANON-081,格列佛游记,Gulliver's Travels,乔纳森·斯威夫特,Jonathan Swift,爱尔兰/英国,英语,1726,18世纪,长篇讽刺小说,旅行;政治;讽刺,Core,高,高,高,讽刺文学与幻想旅行经典,跨文化正典共识；世界文学史长期稳定；跨国作家/经典丛书/学术教学多源交叉,1,未标记,https://www.theguardian.com/world/2002/may/08/books.booksnews; https://www.penguin.co.uk/penguin-classics/classics-list; https://academic.oup.com/products-for-institutions/pages/purchase-oxford-worlds-classics; https://sites.prh.com/modern-library-top-100
CANON-082,汤姆·琼斯,"The History of Tom Jones, a Foundling",亨利·菲尔丁,Henry Fielding,英国,英语,1749,18世纪,长篇小说,成长;社会;讽刺,Major,高,中,中,英国18世纪小说的重要范本,国家或时期核心正典；经典丛书与文学史长期稳定；跨文化影响较强,2,未标记,https://www.theguardian.com/world/2002/may/08/books.booksnews; https://www.penguin.co.uk/penguin-classics/classics-list; https://academic.oup.com/products-for-institutions/pages/purchase-oxford-worlds-classics; https://sites.prh.com/modern-library-top-100
CANON-083,老实人,Candide,伏尔泰,Voltaire,法国,法语,1759,启蒙时代,中篇小说,讽刺;哲学;旅行,Core,高,高,高,启蒙文学最具影响力的讽刺小说之一,跨文化正典共识；世界文学史长期稳定；跨国作家/经典丛书/学术教学多源交叉,1,未标记,https://www.theguardian.com/world/2002/may/08/books.booksnews; https://www.penguin.co.uk/penguin-classics/classics-list; https://academic.oup.com/products-for-institutions/pages/purchase-oxford-worlds-classics; https://sites.prh.com/modern-library-top-100
CANON-084,项狄传,"The Life and Opinions of Tristram Shandy, Gentleman",劳伦斯·斯特恩,Laurence Sterne,英国/爱尔兰,英语,1759—1767,18世纪,长篇小说,元小说;实验;幽默,Core,高,高,中,现代主义与元小说的重要先驱,跨文化正典共识；世界文学史长期稳定；跨国作家/经典丛书/学术教学多源交叉,1,未标记,https://www.theguardian.com/world/2002/may/08/books.booksnews; https://www.penguin.co.uk/penguin-classics/classics-list; https://academic.oup.com/products-for-institutions/pages/purchase-oxford-worlds-classics; https://sites.prh.com/modern-library-top-100
CANON-085,危险关系,Les Liaisons dangereuses,肖德洛·德·拉克洛,Pierre Choderlos de Laclos,法国,法语,1782,18世纪,书信体小说,欲望;权力;道德,Major,高,高,中,书信体与心理操控叙事经典,国家或时期核心正典；经典丛书与文学史长期稳定；跨文化影响较强,2,未标记,https://www.theguardian.com/world/2002/may/08/books.booksnews; https://www.penguin.co.uk/penguin-classics/classics-list; https://academic.oup.com/products-for-institutions/pages/purchase-oxford-worlds-classics; https://sites.prh.com/modern-library-top-100
CANON-086,少年维特的烦恼,The Sorrows of Young Werther,歌德,Johann Wolfgang von Goethe,德国,德语,1774,18世纪,书信体小说,爱情;青年;感伤,Core,高,高,高,欧洲浪漫主义前夜的现象级经典,跨文化正典共识；世界文学史长期稳定；跨国作家/经典丛书/学术教学多源交叉,1,未标记,https://www.theguardian.com/world/2002/may/08/books.booksnews; https://www.penguin.co.uk/penguin-classics/classics-list; https://academic.oup.com/products-for-institutions/pages/purchase-oxford-worlds-classics; https://sites.prh.com/modern-library-top-100
CANON-087,浮士德,Faust,歌德,Johann Wolfgang von Goethe,德国,德语,1808/1832,18—19世纪,诗剧,知识;欲望;救赎,Core,高,高,高,德语文学与欧洲思想文学核心正典,跨文化正典共识；世界文学史长期稳定；跨国作家/经典丛书/学术教学多源交叉,1,未标记,https://www.theguardian.com/world/2002/may/08/books.booksnews; https://www.penguin.co.uk/penguin-classics/classics-list; https://academic.oup.com/products-for-institutions/pages/purchase-oxford-worlds-classics; https://sites.prh.com/modern-library-top-100
CANON-088,傲慢与偏见,Pride and Prejudice,简·奥斯汀,Jane Austen,英国,英语,1813,19世纪,长篇小说,爱情;婚姻;阶级,Core,高,高,高,英语小说最稳定的核心经典之一,跨文化正典共识；世界文学史长期稳定；跨国作家/经典丛书/学术教学多源交叉,1,未标记,https://www.theguardian.com/world/2002/may/08/books.booksnews; https://www.penguin.co.uk/penguin-classics/classics-list; https://academic.oup.com/products-for-institutions/pages/purchase-oxford-worlds-classics; https://sites.prh.com/modern-library-top-100
CANON-089,爱玛,Emma,简·奥斯汀,Jane Austen,英国,英语,1815,19世纪,长篇小说,婚姻;误读;阶级,Major,高,高,中,奥斯汀成熟期代表作,国家或时期核心正典；经典丛书与文学史长期稳定；跨文化影响较强,2,未标记,https://www.theguardian.com/world/2002/may/08/books.booksnews; https://www.penguin.co.uk/penguin-classics/classics-list; https://academic.oup.com/products-for-institutions/pages/purchase-oxford-worlds-classics; https://sites.prh.com/modern-library-top-100
CANON-090,弗兰肯斯坦,Frankenstein,玛丽·雪莱,Mary Shelley,英国,英语,1818,19世纪,长篇小说,哥特;科幻;创造,Core,高,高,高,现代科幻与哥特文学的奠基经典,跨文化正典共识；世界文学史长期稳定；跨国作家/经典丛书/学术教学多源交叉,1,未标记,https://www.theguardian.com/world/2002/may/08/books.booksnews; https://www.penguin.co.uk/penguin-classics/classics-list; https://academic.oup.com/products-for-institutions/pages/purchase-oxford-worlds-classics; https://sites.prh.com/modern-library-top-100
CANON-091,简·爱,Jane Eyre,夏洛蒂·勃朗特,Charlotte Brontë,英国,英语,1847,19世纪,长篇小说,成长;爱情;女性,Core,高,高,高,维多利亚时代最具世界影响的小说之一,跨文化正典共识；世界文学史长期稳定；跨国作家/经典丛书/学术教学多源交叉,1,未标记,https://www.theguardian.com/world/2002/may/08/books.booksnews; https://www.penguin.co.uk/penguin-classics/classics-list; https://academic.oup.com/products-for-institutions/pages/purchase-oxford-worlds-classics; https://sites.prh.com/modern-library-top-100
CANON-092,呼啸山庄,Wuthering Heights,艾米莉·勃朗特,Emily Brontë,英国,英语,1847,19世纪,长篇小说,爱情;复仇;哥特,Core,高,高,高,英语文学最具独创性的爱情悲剧之一,跨文化正典共识；世界文学史长期稳定；跨国作家/经典丛书/学术教学多源交叉,1,未标记,https://www.theguardian.com/world/2002/may/08/books.booksnews; https://www.penguin.co.uk/penguin-classics/classics-list; https://academic.oup.com/products-for-institutions/pages/purchase-oxford-worlds-classics; https://sites.prh.com/modern-library-top-100
CANON-093,名利场,Vanity Fair,威廉·萨克雷,William Makepeace Thackeray,英国,英语,1847—1848,19世纪,长篇小说,社会;讽刺;野心,Major,高,高,中,维多利亚社会讽刺小说代表,国家或时期核心正典；经典丛书与文学史长期稳定；跨文化影响较强,2,未标记,https://www.theguardian.com/world/2002/may/08/books.booksnews; https://www.penguin.co.uk/penguin-classics/classics-list; https://academic.oup.com/products-for-institutions/pages/purchase-oxford-worlds-classics; https://sites.prh.com/modern-library-top-100
CANON-094,大卫·科波菲尔,David Copperfield,查尔斯·狄更斯,Charles Dickens,英国,英语,1849—1850,19世纪,长篇小说,成长;社会;自传性,Core,高,高,高,狄更斯最具代表性的成长小说之一,跨文化正典共识；世界文学史长期稳定；跨国作家/经典丛书/学术教学多源交叉,1,未标记,https://www.theguardian.com/world/2002/may/08/books.booksnews; https://www.penguin.co.uk/penguin-classics/classics-list; https://academic.oup.com/products-for-institutions/pages/purchase-oxford-worlds-classics; https://sites.prh.com/modern-library-top-100
CANON-095,荒凉山庄,Bleak House,查尔斯·狄更斯,Charles Dickens,英国,英语,1852—1853,19世纪,长篇小说,社会;法律;城市,Major,高,高,中,维多利亚社会小说高峰,国家或时期核心正典；经典丛书与文学史长期稳定；跨文化影响较强,2,未标记,https://www.theguardian.com/world/2002/may/08/books.booksnews; https://www.penguin.co.uk/penguin-classics/classics-list; https://academic.oup.com/products-for-institutions/pages/purchase-oxford-worlds-classics; https://sites.prh.com/modern-library-top-100
CANON-096,双城记,A Tale of Two Cities,查尔斯·狄更斯,Charles Dickens,英国,英语,1859,19世纪,长篇小说,革命;爱情;牺牲,Core,高,高,高,全球传播最广的狄更斯小说之一,跨文化正典共识；世界文学史长期稳定；跨国作家/经典丛书/学术教学多源交叉,1,未标记,https://www.theguardian.com/world/2002/may/08/books.booksnews; https://www.penguin.co.uk/penguin-classics/classics-list; https://academic.oup.com/products-for-institutions/pages/purchase-oxford-worlds-classics; https://sites.prh.com/modern-library-top-100
CANON-097,远大前程,Great Expectations,查尔斯·狄更斯,Charles Dickens,英国,英语,1860—1861,19世纪,长篇小说,成长;阶级;欲望,Core,高,高,高,英语成长小说核心经典,跨文化正典共识；世界文学史长期稳定；跨国作家/经典丛书/学术教学多源交叉,1,未标记,https://www.theguardian.com/world/2002/may/08/books.booksnews; https://www.penguin.co.uk/penguin-classics/classics-list; https://academic.oup.com/products-for-institutions/pages/purchase-oxford-worlds-classics; https://sites.prh.com/modern-library-top-100
CANON-098,米德尔马契,Middlemarch,乔治·艾略特,George Eliot,英国,英语,1871—1872,19世纪,长篇小说,社会;婚姻;理想,Core,高,高,中,英语现实主义小说的公认高峰,跨文化正典共识；世界文学史长期稳定；跨国作家/经典丛书/学术教学多源交叉,1,未标记,https://www.theguardian.com/world/2002/may/08/books.booksnews; https://www.penguin.co.uk/penguin-classics/classics-list; https://academic.oup.com/products-for-institutions/pages/purchase-oxford-worlds-classics; https://sites.prh.com/modern-library-top-100
CANON-099,德伯家的苔丝,Tess of the d'Urbervilles,托马斯·哈代,Thomas Hardy,英国,英语,1891,19世纪,长篇小说,女性;阶级;悲剧,Core,高,高,高,英国自然主义与社会悲剧经典,跨文化正典共识；世界文学史长期稳定；跨国作家/经典丛书/学术教学多源交叉,1,未标记,https://www.theguardian.com/world/2002/may/08/books.booksnews; https://www.penguin.co.uk/penguin-classics/classics-list; https://academic.oup.com/products-for-institutions/pages/purchase-oxford-worlds-classics; https://sites.prh.com/modern-library-top-100
CANON-100,道林·格雷的画像,The Picture of Dorian Gray,奥斯卡·王尔德,Oscar Wilde,爱尔兰/英国,英语,1890,19世纪,长篇小说,唯美;欲望;道德,Core,高,高,高,唯美主义文学最具代表性的小说,跨文化正典共识；世界文学史长期稳定；跨国作家/经典丛书/学术教学多源交叉,1,未标记,https://www.theguardian.com/world/2002/may/08/books.booksnews; https://www.penguin.co.uk/penguin-classics/classics-list; https://academic.oup.com/products-for-institutions/pages/purchase-oxford-worlds-classics; https://sites.prh.com/modern-library-top-100
CANON-101,爱丽丝漫游奇境,Alice's Adventures in Wonderland,刘易斯·卡罗尔,Lewis Carroll,英国,英语,1865,19世纪,儿童文学/奇幻,幻想;语言;成长,Core,高,高,高,儿童文学与荒诞幻想的世界经典,跨文化正典共识；世界文学史长期稳定；跨国作家/经典丛书/学术教学多源交叉,1,未标记,https://www.theguardian.com/world/2002/may/08/books.booksnews; https://www.penguin.co.uk/penguin-classics/classics-list; https://academic.oup.com/products-for-institutions/pages/purchase-oxford-worlds-classics; https://sites.prh.com/modern-library-top-100
CANON-102,金银岛,Treasure Island,罗伯特·路易斯·史蒂文森,Robert Louis Stevenson,英国,英语,1883,19世纪,冒险小说,海盗;冒险;成长,Major,中-高,高,高,现代海盗冒险叙事的母型作品,国家或时期核心正典；经典丛书与文学史长期稳定；跨文化影响较强,2,未标记,https://www.theguardian.com/world/2002/may/08/books.booksnews; https://www.penguin.co.uk/penguin-classics/classics-list; https://academic.oup.com/products-for-institutions/pages/purchase-oxford-worlds-classics; https://sites.prh.com/modern-library-top-100
CANON-103,化身博士,Strange Case of Dr Jekyll and Mr Hyde,罗伯特·路易斯·史蒂文森,Robert Louis Stevenson,英国,英语,1886,19世纪,哥特小说,双重人格;科学;伦理,Major,高,高,高,哥特与心理恐怖经典,国家或时期核心正典；经典丛书与文学史长期稳定；跨文化影响较强,2,未标记,https://www.theguardian.com/world/2002/may/08/books.booksnews; https://www.penguin.co.uk/penguin-classics/classics-list; https://academic.oup.com/products-for-institutions/pages/purchase-oxford-worlds-classics; https://sites.prh.com/modern-library-top-100
CANON-104,德古拉,Dracula,布拉姆·斯托克,Bram Stoker,爱尔兰,英语,1897,19世纪,哥特小说,吸血鬼;恐怖;现代性,Core,高,高,高,现代吸血鬼文学的决定性经典,跨文化正典共识；世界文学史长期稳定；跨国作家/经典丛书/学术教学多源交叉,1,未标记,https://www.theguardian.com/world/2002/may/08/books.booksnews; https://www.penguin.co.uk/penguin-classics/classics-list; https://academic.oup.com/products-for-institutions/pages/purchase-oxford-worlds-classics; https://sites.prh.com/modern-library-top-100
CANON-105,红与黑,The Red and the Black,司汤达,Stendhal,法国,法语,1830,19世纪,长篇小说,野心;阶级;爱情,Core,高,高,高,法国现实主义与心理小说核心经典,跨文化正典共识；世界文学史长期稳定；跨国作家/经典丛书/学术教学多源交叉,1,未标记,https://www.theguardian.com/world/2002/may/08/books.booksnews; https://www.penguin.co.uk/penguin-classics/classics-list; https://academic.oup.com/products-for-institutions/pages/purchase-oxford-worlds-classics; https://sites.prh.com/modern-library-top-100
CANON-106,高老头,Père Goriot,奥诺雷·德·巴尔扎克,Honoré de Balzac,法国,法语,1835,19世纪,长篇小说,城市;金钱;家庭,Core,高,高,高,《人间喜剧》最具代表性的小说之一,跨文化正典共识；世界文学史长期稳定；跨国作家/经典丛书/学术教学多源交叉,1,未标记,https://www.theguardian.com/world/2002/may/08/books.booksnews; https://www.penguin.co.uk/penguin-classics/classics-list; https://academic.oup.com/products-for-institutions/pages/purchase-oxford-worlds-classics; https://sites.prh.com/modern-library-top-100
CANON-107,幻灭,Lost Illusions,奥诺雷·德·巴尔扎克,Honoré de Balzac,法国,法语,1837—1843,19世纪,长篇小说,文学;媒体;金钱,Major,高,高,中,巴尔扎克社会小说的重要高峰,国家或时期核心正典；经典丛书与文学史长期稳定；跨文化影响较强,2,未标记,https://www.theguardian.com/world/2002/may/08/books.booksnews; https://www.penguin.co.uk/penguin-classics/classics-list; https://academic.oup.com/products-for-institutions/pages/purchase-oxford-worlds-classics; https://sites.prh.com/modern-library-top-100
CANON-108,三个火枪手,The Three Musketeers,大仲马,Alexandre Dumas,法国,法语,1844,19世纪,历史冒险小说,剑客;友情;冒险,Core,中-高,高,高,世界大众文学与历史冒险小说经典,跨文化正典共识；世界文学史长期稳定；跨国作家/经典丛书/学术教学多源交叉,1,未标记,https://www.theguardian.com/world/2002/may/08/books.booksnews; https://www.penguin.co.uk/penguin-classics/classics-list; https://academic.oup.com/products-for-institutions/pages/purchase-oxford-worlds-classics; https://sites.prh.com/modern-library-top-100
CANON-109,基督山伯爵,The Count of Monte Cristo,大仲马,Alexandre Dumas,法国,法语,1844—1846,19世纪,历史冒险小说,复仇;冒险;身份,Core,中-高,高,高,世界最具持久生命力的大众经典之一,跨文化正典共识；世界文学史长期稳定；跨国作家/经典丛书/学术教学多源交叉,1,未标记,https://www.theguardian.com/world/2002/may/08/books.booksnews; https://www.penguin.co.uk/penguin-classics/classics-list; https://academic.oup.com/products-for-institutions/pages/purchase-oxford-worlds-classics; https://sites.prh.com/modern-library-top-100
CANON-110,悲惨世界,Les Misérables,维克多·雨果,Victor Hugo,法国,法语,1862,19世纪,长篇小说,社会;救赎;革命,Core,高,高,高,法国文学与世界大众经典核心作品,跨文化正典共识；世界文学史长期稳定；跨国作家/经典丛书/学术教学多源交叉,1,未标记,https://www.theguardian.com/world/2002/may/08/books.booksnews; https://www.penguin.co.uk/penguin-classics/classics-list; https://academic.oup.com/products-for-institutions/pages/purchase-oxford-worlds-classics; https://sites.prh.com/modern-library-top-100
CANON-111,包法利夫人,Madame Bovary,居斯塔夫·福楼拜,Gustave Flaubert,法国,法语,1857,19世纪,长篇小说,婚姻;欲望;现实主义,Core,高,高,高,现代小说艺术的关键转折点,跨文化正典共识；世界文学史长期稳定；跨国作家/经典丛书/学术教学多源交叉,1,未标记,https://www.theguardian.com/world/2002/may/08/books.booksnews; https://www.penguin.co.uk/penguin-classics/classics-list; https://academic.oup.com/products-for-institutions/pages/purchase-oxford-worlds-classics; https://sites.prh.com/modern-library-top-100
CANON-112,情感教育,Sentimental Education,居斯塔夫·福楼拜,Gustave Flaubert,法国,法语,1869,19世纪,长篇小说,青年;政治;幻灭,Major,高,高,中,现代主义小说的重要先驱,国家或时期核心正典；经典丛书与文学史长期稳定；跨文化影响较强,2,未标记,https://www.theguardian.com/world/2002/may/08/books.booksnews; https://www.penguin.co.uk/penguin-classics/classics-list; https://academic.oup.com/products-for-institutions/pages/purchase-oxford-worlds-classics; https://sites.prh.com/modern-library-top-100
CANON-113,萌芽,Germinal,埃米尔·左拉,Émile Zola,法国,法语,1885,19世纪,长篇小说,工人;阶级;自然主义,Core,高,高,高,自然主义文学与工人书写核心经典,跨文化正典共识；世界文学史长期稳定；跨国作家/经典丛书/学术教学多源交叉,1,未标记,https://www.theguardian.com/world/2002/may/08/books.booksnews; https://www.penguin.co.uk/penguin-classics/classics-list; https://academic.oup.com/products-for-institutions/pages/purchase-oxford-worlds-classics; https://sites.prh.com/modern-library-top-100
CANON-114,漂亮朋友,Bel-Ami,居伊·德·莫泊桑,Guy de Maupassant,法国,法语,1885,19世纪,长篇小说,野心;媒体;社会,Extended,中-高,高,高,法国社会讽刺与现实主义大众经典,区域/类型/时期经典地位稳定；用于扩展世界文学版图，不等同于跨文化核心正典,3,未标记,https://www.theguardian.com/world/2002/may/08/books.booksnews; https://www.penguin.co.uk/penguin-classics/classics-list; https://academic.oup.com/products-for-institutions/pages/purchase-oxford-worlds-classics; https://sites.prh.com/modern-library-top-100
CANON-115,欧仁·奥涅金,Eugene Onegin,亚历山大·普希金,Alexander Pushkin,俄国,俄语,1833,19世纪,诗体小说,爱情;青年;社会,Core,高,高,高,俄语文学核心奠基文本,跨文化正典共识；世界文学史长期稳定；跨国作家/经典丛书/学术教学多源交叉,1,未标记,https://www.theguardian.com/world/2002/may/08/books.booksnews; https://www.penguin.co.uk/penguin-classics/classics-list; https://academic.oup.com/products-for-institutions/pages/purchase-oxford-worlds-classics; https://sites.prh.com/modern-library-top-100
CANON-116,死魂灵,Dead Souls,尼古拉·果戈理,Nikolai Gogol,俄国,俄语,1842,19世纪,长篇小说,讽刺;官僚;社会,Core,高,高,高,俄国现实主义与讽刺传统核心作品,跨文化正典共识；世界文学史长期稳定；跨国作家/经典丛书/学术教学多源交叉,1,未标记,https://www.theguardian.com/world/2002/may/08/books.booksnews; https://www.penguin.co.uk/penguin-classics/classics-list; https://academic.oup.com/products-for-institutions/pages/purchase-oxford-worlds-classics; https://sites.prh.com/modern-library-top-100
CANON-117,父与子,Fathers and Sons,伊凡·屠格涅夫,Ivan Turgenev,俄国,俄语,1862,19世纪,长篇小说,代际;虚无主义;社会,Core,高,高,高,俄国19世纪思想小说代表,跨文化正典共识；世界文学史长期稳定；跨国作家/经典丛书/学术教学多源交叉,1,未标记,https://www.theguardian.com/world/2002/may/08/books.booksnews; https://www.penguin.co.uk/penguin-classics/classics-list; https://academic.oup.com/products-for-institutions/pages/purchase-oxford-worlds-classics; https://sites.prh.com/modern-library-top-100
CANON-118,罪与罚,Crime and Punishment,陀思妥耶夫斯基,Fyodor Dostoevsky,俄国,俄语,1866,19世纪,长篇小说,罪;救赎;心理,Core,高,高,高,世界心理小说与思想小说核心正典,跨文化正典共识；世界文学史长期稳定；跨国作家/经典丛书/学术教学多源交叉,1,未标记,https://www.theguardian.com/world/2002/may/08/books.booksnews; https://www.penguin.co.uk/penguin-classics/classics-list; https://academic.oup.com/products-for-institutions/pages/purchase-oxford-worlds-classics; https://sites.prh.com/modern-library-top-100
CANON-119,白痴,The Idiot,陀思妥耶夫斯基,Fyodor Dostoevsky,俄国,俄语,1869,19世纪,长篇小说,善;社会;悲剧,Major,高,高,中,陀思妥耶夫斯基成熟期代表作,国家或时期核心正典；经典丛书与文学史长期稳定；跨文化影响较强,2,未标记,https://www.theguardian.com/world/2002/may/08/books.booksnews; https://www.penguin.co.uk/penguin-classics/classics-list; https://academic.oup.com/products-for-institutions/pages/purchase-oxford-worlds-classics; https://sites.prh.com/modern-library-top-100
CANON-120,群魔,Demons,陀思妥耶夫斯基,Fyodor Dostoevsky,俄国,俄语,1872,19世纪,长篇小说,政治;虚无;极端主义,Major,高,高,中,政治思想小说的重要经典,国家或时期核心正典；经典丛书与文学史长期稳定；跨文化影响较强,2,未标记,https://www.theguardian.com/world/2002/may/08/books.booksnews; https://www.penguin.co.uk/penguin-classics/classics-list; https://academic.oup.com/products-for-institutions/pages/purchase-oxford-worlds-classics; https://sites.prh.com/modern-library-top-100
CANON-121,卡拉马佐夫兄弟,The Brothers Karamazov,陀思妥耶夫斯基,Fyodor Dostoevsky,俄国,俄语,1880,19世纪,长篇小说,家庭;信仰;伦理,Core,高,高,高,世界思想小说最核心的作品之一,跨文化正典共识；世界文学史长期稳定；跨国作家/经典丛书/学术教学多源交叉,1,未标记,https://www.theguardian.com/world/2002/may/08/books.booksnews; https://www.penguin.co.uk/penguin-classics/classics-list; https://academic.oup.com/products-for-institutions/pages/purchase-oxford-worlds-classics; https://sites.prh.com/modern-library-top-100
CANON-122,战争与和平,War and Peace,列夫·托尔斯泰,Leo Tolstoy,俄国,俄语,1865—1869,19世纪,长篇小说,战争;历史;家庭,Core,高,高,高,世界现实主义长篇小说最高正典之一,跨文化正典共识；世界文学史长期稳定；跨国作家/经典丛书/学术教学多源交叉,1,未标记,https://www.theguardian.com/world/2002/may/08/books.booksnews; https://www.penguin.co.uk/penguin-classics/classics-list; https://academic.oup.com/products-for-institutions/pages/purchase-oxford-worlds-classics; https://sites.prh.com/modern-library-top-100
CANON-123,安娜·卡列尼娜,Anna Karenina,列夫·托尔斯泰,Leo Tolstoy,俄国,俄语,1878,19世纪,长篇小说,婚姻;爱情;社会,Core,高,高,高,世界小说史最稳定的核心经典之一,跨文化正典共识；世界文学史长期稳定；跨国作家/经典丛书/学术教学多源交叉,1,未标记,https://www.theguardian.com/world/2002/may/08/books.booksnews; https://www.penguin.co.uk/penguin-classics/classics-list; https://academic.oup.com/products-for-institutions/pages/purchase-oxford-worlds-classics; https://sites.prh.com/modern-library-top-100
CANON-124,伊凡·伊里奇之死,The Death of Ivan Ilyich,列夫·托尔斯泰,Leo Tolstoy,俄国,俄语,1886,19世纪,中篇小说,死亡;生活;觉醒,Major,高,高,中,死亡主题的世界文学经典,国家或时期核心正典；经典丛书与文学史长期稳定；跨文化影响较强,2,未标记,https://www.theguardian.com/world/2002/may/08/books.booksnews; https://www.penguin.co.uk/penguin-classics/classics-list; https://academic.oup.com/products-for-institutions/pages/purchase-oxford-worlds-classics; https://sites.prh.com/modern-library-top-100
CANON-125,契诃夫短篇小说选,Selected Stories,安东·契诃夫,Anton Chekhov,俄国,俄语,1880—1900年代,19世纪,短篇小说集,日常;人性;现代性,Core,高,高,高,现代短篇小说最重要的范本之一,跨文化正典共识；世界文学史长期稳定；跨国作家/经典丛书/学术教学多源交叉,1,未标记,https://www.theguardian.com/world/2002/may/08/books.booksnews; https://www.penguin.co.uk/penguin-classics/classics-list; https://academic.oup.com/products-for-institutions/pages/purchase-oxford-worlds-classics; https://sites.prh.com/modern-library-top-100
CANON-126,饥饿,Hunger,克努特·汉姆生,Knut Hamsun,挪威,挪威语,1890,19世纪,长篇小说,心理;贫困;现代性,Extended,高,高,中,现代主义心理小说的重要先驱,区域/类型/时期经典地位稳定；用于扩展世界文学版图，不等同于跨文化核心正典,3,未标记,https://www.theguardian.com/world/2002/may/08/books.booksnews; https://www.penguin.co.uk/penguin-classics/classics-list; https://academic.oup.com/products-for-institutions/pages/purchase-oxford-worlds-classics; https://sites.prh.com/modern-library-top-100
CANON-127,玩偶之家,A Doll's House,亨利克·易卜生,Henrik Ibsen,挪威,挪威语,1879,19世纪,戏剧,婚姻;女性;现代社会,Core,高,高,高,现代戏剧与女性议题的核心经典,跨文化正典共识；世界文学史长期稳定；跨国作家/经典丛书/学术教学多源交叉,1,未标记,https://www.theguardian.com/world/2002/may/08/books.booksnews; https://www.penguin.co.uk/penguin-classics/classics-list; https://academic.oup.com/products-for-institutions/pages/purchase-oxford-worlds-classics; https://sites.prh.com/modern-library-top-100
CANON-128,安徒生童话,Fairy Tales,汉斯·克里斯蒂安·安徒生,Hans Christian Andersen,丹麦,丹麦语,1835起,19世纪,童话集,童话;成长;人性,Core,中-高,高,高,世界儿童文学最核心的经典之一,跨文化正典共识；世界文学史长期稳定；跨国作家/经典丛书/学术教学多源交叉,1,未标记,https://www.theguardian.com/world/2002/may/08/books.booksnews; https://www.penguin.co.uk/penguin-classics/classics-list; https://academic.oup.com/products-for-institutions/pages/purchase-oxford-worlds-classics; https://sites.prh.com/modern-library-top-100
CANON-129,莫比·迪克,Moby-Dick,赫尔曼·梅尔维尔,Herman Melville,美国,英语,1851,19世纪,长篇小说,海洋;执念;象征,Core,高,高,高,美国文学最核心的小说之一,跨文化正典共识；世界文学史长期稳定；跨国作家/经典丛书/学术教学多源交叉,1,未标记,https://www.theguardian.com/world/2002/may/08/books.booksnews; https://www.penguin.co.uk/penguin-classics/classics-list; https://academic.oup.com/products-for-institutions/pages/purchase-oxford-worlds-classics; https://sites.prh.com/modern-library-top-100
CANON-130,红字,The Scarlet Letter,纳撒尼尔·霍桑,Nathaniel Hawthorne,美国,英语,1850,19世纪,长篇小说,罪;清教;社会,Major,高,高,中,美国浪漫主义与道德小说经典,国家或时期核心正典；经典丛书与文学史长期稳定；跨文化影响较强,2,未标记,https://www.theguardian.com/world/2002/may/08/books.booksnews; https://www.penguin.co.uk/penguin-classics/classics-list; https://academic.oup.com/products-for-institutions/pages/purchase-oxford-worlds-classics; https://sites.prh.com/modern-library-top-100
CANON-131,哈克贝利·费恩历险记,Adventures of Huckleberry Finn,马克·吐温,Mark Twain,美国,英语,1884,19世纪,长篇小说,成长;种族;冒险,Core,高,高,高,美国小说与成长文学核心经典,跨文化正典共识；世界文学史长期稳定；跨国作家/经典丛书/学术教学多源交叉,1,未标记,https://www.theguardian.com/world/2002/may/08/books.booksnews; https://www.penguin.co.uk/penguin-classics/classics-list; https://academic.oup.com/products-for-institutions/pages/purchase-oxford-worlds-classics; https://sites.prh.com/modern-library-top-100
CANON-132,小妇人,Little Women,路易莎·梅·奥尔科特,Louisa May Alcott,美国,英语,1868—1869,19世纪,长篇小说,成长;家庭;女性,Core,中-高,高,高,全球最持久的家庭成长经典之一,跨文化正典共识；世界文学史长期稳定；跨国作家/经典丛书/学术教学多源交叉,1,未标记,https://www.theguardian.com/world/2002/may/08/books.booksnews; https://www.penguin.co.uk/penguin-classics/classics-list; https://academic.oup.com/products-for-institutions/pages/purchase-oxford-worlds-classics; https://sites.prh.com/modern-library-top-100
CANON-133,一位女士的画像,The Portrait of a Lady,亨利·詹姆斯,Henry James,美国/英国,英语,1881,19世纪,长篇小说,女性;自由;心理,Major,高,高,中,英语心理现实主义的核心作品,国家或时期核心正典；经典丛书与文学史长期稳定；跨文化影响较强,2,未标记,https://www.theguardian.com/world/2002/may/08/books.booksnews; https://www.penguin.co.uk/penguin-classics/classics-list; https://academic.oup.com/products-for-institutions/pages/purchase-oxford-worlds-classics; https://sites.prh.com/modern-library-top-100
CANON-134,觉醒,The Awakening,凯特·肖邦,Kate Chopin,美国,英语,1899,19世纪,长篇小说,女性;婚姻;自由,Extended,高,高,中,美国女性文学正典的重要作品,区域/类型/时期经典地位稳定；用于扩展世界文学版图，不等同于跨文化核心正典,3,未标记,https://www.theguardian.com/world/2002/may/08/books.booksnews; https://www.penguin.co.uk/penguin-classics/classics-list; https://academic.oup.com/products-for-institutions/pages/purchase-oxford-worlds-classics; https://sites.prh.com/modern-library-top-100
CANON-135,追忆似水年华,In Search of Lost Time,马塞尔·普鲁斯特,Marcel Proust,法国,法语,1913—1927,现代主义,长篇小说系列,记忆;时间;社会,Core,高,高,中,现代主义小说最核心的巨著之一,跨文化正典共识；世界文学史长期稳定；跨国作家/经典丛书/学术教学多源交叉,1,未标记,https://www.theguardian.com/world/2002/may/08/books.booksnews; https://www.penguin.co.uk/penguin-classics/classics-list; https://academic.oup.com/products-for-institutions/pages/purchase-oxford-worlds-classics; https://sites.prh.com/modern-library-top-100
CANON-136,尤利西斯,Ulysses,詹姆斯·乔伊斯,James Joyce,爱尔兰,英语,1922,现代主义,长篇小说,意识流;城市;日常,Core,高,高,中,20世纪小说形式革命的标志性作品,跨文化正典共识；世界文学史长期稳定；跨国作家/经典丛书/学术教学多源交叉,1,未标记,https://www.theguardian.com/world/2002/may/08/books.booksnews; https://www.penguin.co.uk/penguin-classics/classics-list; https://academic.oup.com/products-for-institutions/pages/purchase-oxford-worlds-classics; https://sites.prh.com/modern-library-top-100
CANON-137,都柏林人,Dubliners,詹姆斯·乔伊斯,James Joyce,爱尔兰,英语,1914,现代主义,短篇小说集,城市;瘫痪;顿悟,Core,高,高,中,现代短篇小说与城市书写经典,跨文化正典共识；世界文学史长期稳定；跨国作家/经典丛书/学术教学多源交叉,1,未标记,https://www.theguardian.com/world/2002/may/08/books.booksnews; https://www.penguin.co.uk/penguin-classics/classics-list; https://academic.oup.com/products-for-institutions/pages/purchase-oxford-worlds-classics; https://sites.prh.com/modern-library-top-100
CANON-138,到灯塔去,To the Lighthouse,弗吉尼亚·伍尔夫,Virginia Woolf,英国,英语,1927,现代主义,长篇小说,意识流;家庭;时间,Core,高,高,中,英语现代主义小说核心经典,跨文化正典共识；世界文学史长期稳定；跨国作家/经典丛书/学术教学多源交叉,1,未标记,https://www.theguardian.com/world/2002/may/08/books.booksnews; https://www.penguin.co.uk/penguin-classics/classics-list; https://academic.oup.com/products-for-institutions/pages/purchase-oxford-worlds-classics; https://sites.prh.com/modern-library-top-100
CANON-139,达洛维夫人,Mrs Dalloway,弗吉尼亚·伍尔夫,Virginia Woolf,英国,英语,1925,现代主义,长篇小说,意识流;城市;创伤,Core,高,高,中,现代主义意识流小说代表,跨文化正典共识；世界文学史长期稳定；跨国作家/经典丛书/学术教学多源交叉,1,未标记,https://www.theguardian.com/world/2002/may/08/books.booksnews; https://www.penguin.co.uk/penguin-classics/classics-list; https://academic.oup.com/products-for-institutions/pages/purchase-oxford-worlds-classics; https://sites.prh.com/modern-library-top-100
CANON-140,儿子与情人,Sons and Lovers,D. H. 劳伦斯,D. H. Lawrence,英国,英语,1913,现代,长篇小说,家庭;欲望;成长,Major,高,高,中,英国20世纪心理与家庭小说经典,国家或时期核心正典；经典丛书与文学史长期稳定；跨文化影响较强,2,未标记,https://www.theguardian.com/world/2002/may/08/books.booksnews; https://www.penguin.co.uk/penguin-classics/classics-list; https://academic.oup.com/products-for-institutions/pages/purchase-oxford-worlds-classics; https://sites.prh.com/modern-library-top-100
CANON-141,印度之行,A Passage to India,E. M. 福斯特,E. M. Forster,英国,英语,1924,现代,长篇小说,殖民;文化冲突;友谊,Core,高,高,中,英国殖民题材小说核心经典,跨文化正典共识；世界文学史长期稳定；跨国作家/经典丛书/学术教学多源交叉,1,未标记,https://www.theguardian.com/world/2002/may/08/books.booksnews; https://www.penguin.co.uk/penguin-classics/classics-list; https://academic.oup.com/products-for-institutions/pages/purchase-oxford-worlds-classics; https://sites.prh.com/modern-library-top-100
CANON-142,1984,Nineteen Eighty-Four,乔治·奥威尔,George Orwell,英国,英语,1949,现代,反乌托邦小说,极权;语言;监控,Core,高,高,高,20世纪政治寓言与反乌托邦最核心的作品之一,跨文化正典共识；世界文学史长期稳定；跨国作家/经典丛书/学术教学多源交叉,1,未标记,https://www.theguardian.com/world/2002/may/08/books.booksnews; https://www.penguin.co.uk/penguin-classics/classics-list; https://academic.oup.com/products-for-institutions/pages/purchase-oxford-worlds-classics; https://sites.prh.com/modern-library-top-100
CANON-143,动物农场,Animal Farm,乔治·奥威尔,George Orwell,英国,英语,1945,现代,寓言小说,政治;革命;权力,Core,高,高,高,现代政治寓言经典,跨文化正典共识；世界文学史长期稳定；跨国作家/经典丛书/学术教学多源交叉,1,未标记,https://www.theguardian.com/world/2002/may/08/books.booksnews; https://www.penguin.co.uk/penguin-classics/classics-list; https://academic.oup.com/products-for-institutions/pages/purchase-oxford-worlds-classics; https://sites.prh.com/modern-library-top-100
CANON-144,美丽新世界,Brave New World,阿道司·赫胥黎,Aldous Huxley,英国,英语,1932,现代,反乌托邦小说,科技;消费;控制,Core,高,高,高,反乌托邦文学三大核心之一,跨文化正典共识；世界文学史长期稳定；跨国作家/经典丛书/学术教学多源交叉,1,未标记,https://www.theguardian.com/world/2002/may/08/books.booksnews; https://www.penguin.co.uk/penguin-classics/classics-list; https://academic.oup.com/products-for-institutions/pages/purchase-oxford-worlds-classics; https://sites.prh.com/modern-library-top-100
CANON-145,蝇王,Lord of the Flies,威廉·戈尔丁,William Golding,英国,英语,1954,战后,长篇小说,文明;暴力;少年,Core,高,高,高,战后寓言小说和教育阅读经典,跨文化正典共识；世界文学史长期稳定；跨国作家/经典丛书/学术教学多源交叉,1,未标记,https://www.theguardian.com/world/2002/may/08/books.booksnews; https://www.penguin.co.uk/penguin-classics/classics-list; https://academic.oup.com/products-for-institutions/pages/purchase-oxford-worlds-classics; https://sites.prh.com/modern-library-top-100
CANON-146,洛丽塔,Lolita,弗拉基米尔·纳博科夫,Vladimir Nabokov,美国/俄裔,英语,1955,战后,长篇小说,欲望;语言;不可靠叙述,Core,高,高,中,20世纪英语小说语言艺术的核心经典,跨文化正典共识；世界文学史长期稳定；跨国作家/经典丛书/学术教学多源交叉,1,未标记,https://www.theguardian.com/world/2002/may/08/books.booksnews; https://www.penguin.co.uk/penguin-classics/classics-list; https://academic.oup.com/products-for-institutions/pages/purchase-oxford-worlds-classics; https://sites.prh.com/modern-library-top-100
CANON-147,审判,The Trial,弗兰茨·卡夫卡,Franz Kafka,中欧/布拉格,德语,1925,现代主义,长篇小说,荒诞;官僚;罪,Core,高,高,高,现代荒诞与异化文学的核心文本,跨文化正典共识；世界文学史长期稳定；跨国作家/经典丛书/学术教学多源交叉,1,未标记,https://www.theguardian.com/world/2002/may/08/books.booksnews; https://www.penguin.co.uk/penguin-classics/classics-list; https://academic.oup.com/products-for-institutions/pages/purchase-oxford-worlds-classics; https://sites.prh.com/modern-library-top-100
CANON-148,变形记（卡夫卡）,The Metamorphosis,弗兰茨·卡夫卡,Franz Kafka,中欧/布拉格,德语,1915,现代主义,中篇小说,异化;家庭;荒诞,Core,高,高,高,20世纪最具普及度的现代主义经典之一,跨文化正典共识；世界文学史长期稳定；跨国作家/经典丛书/学术教学多源交叉,1,未标记,https://www.theguardian.com/world/2002/may/08/books.booksnews; https://www.penguin.co.uk/penguin-classics/classics-list; https://academic.oup.com/products-for-institutions/pages/purchase-oxford-worlds-classics; https://sites.prh.com/modern-library-top-100
CANON-149,城堡,The Castle,弗兰茨·卡夫卡,Franz Kafka,中欧/布拉格,德语,1926,现代主义,长篇小说,官僚;不可达;异化,Major,高,高,中,卡夫卡式现代性的重要文本,国家或时期核心正典；经典丛书与文学史长期稳定；跨文化影响较强,2,未标记,https://www.theguardian.com/world/2002/may/08/books.booksnews; https://www.penguin.co.uk/penguin-classics/classics-list; https://academic.oup.com/products-for-institutions/pages/purchase-oxford-worlds-classics; https://sites.prh.com/modern-library-top-100
CANON-150,布登勃洛克一家,Buddenbrooks,托马斯·曼,Thomas Mann,德国,德语,1901,现代,长篇小说,家族;衰落;市民社会,Core,高,高,中,德语家族小说与现代文学经典,跨文化正典共识；世界文学史长期稳定；跨国作家/经典丛书/学术教学多源交叉,1,未标记,https://www.theguardian.com/world/2002/may/08/books.booksnews; https://www.penguin.co.uk/penguin-classics/classics-list; https://academic.oup.com/products-for-institutions/pages/purchase-oxford-worlds-classics; https://sites.prh.com/modern-library-top-100
CANON-151,魔山,The Magic Mountain,托马斯·曼,Thomas Mann,德国,德语,1924,现代主义,长篇小说,时间;思想;欧洲文明,Core,高,高,中,20世纪欧洲思想小说核心作品,跨文化正典共识；世界文学史长期稳定；跨国作家/经典丛书/学术教学多源交叉,1,未标记,https://www.theguardian.com/world/2002/may/08/books.booksnews; https://www.penguin.co.uk/penguin-classics/classics-list; https://academic.oup.com/products-for-institutions/pages/purchase-oxford-worlds-classics; https://sites.prh.com/modern-library-top-100
CANON-152,铁皮鼓,The Tin Drum,君特·格拉斯,Günter Grass,德国,德语,1959,战后,长篇小说,历史;荒诞;记忆,Core,高,高,中,德国战后文学核心经典,跨文化正典共识；世界文学史长期稳定；跨国作家/经典丛书/学术教学多源交叉,1,未标记,https://www.theguardian.com/world/2002/may/08/books.booksnews; https://www.penguin.co.uk/penguin-classics/classics-list; https://academic.oup.com/products-for-institutions/pages/purchase-oxford-worlds-classics; https://sites.prh.com/modern-library-top-100
CANON-153,柏林亚历山大广场,Berlin Alexanderplatz,阿尔弗雷德·德布林,Alfred Döblin,德国,德语,1929,现代主义,长篇小说,城市;底层;蒙太奇,Major,高,高,低,德语城市现代主义小说代表,国家或时期核心正典；经典丛书与文学史长期稳定；跨文化影响较强,2,未标记,https://www.theguardian.com/world/2002/may/08/books.booksnews; https://www.penguin.co.uk/penguin-classics/classics-list; https://academic.oup.com/products-for-institutions/pages/purchase-oxford-worlds-classics; https://sites.prh.com/modern-library-top-100
CANON-154,没有个性的人,The Man Without Qualities,罗伯特·穆齐尔,Robert Musil,奥地利,德语,1930—1943,现代主义,长篇小说,现代性;思想;帝国,Major,高,高,低,中欧现代主义思想小说巨著,国家或时期核心正典；经典丛书与文学史长期稳定；跨文化影响较强,2,未标记,https://www.theguardian.com/world/2002/may/08/books.booksnews; https://www.penguin.co.uk/penguin-classics/classics-list; https://academic.oup.com/products-for-institutions/pages/purchase-oxford-worlds-classics; https://sites.prh.com/modern-library-top-100
CANON-155,局外人,The Stranger,阿尔贝·加缪,Albert Camus,法国/阿尔及利亚,法语,1942,现代,中篇小说,荒诞;存在;异化,Core,高,高,高,存在主义与荒诞文学最具大众影响的经典之一,跨文化正典共识；世界文学史长期稳定；跨国作家/经典丛书/学术教学多源交叉,1,未标记,https://www.theguardian.com/world/2002/may/08/books.booksnews; https://www.penguin.co.uk/penguin-classics/classics-list; https://academic.oup.com/products-for-institutions/pages/purchase-oxford-worlds-classics; https://sites.prh.com/modern-library-top-100
CANON-156,鼠疫,The Plague,阿尔贝·加缪,Albert Camus,法国/阿尔及利亚,法语,1947,现代,长篇小说,瘟疫;伦理;共同体,Core,高,高,高,战后伦理与存在主义经典,跨文化正典共识；世界文学史长期稳定；跨国作家/经典丛书/学术教学多源交叉,1,未标记,https://www.theguardian.com/world/2002/may/08/books.booksnews; https://www.penguin.co.uk/penguin-classics/classics-list; https://academic.oup.com/products-for-institutions/pages/purchase-oxford-worlds-classics; https://sites.prh.com/modern-library-top-100
CANON-157,恶心,Nausea,让-保罗·萨特,Jean-Paul Sartre,法国,法语,1938,现代,长篇小说,存在;自由;异化,Extended,高,高,中,存在主义小说代表,区域/类型/时期经典地位稳定；用于扩展世界文学版图，不等同于跨文化核心正典,3,未标记,https://www.theguardian.com/world/2002/may/08/books.booksnews; https://www.penguin.co.uk/penguin-classics/classics-list; https://academic.oup.com/products-for-institutions/pages/purchase-oxford-worlds-classics; https://sites.prh.com/modern-library-top-100
CANON-158,等待戈多,Waiting for Godot,萨缪尔·贝克特,Samuel Beckett,爱尔兰/法国,法语,1952,战后,戏剧,荒诞;等待;存在,Core,高,高,高,荒诞派戏剧的核心正典,跨文化正典共识；世界文学史长期稳定；跨国作家/经典丛书/学术教学多源交叉,1,未标记,https://www.theguardian.com/world/2002/may/08/books.booksnews; https://www.penguin.co.uk/penguin-classics/classics-list; https://academic.oup.com/products-for-institutions/pages/purchase-oxford-worlds-classics; https://sites.prh.com/modern-library-top-100
CANON-159,小王子,The Little Prince,安托万·德·圣埃克苏佩里,Antoine de Saint-Exupéry,法国,法语,1943,现代,寓言/儿童文学,成长;孤独;爱,Core,中-高,高,高,全球传播最广的现代寓言经典之一,跨文化正典共识；世界文学史长期稳定；跨国作家/经典丛书/学术教学多源交叉,1,未标记,https://www.theguardian.com/world/2002/may/08/books.booksnews; https://www.penguin.co.uk/penguin-classics/classics-list; https://academic.oup.com/products-for-institutions/pages/purchase-oxford-worlds-classics; https://sites.prh.com/modern-library-top-100
CANON-160,豹,The Leopard,朱塞佩·托马西·迪·兰佩杜萨,Giuseppe Tomasi di Lampedusa,意大利,意大利语,1958,战后,长篇小说,历史;贵族;衰落,Extended,高,高,中,意大利历史小说与战后经典,区域/类型/时期经典地位稳定；用于扩展世界文学版图，不等同于跨文化核心正典,3,未标记,https://www.theguardian.com/world/2002/may/08/books.booksnews; https://www.penguin.co.uk/penguin-classics/classics-list; https://academic.oup.com/products-for-institutions/pages/purchase-oxford-worlds-classics; https://sites.prh.com/modern-library-top-100
CANON-161,大师和玛格丽特,The Master and Margarita,米哈伊尔·布尔加科夫,Mikhail Bulgakov,苏联/俄国,俄语,1966—1967,现代,长篇小说,魔幻;政治;宗教,Core,高,高,高,20世纪俄语文学最具跨文化影响的小说之一,跨文化正典共识；世界文学史长期稳定；跨国作家/经典丛书/学术教学多源交叉,1,未标记,https://www.theguardian.com/world/2002/may/08/books.booksnews; https://www.penguin.co.uk/penguin-classics/classics-list; https://academic.oup.com/products-for-institutions/pages/purchase-oxford-worlds-classics; https://sites.prh.com/modern-library-top-100
CANON-162,日瓦戈医生,Doctor Zhivago,鲍里斯·帕斯捷尔纳克,Boris Pasternak,苏联/俄国,俄语,1957,战后,长篇小说,革命;爱情;历史,Major,高,高,高,俄罗斯革命历史叙事的世界经典,国家或时期核心正典；经典丛书与文学史长期稳定；跨文化影响较强,2,未标记,https://www.theguardian.com/world/2002/may/08/books.booksnews; https://www.penguin.co.uk/penguin-classics/classics-list; https://academic.oup.com/products-for-institutions/pages/purchase-oxford-worlds-classics; https://sites.prh.com/modern-library-top-100
CANON-163,古拉格群岛,The Gulag Archipelago,亚历山大·索尔仁尼琴,Aleksandr Solzhenitsyn,苏联/俄国,俄语,1973,当代,纪实文学,极权;劳改;记忆,Major,高,高,中,20世纪政治与见证文学的重要经典,国家或时期核心正典；经典丛书与文学史长期稳定；跨文化影响较强,2,未标记,https://www.theguardian.com/world/2002/may/08/books.booksnews; https://www.penguin.co.uk/penguin-classics/classics-list; https://academic.oup.com/products-for-institutions/pages/purchase-oxford-worlds-classics; https://sites.prh.com/modern-library-top-100
CANON-164,了不起的盖茨比,The Great Gatsby,F. 斯科特·菲茨杰拉德,F. Scott Fitzgerald,美国,英语,1925,现代,长篇小说,美国梦;阶级;爱情,Core,高,高,高,美国20世纪小说最核心的经典之一,跨文化正典共识；世界文学史长期稳定；跨国作家/经典丛书/学术教学多源交叉,1,未标记,https://www.theguardian.com/world/2002/may/08/books.booksnews; https://www.penguin.co.uk/penguin-classics/classics-list; https://academic.oup.com/products-for-institutions/pages/purchase-oxford-worlds-classics; https://sites.prh.com/modern-library-top-100
CANON-165,喧哗与骚动,The Sound and the Fury,威廉·福克纳,William Faulkner,美国,英语,1929,现代主义,长篇小说,家族;时间;意识流,Core,高,高,中,美国现代主义小说的核心正典,跨文化正典共识；世界文学史长期稳定；跨国作家/经典丛书/学术教学多源交叉,1,未标记,https://www.theguardian.com/world/2002/may/08/books.booksnews; https://www.penguin.co.uk/penguin-classics/classics-list; https://academic.oup.com/products-for-institutions/pages/purchase-oxford-worlds-classics; https://sites.prh.com/modern-library-top-100
CANON-166,我弥留之际,As I Lay Dying,威廉·福克纳,William Faulkner,美国,英语,1930,现代主义,长篇小说,家族;死亡;多视角,Major,高,高,中,现代多声部叙事代表,国家或时期核心正典；经典丛书与文学史长期稳定；跨文化影响较强,2,未标记,https://www.theguardian.com/world/2002/may/08/books.booksnews; https://www.penguin.co.uk/penguin-classics/classics-list; https://academic.oup.com/products-for-institutions/pages/purchase-oxford-worlds-classics; https://sites.prh.com/modern-library-top-100
CANON-167,愤怒的葡萄,The Grapes of Wrath,约翰·斯坦贝克,John Steinbeck,美国,英语,1939,现代,长篇小说,贫困;迁徙;社会,Core,高,高,高,美国社会小说与大萧条叙事核心经典,跨文化正典共识；世界文学史长期稳定；跨国作家/经典丛书/学术教学多源交叉,1,未标记,https://www.theguardian.com/world/2002/may/08/books.booksnews; https://www.penguin.co.uk/penguin-classics/classics-list; https://academic.oup.com/products-for-institutions/pages/purchase-oxford-worlds-classics; https://sites.prh.com/modern-library-top-100
CANON-168,老人与海,The Old Man and the Sea,欧内斯特·海明威,Ernest Hemingway,美国,英语,1952,战后,中篇小说,尊严;自然;失败,Core,高,高,高,海明威最具全球普及度的经典,跨文化正典共识；世界文学史长期稳定；跨国作家/经典丛书/学术教学多源交叉,1,未标记,https://www.theguardian.com/world/2002/may/08/books.booksnews; https://www.penguin.co.uk/penguin-classics/classics-list; https://academic.oup.com/products-for-institutions/pages/purchase-oxford-worlds-classics; https://sites.prh.com/modern-library-top-100
CANON-169,永别了，武器,A Farewell to Arms,欧内斯特·海明威,Ernest Hemingway,美国,英语,1929,现代,长篇小说,战争;爱情;失落,Major,高,高,高,迷惘一代与战争文学经典,国家或时期核心正典；经典丛书与文学史长期稳定；跨文化影响较强,2,未标记,https://www.theguardian.com/world/2002/may/08/books.booksnews; https://www.penguin.co.uk/penguin-classics/classics-list; https://academic.oup.com/products-for-institutions/pages/purchase-oxford-worlds-classics; https://sites.prh.com/modern-library-top-100
CANON-170,麦田里的守望者,The Catcher in the Rye,J. D. 塞林格,J. D. Salinger,美国,英语,1951,战后,长篇小说,青春;异化;成长,Core,中-高,高,高,全球青年成长文学经典,跨文化正典共识；世界文学史长期稳定；跨国作家/经典丛书/学术教学多源交叉,1,未标记,https://www.theguardian.com/world/2002/may/08/books.booksnews; https://www.penguin.co.uk/penguin-classics/classics-list; https://academic.oup.com/products-for-institutions/pages/purchase-oxford-worlds-classics; https://sites.prh.com/modern-library-top-100
CANON-171,杀死一只知更鸟,To Kill a Mockingbird,哈珀·李,Harper Lee,美国,英语,1960,战后,长篇小说,种族;正义;成长,Core,中-高,高,高,美国公民教育与成长小说经典,跨文化正典共识；世界文学史长期稳定；跨国作家/经典丛书/学术教学多源交叉,1,未标记,https://www.theguardian.com/world/2002/may/08/books.booksnews; https://www.penguin.co.uk/penguin-classics/classics-list; https://academic.oup.com/products-for-institutions/pages/purchase-oxford-worlds-classics; https://sites.prh.com/modern-library-top-100
CANON-172,第二十二条军规,Catch-22,约瑟夫·海勒,Joseph Heller,美国,英语,1961,战后,长篇小说,战争;荒诞;官僚,Core,高,高,高,黑色幽默与反战小说经典,跨文化正典共识；世界文学史长期稳定；跨国作家/经典丛书/学术教学多源交叉,1,未标记,https://www.theguardian.com/world/2002/may/08/books.booksnews; https://www.penguin.co.uk/penguin-classics/classics-list; https://academic.oup.com/products-for-institutions/pages/purchase-oxford-worlds-classics; https://sites.prh.com/modern-library-top-100
CANON-173,第五号屠宰场,Slaughterhouse-Five,库尔特·冯内古特,Kurt Vonnegut,美国,英语,1969,战后,长篇小说,战争;科幻;创伤,Core,高,高,高,反战、黑色幽默与科幻融合的现代经典,跨文化正典共识；世界文学史长期稳定；跨国作家/经典丛书/学术教学多源交叉,1,未标记,https://www.theguardian.com/world/2002/may/08/books.booksnews; https://www.penguin.co.uk/penguin-classics/classics-list; https://academic.oup.com/products-for-institutions/pages/purchase-oxford-worlds-classics; https://sites.prh.com/modern-library-top-100
CANON-174,看不见的人,Invisible Man,拉尔夫·埃里森,Ralph Ellison,美国,英语,1952,战后,长篇小说,种族;身份;社会,Core,高,高,中,非裔美国文学核心正典,跨文化正典共识；世界文学史长期稳定；跨国作家/经典丛书/学术教学多源交叉,1,未标记,https://www.theguardian.com/world/2002/may/08/books.booksnews; https://www.penguin.co.uk/penguin-classics/classics-list; https://academic.oup.com/products-for-institutions/pages/purchase-oxford-worlds-classics; https://sites.prh.com/modern-library-top-100
CANON-175,宠儿,Beloved,托妮·莫里森,Toni Morrison,美国,英语,1987,当代,长篇小说,奴隶制;记忆;母女,Core,高,高,中,美国当代文学与奴隶制记忆的核心经典,跨文化正典共识；世界文学史长期稳定；跨国作家/经典丛书/学术教学多源交叉,1,未标记,https://www.theguardian.com/world/2002/may/08/books.booksnews; https://www.penguin.co.uk/penguin-classics/classics-list; https://academic.oup.com/products-for-institutions/pages/purchase-oxford-worlds-classics; https://sites.prh.com/modern-library-top-100
CANON-176,紫色,The Color Purple,艾丽斯·沃克,Alice Walker,美国,英语,1982,当代,长篇小说,女性;种族;创伤,Major,高,高,中,非裔女性文学的重要经典,国家或时期核心正典；经典丛书与文学史长期稳定；跨文化影响较强,2,未标记,https://www.theguardian.com/world/2002/may/08/books.booksnews; https://www.penguin.co.uk/penguin-classics/classics-list; https://academic.oup.com/products-for-institutions/pages/purchase-oxford-worlds-classics; https://sites.prh.com/modern-library-top-100
CANON-177,在路上,On the Road,杰克·凯鲁亚克,Jack Kerouac,美国,英语,1957,战后,长篇小说,旅行;青年;反文化,Major,中-高,高,高,垮掉的一代与公路文化经典,国家或时期核心正典；经典丛书与文学史长期稳定；跨文化影响较强,2,未标记,https://www.theguardian.com/world/2002/may/08/books.booksnews; https://www.penguin.co.uk/penguin-classics/classics-list; https://academic.oup.com/products-for-institutions/pages/purchase-oxford-worlds-classics; https://sites.prh.com/modern-library-top-100
CANON-178,百年孤独,One Hundred Years of Solitude,加西亚·马尔克斯,Gabriel García Márquez,哥伦比亚,西班牙语,1967,拉美爆炸,长篇小说,家族;历史;魔幻现实,Core,高,高,高,拉美文学与魔幻现实主义的世界核心经典,跨文化正典共识；世界文学史长期稳定；跨国作家/经典丛书/学术教学多源交叉,1,未标记,https://www.theguardian.com/world/2002/may/08/books.booksnews; https://www.penguin.co.uk/penguin-classics/classics-list; https://academic.oup.com/products-for-institutions/pages/purchase-oxford-worlds-classics; https://sites.prh.com/modern-library-top-100
CANON-179,霍乱时期的爱情,Love in the Time of Cholera,加西亚·马尔克斯,Gabriel García Márquez,哥伦比亚,西班牙语,1985,当代,长篇小说,爱情;时间;衰老,Major,中-高,高,高,拉美当代爱情小说的世界经典,国家或时期核心正典；经典丛书与文学史长期稳定；跨文化影响较强,2,未标记,https://www.theguardian.com/world/2002/may/08/books.booksnews; https://www.penguin.co.uk/penguin-classics/classics-list; https://academic.oup.com/products-for-institutions/pages/purchase-oxford-worlds-classics; https://sites.prh.com/modern-library-top-100
CANON-180,佩德罗·巴拉莫,Pedro Páramo,胡安·鲁尔福,Juan Rulfo,墨西哥,西班牙语,1955,现代,中篇小说,死亡;乡土;魔幻,Core,高,高,中,拉美爆炸文学的重要先驱,跨文化正典共识；世界文学史长期稳定；跨国作家/经典丛书/学术教学多源交叉,1,未标记,https://www.theguardian.com/world/2002/may/08/books.booksnews; https://www.penguin.co.uk/penguin-classics/classics-list; https://academic.oup.com/products-for-institutions/pages/purchase-oxford-worlds-classics; https://sites.prh.com/modern-library-top-100
CANON-181,虚构集,Ficciones,豪尔赫·路易斯·博尔赫斯,Jorge Luis Borges,阿根廷,西班牙语,1944,现代,短篇小说集,迷宫;时间;元小说,Core,高,高,中,20世纪短篇与观念小说的核心正典,跨文化正典共识；世界文学史长期稳定；跨国作家/经典丛书/学术教学多源交叉,1,未标记,https://www.theguardian.com/world/2002/may/08/books.booksnews; https://www.penguin.co.uk/penguin-classics/classics-list; https://academic.oup.com/products-for-institutions/pages/purchase-oxford-worlds-classics; https://sites.prh.com/modern-library-top-100
CANON-182,跳房子,Hopscotch,胡利奥·科塔萨尔,Julio Cortázar,阿根廷,西班牙语,1963,拉美爆炸,长篇小说,实验;城市;爱情,Major,高,高,低,拉美实验小说的标志性作品,国家或时期核心正典；经典丛书与文学史长期稳定；跨文化影响较强,2,未标记,https://www.theguardian.com/world/2002/may/08/books.booksnews; https://www.penguin.co.uk/penguin-classics/classics-list; https://academic.oup.com/products-for-institutions/pages/purchase-oxford-worlds-classics; https://sites.prh.com/modern-library-top-100
CANON-183,阿尔特米奥·克罗斯之死,The Death of Artemio Cruz,卡洛斯·富恩特斯,Carlos Fuentes,墨西哥,西班牙语,1962,拉美爆炸,长篇小说,革命;权力;记忆,Extended,高,高,低,墨西哥现代小说与拉美爆炸代表,区域/类型/时期经典地位稳定；用于扩展世界文学版图，不等同于跨文化核心正典,3,未标记,https://www.theguardian.com/world/2002/may/08/books.booksnews; https://www.penguin.co.uk/penguin-classics/classics-list; https://academic.oup.com/products-for-institutions/pages/purchase-oxford-worlds-classics; https://sites.prh.com/modern-library-top-100
CANON-184,酒吧长谈,Conversation in the Cathedral,马里奥·巴尔加斯·略萨,Mario Vargas Llosa,秘鲁,西班牙语,1969,拉美爆炸,长篇小说,政治;社会;腐败,Extended,高,高,低,拉美政治小说的重要高峰,区域/类型/时期经典地位稳定；用于扩展世界文学版图，不等同于跨文化核心正典,3,未标记,https://www.theguardian.com/world/2002/may/08/books.booksnews; https://www.penguin.co.uk/penguin-classics/classics-list; https://academic.oup.com/products-for-institutions/pages/purchase-oxford-worlds-classics; https://sites.prh.com/modern-library-top-100
CANON-185,失明症漫记,Blindness,若泽·萨拉马戈,José Saramago,葡萄牙,葡萄牙语,1995,当代,长篇小说,寓言;文明;伦理,Core,高,高,中,20世纪末欧洲寓言小说的世界经典,跨文化正典共识；世界文学史长期稳定；跨国作家/经典丛书/学术教学多源交叉,1,未标记,https://www.theguardian.com/world/2002/may/08/books.booksnews; https://www.penguin.co.uk/penguin-classics/classics-list; https://academic.oup.com/products-for-institutions/pages/purchase-oxford-worlds-classics; https://sites.prh.com/modern-library-top-100
CANON-186,惶然录,The Book of Disquiet,费尔南多·佩索阿,Fernando Pessoa,葡萄牙,葡萄牙语,1982（遗稿）,现代主义,散文/片段体,自我;城市;存在,Major,高,高,低,葡语现代主义核心文本,国家或时期核心正典；经典丛书与文学史长期稳定；跨文化影响较强,2,未标记,https://www.theguardian.com/world/2002/may/08/books.booksnews; https://www.penguin.co.uk/penguin-classics/classics-list; https://academic.oup.com/products-for-institutions/pages/purchase-oxford-worlds-classics; https://sites.prh.com/modern-library-top-100
CANON-187,希腊人佐巴,Zorba the Greek,尼科斯·卡赞扎基斯,Nikos Kazantzakis,希腊,希腊语,1946,现代,长篇小说,生命;自由;友谊,Major,中-高,高,中,现代希腊文学国际传播代表,国家或时期核心正典；经典丛书与文学史长期稳定；跨文化影响较强,2,未标记,https://www.theguardian.com/world/2002/may/08/books.booksnews; https://www.penguin.co.uk/penguin-classics/classics-list; https://academic.oup.com/products-for-institutions/pages/purchase-oxford-worlds-classics; https://sites.prh.com/modern-library-top-100
CANON-188,瓦解,Things Fall Apart,钦努阿·阿契贝,Chinua Achebe,尼日利亚,英语,1958,后殖民,长篇小说,殖民;传统;社会,Core,高,高,高,现代非洲文学与后殖民正典核心,跨文化正典共识；世界文学史长期稳定；跨国作家/经典丛书/学术教学多源交叉,1,未标记,https://www.theguardian.com/world/2002/may/08/books.booksnews; https://www.penguin.co.uk/penguin-classics/classics-list; https://academic.oup.com/products-for-institutions/pages/purchase-oxford-worlds-classics; https://sites.prh.com/modern-library-top-100
CANON-189,一粒麦种,A Grain of Wheat,恩古吉·瓦·提安哥,Ngũgĩ wa Thiong'o,肯尼亚,英语,1967,后殖民,长篇小说,独立;背叛;共同体,Major,高,高,低,东非后殖民文学核心作品,国家或时期核心正典；经典丛书与文学史长期稳定；跨文化影响较强,2,未标记,https://www.theguardian.com/world/2002/may/08/books.booksnews; https://www.penguin.co.uk/penguin-classics/classics-list; https://academic.oup.com/products-for-institutions/pages/purchase-oxford-worlds-classics; https://sites.prh.com/modern-library-top-100
CANON-190,移居北方的时节,Season of Migration to the North,塔伊卜·萨利赫,Tayeb Salih,苏丹,阿拉伯语,1966,后殖民,长篇小说,殖民;身份;欲望,Core,高,高,中,阿拉伯语后殖民文学核心经典；大陆已有正式中译本；亦见旧译《移居北方的时期》,跨文化正典共识；世界文学史长期稳定；跨国作家/经典丛书/学术教学多源交叉,1,未标记,https://www.theguardian.com/world/2002/may/08/books.booksnews; https://www.penguin.co.uk/penguin-classics/classics-list; https://academic.oup.com/products-for-institutions/pages/purchase-oxford-worlds-classics; https://sites.prh.com/modern-library-top-100; https://clc.shisu.edu.cn/CN/Y2020/V0/I4/167
CANON-191,开罗三部曲,The Cairo Trilogy,纳吉布·马哈福兹,Naguib Mahfouz,埃及,阿拉伯语,1956—1957,现代,长篇小说三部曲,家族;城市;现代化,Core,高,高,低,现代阿拉伯小说最重要的家族史诗之一,跨文化正典共识；世界文学史长期稳定；跨国作家/经典丛书/学术教学多源交叉,1,未标记,https://www.theguardian.com/world/2002/may/08/books.booksnews; https://www.penguin.co.uk/penguin-classics/classics-list; https://academic.oup.com/products-for-institutions/pages/purchase-oxford-worlds-classics; https://sites.prh.com/modern-library-top-100
CANON-192,上帝的木片（直译名）,God's Bits of Wood,奥斯曼·森贝内,Ousmane Sembène,塞内加尔,法语,1960,后殖民,长篇小说,劳工;殖民;集体行动,Extended,高,中,低,西非反殖民与劳工文学经典；中文译名流通不统一，数据库以英文原名作为稳定检索键,区域/类型/时期经典地位稳定；用于扩展世界文学版图，不等同于跨文化核心正典,3,未标记,https://www.theguardian.com/world/2002/may/08/books.booksnews; https://www.penguin.co.uk/penguin-classics/classics-list; https://academic.oup.com/products-for-institutions/pages/purchase-oxford-worlds-classics; https://sites.prh.com/modern-library-top-100
CANON-193,如此漫长的信（直译名）,So Long a Letter,玛丽亚玛·巴,Mariama Bâ,塞内加尔,法语,1979,后殖民,书信体小说,女性;婚姻;现代化,Extended,高,中,低,非洲女性文学经典；中文译名流通不统一，数据库以法文/英文原名作为稳定检索键,区域/类型/时期经典地位稳定；用于扩展世界文学版图，不等同于跨文化核心正典,3,未标记,https://www.theguardian.com/world/2002/may/08/books.booksnews; https://www.penguin.co.uk/penguin-classics/classics-list; https://academic.oup.com/products-for-institutions/pages/purchase-oxford-worlds-classics; https://sites.prh.com/modern-library-top-100
CANON-194,黑暗的心,Heart of Darkness,约瑟夫·康拉德,Joseph Conrad,英国/波兰裔,英语,1899,现代前夜,中篇小说,殖民;黑暗;帝国,Core,高,高,高,帝国与殖民书写的核心争议经典,跨文化正典共识；世界文学史长期稳定；跨国作家/经典丛书/学术教学多源交叉,1,未标记,https://www.theguardian.com/world/2002/may/08/books.booksnews; https://www.penguin.co.uk/penguin-classics/classics-list; https://academic.oup.com/products-for-institutions/pages/purchase-oxford-worlds-classics; https://sites.prh.com/modern-library-top-100
CANON-195,饥饿的路,The Famished Road,本·奥克瑞,Ben Okri,尼日利亚,英语,1991,当代,长篇小说,灵性;政治;魔幻,Extended,中-高,高,低,非洲魔幻现实主义的重要作品；已有中文译本；繁体版亦见《飢餓之路》,区域/类型/时期经典地位稳定；用于扩展世界文学版图，不等同于跨文化核心正典,3,未标记,https://www.theguardian.com/world/2002/may/08/books.booksnews; https://www.penguin.co.uk/penguin-classics/classics-list; https://academic.oup.com/products-for-institutions/pages/purchase-oxford-worlds-classics; https://sites.prh.com/modern-library-top-100; https://wyb.chinawriter.com.cn/attachment/202306/30/e95ce0c3-d8d2-47a9-ab2f-1e10acd200fc.pdf
